code,reference_scope,tvdb_date,youtube_date,tvdb_title,youtube_title,title_exact,title_status,youtube_id,youtube_duration,youtube_duration_seconds,tvdb_runtime_minutes,expected_runtime_minutes,runtime_exact,season_flag,image_status,tvdb_artwork,own_thumbnail_phash_distance,wrong_match_youtube_id,youtube_url
S2026E59,AFTER_REFERENCE,2026-10-01,,On réfléchit avec vous sur les nouvelles vidéos (il y aura un test de robinets voilà),On réfléchit avec vous sur les nouvelles vidéos (il y aura un test de robinets voilà),True,OK,1cl3-uhXvME,54:32,3272,55,55,True,,MISSING_IMAGE,,,,https://www.youtube.com/watch?v=1cl3-uhXvME
S2026E58,AFTER_REFERENCE,2026-09-29,,Vous avez 36h pour nous trouver à partir de vendredi (36 000€ à la clé),Vous avez 36h pour nous trouver à partir de vendredi (36 000€ à la clé),True,OK,VZYQJ1Taw7k,11:01,661,11,11,True,,MISSING_IMAGE,,,,https://www.youtube.com/watch?v=VZYQJ1Taw7k
S2026E57,AFTER_REFERENCE,2026-09-22,,Tierlist des lettres de l’alphabet (désolé à tous les H qui nous regardent),Tierlist des lettres de l’alphabet (désolé à tous les H qui nous regardent),True,OK,8BhWoVSBtwc,56:25,3385,56,56,True,,MISSING_IMAGE,,,,https://www.youtube.com/watch?v=8BhWoVSBtwc
S2026E56,AFTER_REFERENCE,2026-09-17,,Janco nous parle du projet « Un Commun Accord » que l’on soutient,Janco nous parle du projet « Un Commun Accord » que l’on soutient,True,OK,rJINZv9n9F0,30:21,1821,30,30,True,,MISSING_IMAGE,,,,https://www.youtube.com/watch?v=rJINZv9n9F0
S2026E55,AFTER_REFERENCE,2026-09-15,,"Le Zevent c’était fou (coulisses, meilleurs moments, trop d’émotion)","Le Zevent c’était fou (coulisses, meilleurs moments, trop d’émotion)",True,OK,YqWzuXN9eSI,1:54:29,6869,114,114,True,,MISSING_IMAGE,,,,https://www.youtube.com/watch?v=YqWzuXN9eSI
S2026E54,AFTER_REFERENCE,2026-09-10,,On fait une chanson avec Artus devant 40.000 personnes (vloginho à la Défense Arena),On fait une chanson avec Artus devant 40.000 personnes (vloginho à la Défense Arena),True,OK,x9e8hggcGhM,29:19,1759,29,29,True,,MISSING_IMAGE,,,,https://www.youtube.com/watch?v=x9e8hggcGhM
S2026E53,IN_SCOPE,2026-09-08,,On ouvre des cartes One Piece et Mastu garde tous les hits pour lui,On ouvre des cartes One Piece et Mastu garde tous les hits pour lui,True,OK,luTEU4xa_E8,55:43,3343,56,56,True,,MISSING_IMAGE,,,,https://www.youtube.com/watch?v=luTEU4xa_E8
S2026E52,IN_SCOPE,2026-09-05,,"Salut les petits loulous, on prend le temps ensemble (c’est Baghera, bagherajones sur les réseau)","Salut les petits loulous, on prend le temps ensemble 👍👍👍(c’est Baghera, bagherajones sur les réseau)",False,COSMETIC_EXACTNESS,0PHUeNOsbKU,11:07,667,11,11,True,,CONFIRMED_OFFICIAL_THUMBNAIL,https://artworks.thetvdb.com/banners/v4/episode/11964356/screencap/6a9d1ed478144.jpg,0,,https://www.youtube.com/watch?v=0PHUeNOsbKU
S2026E51,IN_SCOPE,2026-09-05,,Tu préfères McFly ou Carlito ? (Au Zevent)(orchestré par @thomasdeseur ) (ft. Un mime et @Joyca ),Tu préfères McFly ou Carlito ? (Au Zevent)(orchestré par @thomasdeseur ) (ft. Un mime et @Joyca ),True,OK,m3_WcBvMaV0,1:46,106,2,2,True,,CONFIRMED_OFFICIAL_THUMBNAIL,https://artworks.thetvdb.com/banners/v4/episode/11964355/screencap/6a9d1ea7bc733.jpg,0,,https://www.youtube.com/watch?v=m3_WcBvMaV0
S2026E50,IN_SCOPE,2026-09-04,,ZEVENT 2026 : on compte sur vous ❤️ (on va tout donner),ZEVENT 2026 : on compte sur vous ❤️ (on va tout donner),True,OK,89sbQjgBfIg,4:03,243,4,4,True,,CONFIRMED_OFFICIAL_THUMBNAIL,https://artworks.thetvdb.com/banners/v4/episode/11962757/screencap/6a9af17ce9257.jpg,0,,https://www.youtube.com/watch?v=89sbQjgBfIg
S2026E49,IN_SCOPE,2026-07-30,,"Nos abonnés viennent débriefer la saison (on vous aime, merci pour tout)","Nos abonnés viennent débriefer la saison (on vous aime, merci pour tout)",True,OK,WyEs4g3jQjM,57:50,3470,58,58,True,,MISSING_IMAGE,,,,https://www.youtube.com/watch?v=WyEs4g3jQjM
S2026E48,IN_SCOPE,2026-07-28,,On fait un magnifique château de sable avec Fred qui trouvera une place dans vos cœurs,On fait un magnifique château de sable avec Fred qui trouvera une place dans vos cœurs,True,OK,rJW00cN-IgQ,56:58,3418,57,57,True,,CONFIRMED_OFFICIAL_THUMBNAIL,https://artworks.thetvdb.com/banners/v4/episode/11901324/screencap/6a6b334caa707.jpg,0,,https://www.youtube.com/watch?v=rJW00cN-IgQ
S2026E47,IN_SCOPE,2026-07-23,,UNPOPUNIAR OPINIGNON 3 : Bigflo hait les siestes et les comédies musicales,UNPOPUNIAR OPINIGNON 3 : Bigflo hait les siestes et les comédies musicales,True,OK,YUwayyNWy1c,54:54,3294,55,55,True,,MISSING_IMAGE,,,,https://www.youtube.com/watch?v=YUwayyNWy1c
S2026E46,IN_SCOPE,2026-07-21,,Les recos de Carl sont enfin là ! (Et Mcfly ne l'empêche pas),Les recos de Carl sont enfin là ! (Et Mcfly ne l’empêche pas),False,PUNCTUATION_EMOJI_EXACTNESS,vAZ5SacViMM,27:52,1672,28,28,True,,MISSING_IMAGE,,,,https://www.youtube.com/watch?v=vAZ5SacViMM
S2026E45,IN_SCOPE,2026-07-16,,LA BATTLE DES PAYS : on déguste les spécialités Polonaises avec Natalka,LA BATTLE DES PAYS : on déguste les spécialités Polonaises avec Natalka,True,OK,38YzeyCBqes,42:02,2522,42,42,True,,MISSING_IMAGE,,,,https://www.youtube.com/watch?v=38YzeyCBqes
S2026E44,IN_SCOPE,2026-07-14,,On vous présente nos coups de cœur sur Insta,On vous présente nos coups de cœur sur Insta,True,OK,NQX8g3vEPzo,30:30,1830,30,31,False,,MISSING_IMAGE,,,,https://www.youtube.com/watch?v=NQX8g3vEPzo
S2026E43,IN_SCOPE,2026-07-09,,On classe 32 friandises de cinéma avec Florent Bernard & Seb Vaniček (Mcfly n’aime pas le popcorn ????),On classe 32 friandises de cinéma avec Florent Bernard & Seb Vaniček (Mcfly n’aime pas le popcorn 🍿),False,PUNCTUATION_EMOJI_EXACTNESS,Vr9kBC8rG3A,1:46:07,6367,106,106,True,,MISSING_IMAGE,,,,https://www.youtube.com/watch?v=Vr9kBC8rG3A
S2026E42,IN_SCOPE,2026-07-07,,"On parle, on peint, on joue à WARHAMMER avec Alphacast parfait en expert","On parle, on peint, on joue à WARHAMMER avec Alphacast parfait en expert",True,OK,-ybot6ieI1w,40:19,2419,40,40,True,,MISSING_IMAGE,,,,https://www.youtube.com/watch?v=-ybot6ieI1w
S2026E41,IN_SCOPE,2026-07-02,,On déguvine 32 bonbons avec Joyca et Matthieu et le plot twist de fin est magnifique,On déguvine 32 bonbons avec Joyca et Matthieu et le plot twist de fin est magnifique,True,OK,k3x_skhZKHE,1:24:52,5092,85,85,True,,MISSING_IMAGE,,,,https://www.youtube.com/watch?v=k3x_skhZKHE
S2026E40,IN_SCOPE,2026-06-26,,"Discussion autour du deuil, histoires, conseils et beaucoup d’amour","Discussion autour du deuil, histoires, conseils et beaucoup d’amour",True,OK,rDjBlHWBF_s,2:08:30,7710,128,129,False,,MISSING_IMAGE,,,,https://www.youtube.com/watch?v=rDjBlHWBF_s
S2026E39,IN_SCOPE,2026-06-24,,On crée nos pizzas avec le légendaire Peppe et il doit mettre sa préférée à la carte de son resto !,On crée nos pizzas avec le légendaire Peppe et il doit mettre sa préférée à la carte de son resto !,True,OK,KozBZ5IuTTk,46:58,2818,47,47,True,,MISSING_IMAGE,,,,https://www.youtube.com/watch?v=KozBZ5IuTTk
S2026E38,IN_SCOPE,2026-06-22,,On revoit les pubs cultes des années 90 (Papa c’est quoi cette bouteille de lait ?),On revoit les pubs cultes des années 90 (Papa c’est quoi cette bouteille de lait ?),True,OK,qTs0APDyucQ,26:43,1603,27,27,True,,MISSING_IMAGE,,,,https://www.youtube.com/watch?v=qTs0APDyucQ
S2026E37,IN_SCOPE,2026-06-18,,"Tierlist des 365 jours de l'année (Dramas, Polémiques autour de Juillet et Août)","Tierlist des 365 jours de l’année (Dramas, Polémiques autour de Juillet et Août)",False,PUNCTUATION_EMOJI_EXACTNESS,9EoNehP9KY0,2:01:09,7269,121,121,True,,MISSING_IMAGE,,,,https://www.youtube.com/watch?v=9EoNehP9KY0
S2026E36,IN_SCOPE,2026-06-16,,On devine 29 compotes avec Marine (c’est notre âme sœur),On devine 29 compotes avec Marine (c’est notre âme sœur),True,OK,_nIMtE65UsI,57:25,3445,57,57,True,,MISSING_IMAGE,,,,https://www.youtube.com/watch?v=_nIMtE65UsI
S2026E35,IN_SCOPE,2026-06-12,,L'usine qui fabrique nos chips a brûlé. Mais Brosti renaîtra de ses cendres.,L’usine qui fabrique nos chips a brûlé. Mais Brosti renaîtra de ses cendres.,False,PUNCTUATION_EMOJI_EXACTNESS,-VRN8hT_awE,14:35,875,15,15,True,,CONFIRMED_OFFICIAL_THUMBNAIL,https://artworks.thetvdb.com/banners/v4/episode/11841449/screencap/6a2d806242cac.jpg,0,,https://www.youtube.com/watch?v=-VRN8hT_awE
S2026E34,IN_SCOPE,2026-06-09,,C’est génial ce jeu (on en profite pour faire notre top 3 Disney),C’est génial ce jeu (on en profite pour faire notre top 3 Disney),True,OK,U2K8UxxIX08,21:21,1281,21,21,True,,MISSING_IMAGE,,,,https://www.youtube.com/watch?v=U2K8UxxIX08
S2026E33,IN_SCOPE,2026-06-01,,Nos chips sont dispos. On vous raconte tout.,Nos chips sont dispos. On vous raconte tout.,True,OK,gUkGUVIY-p4,1:10:13,4213,70,70,True,,MISSING_IMAGE,,,,https://www.youtube.com/watch?v=gUkGUVIY-p4
S2026E32,IN_SCOPE,2026-05-26,,On apprend enfin à terminer un Rubik's cube grâce à Victor le goat,On apprend enfin à terminer un Rubik's cube grâce à Victor le goat,True,OK,SzFdonz_CTY,38:06,2286,38,38,True,,MISSING_IMAGE,,,,https://www.youtube.com/watch?v=SzFdonz_CTY
S2026E31,IN_SCOPE,2026-05-21,,Mcfly VS 50 abonnés : Qui aura le meilleur palais ?,Mcfly VS 50 abonnés : Qui aura le meilleur palais ?,True,OK,veUUS8pn9N4,1:04:55,3895,65,65,True,,MISSING_IMAGE,,,,https://www.youtube.com/watch?v=veUUS8pn9N4
S2026E30,IN_SCOPE,2026-05-14,,24h avec les marins-pompiers de Marseille (tournage le plus marquant de notre vie),24h avec les marins-pompiers de Marseille (tournage le plus marquant de notre vie),True,OK,vM52Carqn7U,1:28:02,5282,88,88,True,,MISSING_IMAGE,,,,https://www.youtube.com/watch?v=vM52Carqn7U
S2026E29,IN_SCOPE,2026-05-12,,10 conseils qu’on aurait adoré recevoir en tant que parents,10 conseils qu’on aurait adoré recevoir en tant que parents,True,OK,gDPEIwqRokc,34:45,2085,35,35,True,,MISSING_IMAGE,,,,https://www.youtube.com/watch?v=gDPEIwqRokc
S2026E28,IN_SCOPE,2026-05-07,,On devine 41 fromages avec Max et Elian et Carlito n’a pas trouvé le camembert,On devine 41 fromages avec Max et Elian et Carlito n’a pas trouvé le camembert,True,OK,H3qHmXrPyYs,1:15:01,4501,75,75,True,,MISSING_IMAGE,,,,https://www.youtube.com/watch?v=H3qHmXrPyYs
S2026E27,IN_SCOPE,2026-05-05,,On répond en vocal à des commentaires méchants et promis on insulte personne,On répond en vocal à des commentaires méchants et promis on insulte personne,True,OK,xFCGmjQlvZw,21:30,1290,21,22,False,,MISSING_IMAGE,,,,https://www.youtube.com/watch?v=xFCGmjQlvZw
S2026E26,IN_SCOPE,2026-04-21,,On élit les meilleures chasses d’eau et @Djilsi refuse de faire la vidéo si on change pas de place,On élit les meilleures chasses d’eau et @Djilsi refuse de faire la vidéo si on change pas de place,True,OK,j6V70tSzCxg,46:59,2819,47,47,True,,MISSING_IMAGE,,,,https://www.youtube.com/watch?v=j6V70tSzCxg
S2026E25,IN_SCOPE,2026-04-16,,"Sommes-nous TDAH ? (tests, discussions et résultats… surprenants)","Sommes-nous TDAH ? (tests, discussions et résultats… surprenants)",True,OK,IuyGIoaOkQI,39:33,2373,40,40,True,,MISSING_IMAGE,,,,https://www.youtube.com/watch?v=IuyGIoaOkQI
S2026E24,IN_SCOPE,2026-04-14,,Émilien répond premier degré à nos questions cons,Émilien répond premier degré à nos questions cons,True,OK,_mP18lBPgGs,22:48,1368,22,23,False,,PRESENT_ORIGIN_UNPROVEN_SCREENSHOT_OR_CUSTOM,https://artworks.thetvdb.com/banners/v4/episode/11740123/screencap/69df1be102976.jpg,20,,https://www.youtube.com/watch?v=_mP18lBPgGs
S2026E23,IN_SCOPE,2026-04-09,,Qui est le plus cultivé de l'équipe ? Avec un Émilien parfait en host,Qui est le plus cultivé de l’équipe ? Avec un Émilien parfait en host,False,PUNCTUATION_EMOJI_EXACTNESS,gnertO1niK4,49:36,2976,49,50,False,,MISSING_IMAGE,,,,https://www.youtube.com/watch?v=gnertO1niK4
S2026E22,IN_SCOPE,2026-04-02,,On ouvre des cartes One Piece et Mcfly ne peut plus s'arrêter,On ouvre des cartes One Piece et Mcfly ne peut plus s’arrêter,False,PUNCTUATION_EMOJI_EXACTNESS,3Fwsvsc4Y7c,39:46,2386,40,40,True,,MISSING_IMAGE,,,,https://www.youtube.com/watch?v=3Fwsvsc4Y7c
S2026E21,IN_SCOPE,2026-03-26,,On élit la meilleure machine à café avec Djilsi (promis on a rien consommé. À part du café),On élit la meilleure machine à café avec Djilsi (promis on a rien consommé. À part du café),True,OK,lAIK-pPoevc,1:01:36,3696,62,62,True,,MISSING_IMAGE,,,,https://www.youtube.com/watch?v=lAIK-pPoevc
S2026E20,IN_SCOPE,2026-03-24,,LA BATTLE DES PAYS: on déguste les spécialités Suisses avec Mosimann,LA BATTLE DES PAYS : on déguste les spécialités Suisses avec Mosimann,False,PUNCTUATION_EMOJI_EXACTNESS,7mY9cw7bbjw,47:53,2873,48,48,True,,MISSING_IMAGE,,,,https://www.youtube.com/watch?v=7mY9cw7bbjw
S2026E19,IN_SCOPE,2026-03-19,,On vérifie 1er degré les slogans des marques (qui s’est déjà levé pour Danette ?),On vérifie 1er degré les slogans des marques (qui s’est déjà levé pour Danette ?),True,OK,PvTcPZDdpPk,47:55,2875,48,48,True,,MISSING_IMAGE,,,,https://www.youtube.com/watch?v=PvTcPZDdpPk
S2026E18,IN_SCOPE,2026-03-17,,Les pires anecdotes de taf de nos abonnés ft. Natoo,Les pires anecdotes de taf de nos abonnés ft. Natoo,True,OK,weQBrhEI6ro,29:57,1797,30,30,True,,MISSING_IMAGE,,,,https://www.youtube.com/watch?v=weQBrhEI6ro
S2026E17,IN_SCOPE,2026-03-12,,LA BATTLE DES PAYS : on déguste les spécialités Argentines avec Bigflo et Oli,LA BATTLE DES PAYS : on déguste les spécialités Argentines avec Bigflo et Oli,True,OK,UWO8IzloiWA,56:28,3388,56,56,True,,MISSING_IMAGE,,,,https://www.youtube.com/watch?v=UWO8IzloiWA
S2026E16,IN_SCOPE,2026-03-10,,Carlito a-t-il gagné le concours du cri de la mouette ? (Vlog invraisemblable à Dunkerque),Carlito a-t-il gagné le concours du cri de la mouette ? (Vlog invraisemblable à Dunkerque),True,OK,UG-38gH0utw,48:48,2928,49,49,True,,MISSING_IMAGE,,,,https://www.youtube.com/watch?v=UG-38gH0utw
S2026E15,IN_SCOPE,2026-02-26,,Patrick Fiori nous dépose des tartelettes dans le bec (vlog dingue aux Enfoirés),Patrick Fiori nous dépose des tartelettes dans le bec (vlog dingue aux Enfoirés),True,OK,FslDkJKasXk,56:02,3362,56,56,True,,CONFIRMED_OFFICIAL_THUMBNAIL,https://artworks.thetvdb.com/banners/v4/episode/11643493/screencap/69a078605fa80.jpg,0,,https://www.youtube.com/watch?v=FslDkJKasXk
S2026E14,IN_SCOPE,2026-02-24,,On devine 24 confitures avec Paul Mirabel qui est peut-être le plus mauvais palais de la planète,On devine 24 confitures avec Paul Mirabel qui est peut-être le plus mauvais palais de la planète,True,OK,GasSau1EvAM,47:58,2878,48,48,True,,MISSING_IMAGE,,,,https://www.youtube.com/watch?v=GasSau1EvAM
S2026E13,IN_SCOPE,2026-02-19,,On a réussi le château de cartes avec Vald ! (Un vrai bangZ la vidéo),On a réussi le château de cartes avec Vald ! (Un vrai bangZ la vidéo),True,OK,djRJrLTGG-g,1:05:09,3909,66,65,False,,CONFIRMED_OFFICIAL_THUMBNAIL,https://artworks.thetvdb.com/banners/v4/episode/11627327/screencap/69974463d0cb1.jpg,0,,https://www.youtube.com/watch?v=djRJrLTGG-g
S2026E12,IN_SCOPE,2026-02-17,,LA BATTLE DES PAYS : on déguste les spécialités Portugaises avec David Castello-Lopes,LA BATTLE DES PAYS : on déguste les spécialités Portugaises avec David Castello-Lopes,True,OK,TKEX4dZZFPs,50:26,3026,50,50,True,,MISSING_IMAGE,,,,https://www.youtube.com/watch?v=TKEX4dZZFPs
S2026E11,IN_SCOPE,2026-02-14,,Quel couple se connaît le mieux ? Avec Erika et Tif ???? (y a TOUT dans cette vidéo),Quel couple se connaît le mieux ? Avec Erika et Tif 💜 (y’a TOUT dans cette vidéo),False,PUNCTUATION_EMOJI_EXACTNESS,nbKXn_XtajY,1:07:25,4045,67,67,True,,MISSING_IMAGE,,,,https://www.youtube.com/watch?v=nbKXn_XtajY
S2026E10,IN_SCOPE,2026-02-12,,À LA RECHERCHE DE BILL DU BIGDIL (on a eu accès à un secret bien gardé…),À LA RECHERCHE DE BILL DU BIGDIL (on a eu accès à un secret bien gardé…),True,OK,DNjeF5q0a0I,31:40,1900,32,32,True,,MISSING_IMAGE,,,,https://www.youtube.com/watch?v=DNjeF5q0a0I
S2026E09,IN_SCOPE,2026-02-06,,POST IT 2 IRL feat Jamel et Fifi (fous rires sur fous rires),POST IT 2 IRL feat Jamel et Fifi (fous rires sur fous rires),True,OK,Hj6Mczt3zBE,1:05:58,3958,66,66,True,,MISSING_IMAGE,,,,https://www.youtube.com/watch?v=Hj6Mczt3zBE
S2026E08,IN_SCOPE,2026-02-04,,La moins bonne vidéo de la chaîne ? (Mcfly et les autres ont détesté mais Carl a aimé),La moins bonne vidéo de la chaîne ? (Mcfly et les autres ont détesté mais Carl a aimé),True,OK,tvy1uCKbZEc,12:22,742,12,12,True,,MISSING_IMAGE,,,,https://www.youtube.com/watch?v=tvy1uCKbZEc
S2026E07,IN_SCOPE,2026-01-29,,Reconnaîtra-t-on ces gens qui sont apparus sur notre chaîne ? (Et vous ? Vous les avez tous ?),Reconnaîtra-t-on ces gens qui sont apparus sur notre chaîne ? (Et vous ? Vous les avez tous ?),True,OK,gyTeLGS9iKQ,45:58,2758,46,46,True,,MISSING_IMAGE,,,,https://www.youtube.com/watch?v=gyTeLGS9iKQ
S2026E06,IN_SCOPE,2026-01-22,,LA BATTLE DES PAYS: on déguste les spécialités Roumaines avec @Cyprien,LA BATTLE DES PAYS : on déguste les spécialités Roumaines avec @cyprien,False,PUNCTUATION_EMOJI_EXACTNESS,NsV1GFRQWRY,39:53,2393,40,40,True,,MISSING_IMAGE,,,,https://www.youtube.com/watch?v=NsV1GFRQWRY
S2026E05,IN_SCOPE,2026-01-20,,Bienvenue au royaume du CRINGE (react au pilote de notre 1ere émission),Bienvenue au royaume du CRINGE (react au pilote de notre 1ere émission),True,OK,uoQFDnx4uqA,29:28,1768,29,29,True,,MISSING_IMAGE,,,,https://www.youtube.com/watch?v=uoQFDnx4uqA
S2026E04,IN_SCOPE,2026-01-15,,"On élit la meilleure poignée de porte avec Sid (la saga continue, c’est un bonheur)","On élit la meilleure poignée de porte avec Sid (la saga continue, c’est un bonheur)",True,OK,Vc8EcSPs_F8,49:30,2970,49,50,False,,MISSING_IMAGE,,,,https://www.youtube.com/watch?v=Vc8EcSPs_F8
S2026E03,IN_SCOPE,2026-01-13,,D’accord donc maintenant ça nous envoie de la m****,D’accord donc maintenant ça nous envoie de la m****,True,OK,6lMaw4fdCHI,58:30,3510,58,59,False,,MISSING_IMAGE,,,,https://www.youtube.com/watch?v=6lMaw4fdCHI
S2026E02,IN_SCOPE,2026-01-08,,Riad Sattouf nous apprend à dessiner l’arabe du futur (avec une super discussion en prime),Riad Sattouf nous apprend à dessiner l’arabe du futur (avec une super discussion en prime),True,OK,vPGTNbZ4QAk,36:00,2160,36,36,True,,MISSING_IMAGE,,,,https://www.youtube.com/watch?v=vPGTNbZ4QAk
S2026E01,IN_SCOPE,2026-01-06,,On apprend une choré de K-Pop mais c'est peut-être trop sexy pour vous ?,On apprend une choré de K-Pop mais c’est peut être trop sexy pour vous ?,False,PUNCTUATION_EMOJI_EXACTNESS,rc4TS6Vw6d0,24:52,1492,25,25,True,,MISSING_IMAGE,,,,https://www.youtube.com/watch?v=rc4TS6Vw6d0
S2025E86,IN_SCOPE,2025-12-25,,On devine 31 sucettes avec ‪@Mastu‬ : 1h de bonheur,On devine 31 sucettes avec @Mastu  : 1h de bonheur,False,PUNCTUATION_EMOJI_EXACTNESS,gZx3yeM4eWA,1:06:15,3975,66,66,True,season finale,PRESENT_ORIGIN_UNPROVEN_SCREENSHOT_OR_CUSTOM,https://artworks.thetvdb.com/banners/v4/episode/11523140/screencap/69692e1224f30.jpg,30,,https://www.youtube.com/watch?v=gZx3yeM4eWA
S2025E85,IN_SCOPE,2025-12-23,,On élit le meilleur grille-pain avec Sid et on est tombés sur le pire de tous les temps,On élit le meilleur grille-pain avec Sid et on est tombés sur le pire de tous les temps,True,OK,Br9TkdWPLxg,49:02,2942,49,49,True,,MISSING_IMAGE,,,,https://www.youtube.com/watch?v=Br9TkdWPLxg
S2025E84,IN_SCOPE,2025-12-19,,Mcfly VS Philippe Etchebest : Qui sera le meilleur goûteur ? (duel au sommet),Mcfly VS Philippe Etchebest : Qui sera le meilleur goûteur ? (duel au sommet),True,OK,zBIA4WlxBqQ,45:09,2709,45,45,True,,MISSING_IMAGE,,,,https://www.youtube.com/watch?v=zBIA4WlxBqQ
S2025E83,IN_SCOPE,2025-12-17,,On regarde des TikTok sur nous et heureusement qu’on est pas susceptibles,On regarde des TikTok sur nous et heureusement qu’on est pas susceptibles,True,OK,QIMh_wZt_h4,22:09,1329,22,22,True,,MISSING_IMAGE,,,,https://www.youtube.com/watch?v=QIMh_wZt_h4
S2025E82,IN_SCOPE,2025-12-15,,On se fait des compliments. Les larmes sont pas loin…,On se fait des compliments. Les larmes sont pas loin…,True,OK,6Z18iOQ2-aw,22:44,1364,23,23,True,,MISSING_IMAGE,,,,https://www.youtube.com/watch?v=6Z18iOQ2-aw
S2025E81,IN_SCOPE,2025-12-11,,On se redit nos 4 vérités (heureusement qu’il y a Paola cette fois),On se redit nos 4 vérités (heureusement qu’il y a Paola cette fois),True,OK,ekTGpnevzKI,55:57,3357,56,56,True,,MISSING_IMAGE,,,,https://www.youtube.com/watch?v=ekTGpnevzKI
S2025E80,IN_SCOPE,2025-12-09,,On élit le meilleur croissant de Paris avec Cocottee,On élit le meilleur croissant de Paris avec Cocottee,True,OK,2F0f6vQlnBw,41:03,2463,41,41,True,,MISSING_IMAGE,,,,https://www.youtube.com/watch?v=2F0f6vQlnBw
S2025E79,IN_SCOPE,2025-12-05,,Faites nous rire avec @Joyca  et le moment de la farine quel bonheur,Faites nous rire avec @Joyca  et le moment de la farine quel bonheur,True,OK,vEFr0pHXxYc,49:13,2953,49,49,True,,MISSING_IMAGE,,,,https://www.youtube.com/watch?v=vEFr0pHXxYc
S2025E78,IN_SCOPE,2025-11-30,,⁠On devine 28 soupes et Léopold prétend être plus fort que Carlito,⁠On devine 28 soupes et Léopold prétend être plus fort que Carlito,True,OK,X9bXRO7kNZ0,43:13,2593,43,43,True,,MISSING_IMAGE,,,,https://www.youtube.com/watch?v=X9bXRO7kNZ0
S2025E77,IN_SCOPE,2025-11-27,,RAP & METAL feat DISIZ (et la pire ouverture pokémon de Youtube),RAP & METAL feat DISIZ (et la pire ouverture pokémon de Youtube),True,OK,WJfJwkm-Zgk,45:17,2717,45,45,True,,CONFIRMED_OFFICIAL_THUMBNAIL,https://artworks.thetvdb.com/banners/v4/episode/11480616/screencap/692881ca0ea61.jpg,0,,https://www.youtube.com/watch?v=WJfJwkm-Zgk
S2025E76,IN_SCOPE,2025-11-25,,Byilhann peut-il battre un guépard à mains nues ? (Débats dans le van direction Pictionnagrue),Byilhann peut-il battre un guépard à mains nues ? (Débats dans le van direction Pictionnagrue),True,OK,o9EhQ7IdTyw,36:50,2210,37,37,True,,MISSING_IMAGE,,,,https://www.youtube.com/watch?v=o9EhQ7IdTyw
S2025E75,IN_SCOPE,2025-11-23,,PICTIONNAGRUE FEAT NICO ET BYILHANN (Mcfly a vite regretté son idée),PICTIONNAGRUE FEAT NICO ET BYILHANN (Mcfly a vite regretté son idée),True,OK,xeW3Xx_6V_M,45:54,2754,46,46,True,,MISSING_IMAGE,,,,https://www.youtube.com/watch?v=xeW3Xx_6V_M
S2025E74,IN_SCOPE,2025-11-20,,Dans le plus grand marché d'Europe avec Xavier Pincemin (Carlito confond la banane et la courgette),Dans le plus grand marché d'Europe avec Xavier Pincemin (Carlito confond la banane et la courgette),True,OK,zTdoOpDto0w,1:00:41,3641,61,61,True,,MISSING_IMAGE,,,,https://www.youtube.com/watch?v=zTdoOpDto0w
S2025E73,IN_SCOPE,2025-11-18,,LA BATTLE DES PAYS : on déguste les spécialités Coréennes avec Miki,LA BATTLE DES PAYS : on déguste les spécialités Coréennes avec Miki,True,OK,aIvJAQNexlM,33:58,2038,34,34,True,,MISSING_IMAGE,,,,https://www.youtube.com/watch?v=aIvJAQNexlM
S2025E72,IN_SCOPE,2025-11-13,,On emmène Sacha manger son plat préféré ! (Vlog émotions + rires),On emmène Sacha manger son plat préféré ! (Vlog émotions + rires),True,OK,BnYUl6zA8lU,55:12,3312,55,55,True,,MISSING_IMAGE,,,,https://www.youtube.com/watch?v=BnYUl6zA8lU
S2025E71,IN_SCOPE,2025-11-11,,Qui de nous 2 connaît le mieux la chaîne ? (1 seconde pour deviner la vidéo),Qui de nous 2 connaît le mieux la chaîne ? (1 seconde pour deviner la vidéo),True,OK,8tbgkfEeBgI,31:51,1911,32,32,True,,MISSING_IMAGE,,,,https://www.youtube.com/watch?v=8tbgkfEeBgI
S2025E70,IN_SCOPE,2025-11-06,,LE RETOUR DU MEILLEUR JEU EN VOITURE #11 feat. Thomas Deseur,LE RETOUR DU MEILLEUR JEU EN VOITURE #11 feat. Thomas Deseur,True,OK,qhlb6_95TCY,34:10,2050,34,34,True,,MISSING_IMAGE,,,,https://www.youtube.com/watch?v=qhlb6_95TCY
S2025E69,IN_SCOPE,2025-11-04,,On a retrouvé l’escroc qui a utilisé le visage de Mcfly !,On a retrouvé l’escroc qui a utilisé le visage de Mcfly !,True,OK,gmAPjFx-Em8,32:12,1932,33,32,False,,MISSING_IMAGE,,,,https://www.youtube.com/watch?v=gmAPjFx-Em8
S2025E68,IN_SCOPE,2025-10-23,,On déguste des plats cultes de films avec Alexandre Astier (TANIA OUVRE UN RESTO STP),On déguste des plats cultes de films avec Alexandre Astier (TANIA OUVRE UN RESTO STP),True,OK,04E0ARw19to,50:23,3023,50,50,True,,MISSING_IMAGE,,,,https://www.youtube.com/watch?v=04E0ARw19to
S2025E67,IN_SCOPE,2025-10-21,,"Pour briller en société, Nota Bene nous explique l’origine de ces expressions françaises.","Pour briller en société, Nota Bene nous explique l’origine de ces expressions françaises.",True,OK,LFpCrzicmEY,28:28,1708,28,28,True,,MISSING_IMAGE,,,,https://www.youtube.com/watch?v=LFpCrzicmEY
S2025E66,IN_SCOPE,2025-10-16,,26 céréales feat Florent Bernard et le glucose.,26 céréales feat Florent Bernard et le glucose.,True,OK,HjHAMkGmW24,56:27,3387,56,56,True,,MISSING_IMAGE,,,,https://www.youtube.com/watch?v=HjHAMkGmW24
S2025E65,IN_SCOPE,2025-10-14,,Dans la peau d'un conducteur poids lourd (galette moi saucisse),Dans la peau d’un conducteur poids lourd (galette moi saucisse),False,PUNCTUATION_EMOJI_EXACTNESS,8zbUwRC1Tgc,47:12,2832,47,47,True,,CONFIRMED_OFFICIAL_THUMBNAIL,https://artworks.thetvdb.com/banners/v4/episode/11397388/screencap/68f11270bf303.jpg,0,,https://www.youtube.com/watch?v=8zbUwRC1Tgc
S2025E64,IN_SCOPE,2025-10-10,,"Les rencontrent de chiens #2 feat Max Biaggi, Styleto, Kyan, Melha et Tony","Les rencontrent de chiens #2 feat Max Biaggi, Styleto, Kyan, Melha et Tony",True,OK,OpL4AgLW_vc,38:20,2300,38,38,True,,CONFIRMED_OFFICIAL_THUMBNAIL,https://artworks.thetvdb.com/banners/v4/episode/11390533/screencap/68f1129c48cbc.jpg,0,,https://www.youtube.com/watch?v=OpL4AgLW_vc
S2025E63,IN_SCOPE,2025-10-08,,On découvre le darkweb (âmes sensibles s’abstenir),On découvre le darkweb (âmes sensibles s’abstenir),True,OK,uM3DQpL8OLM,26:09,1569,26,26,True,,MISSING_IMAGE,,,,https://www.youtube.com/watch?v=uM3DQpL8OLM
S2025E62,IN_SCOPE,2025-10-06,,On apprend les bonnes manières à table car on mange comme des gorets,On apprend les bonnes manières à table car on mange comme des gorets,True,OK,sWtjnwMbEVU,34:55,2095,35,35,True,,MISSING_IMAGE,,,,https://www.youtube.com/watch?v=sWtjnwMbEVU
S2025E61,IN_SCOPE,2025-10-02,,LA BATTLE DES PAYS : On déguste les spécialités tunisiennes avec Hakim Jemili,LA BATTLE DES PAYS : On déguste les spécialités tunisiennes avec Hakim Jemili,True,OK,rw2hicFj_U4,35:23,2123,35,35,True,,MISSING_IMAGE,,,,https://www.youtube.com/watch?v=rw2hicFj_U4
S2025E60,IN_SCOPE,2025-09-30,,Échange fascinant autour des sneakers avec ‪@CaminoTV‬,Échange fascinant autour des sneakers avec @CaminoTV,False,PUNCTUATION_EMOJI_EXACTNESS,1hhELGv4juQ,33:13,1993,33,33,True,,MISSING_IMAGE,,,,https://www.youtube.com/watch?v=1hhELGv4juQ
S2025E59,IN_SCOPE,2025-09-25,,LA BATTLE DES PAYS : on déguste les spécialités brésiliennes avec une incroyable Cristina Córdula,LA BATTLE DES PAYS : on déguste les spécialités brésiliennes avec une incroyable Cristina Córdula,True,OK,fyfQ-uZlIxs,45:45,2745,46,46,True,,MISSING_IMAGE,,,,https://www.youtube.com/watch?v=fyfQ-uZlIxs
S2025E57,IN_SCOPE,2025-09-18,,"PAINBALL : si t'es pas honnête, tu souffres #4 feat un Michou en grande forme","PAINBALL : si t’es pas honnête, tu souffres #4 feat un Michou en grande forme",False,PUNCTUATION_EMOJI_EXACTNESS,MrJkXOhoW4M,51:33,3093,51,52,False,,MISSING_IMAGE,,,,https://www.youtube.com/watch?v=MrJkXOhoW4M
S2025E56,IN_SCOPE,2025-09-16,,On découvre le tricot (la plus grosse vidéo de notre chaîne),On découvre le tricot (la plus grosse vidéo de notre chaîne),True,OK,m675VsUf09E,23:44,1424,24,24,True,,MISSING_IMAGE,,,,https://www.youtube.com/watch?v=m675VsUf09E
S2025E55,IN_SCOPE,2025-09-07,,Au revoir Maman,Au revoir Maman,True,OK,H524G4OIPxw,1:15:00,4500,75,75,True,,MISSING_IMAGE,,,,https://www.youtube.com/watch?v=H524G4OIPxw
S2025E54,IN_SCOPE,2025-07-27,,MÉLI-MÉLO 4 (tout simplement),MÉLI-MÉLO 4 (tout simplement),True,OK,LvPzscrOVdc,1:48:51,6531,99,109,False,mid-season finale,CONFIRMED_OFFICIAL_THUMBNAIL,https://artworks.thetvdb.com/banners/v4/episode/11261488/screencap/68d56696d360d.jpg,0,,https://www.youtube.com/watch?v=LvPzscrOVdc
S2025E53,IN_SCOPE,2025-07-22,,Nos abonnés viennent dans le studio donner leur avis sur la saison,Nos abonnés viennent dans le studio donner leur avis sur la saison,True,OK,KyskVYkvSuQ,55:29,3329,55,55,True,,MISSING_IMAGE,,,,https://www.youtube.com/watch?v=KyskVYkvSuQ
S2025E52,IN_SCOPE,2025-07-17,,On s’achète des fringues et avec le recul on est toujours aussi nuls en style !,On s’achète des fringues et avec le recul on est toujours aussi nuls en style !,True,OK,-cwjzmsrVV0,27:38,1658,28,28,True,,CONFIRMED_OFFICIAL_THUMBNAIL,https://artworks.thetvdb.com/banners/v4/episode/11247837/screencap/6884fccc7f959.jpg,0,,https://www.youtube.com/watch?v=-cwjzmsrVV0
S2025E51,IN_SCOPE,2025-07-10,,SERREZ BIEN MADAME (incroyable vlog à Europa Park avec Artus),SERREZ BIEN MADAME (incroyable vlog à Europa-Park avec Artus),False,PUNCTUATION_EMOJI_EXACTNESS,a4HomdlU3u0,1:13:34,4414,73,74,False,,CONFIRMED_OFFICIAL_THUMBNAIL,https://artworks.thetvdb.com/banners/v4/episode/11237439/screencap/6884fd0b5cddc.jpg,0,,https://www.youtube.com/watch?v=a4HomdlU3u0
S2025E50,IN_SCOPE,2025-07-08,,Qui connaît le mieux l’autre ?,Qui connaît le mieux l’autre ?,True,OK,JmPnqHjU8vE,36:10,2170,36,36,True,,MISSING_IMAGE,,,,https://www.youtube.com/watch?v=JmPnqHjU8vE
S2025E49,IN_SCOPE,2025-07-03,,On élit le meilleur jambon beurre de Paris avec Gurky (qui n’en a jamais mangé),On élit le meilleur jambon beurre de Paris avec Gurky (qui n’en a jamais mangé),True,OK,7toRk_zkUSQ,39:32,2372,40,40,True,,CONFIRMED_OFFICIAL_THUMBNAIL,https://artworks.thetvdb.com/banners/v4/episode/11227484/screencap/6884fd3de6e44.jpg,0,,https://www.youtube.com/watch?v=7toRk_zkUSQ
S2025E48,IN_SCOPE,2025-07-01,,Les pires anecdates de nos abonnés feat Adèle Castillon,Les pires anecdates de nos abonnés feat Adèle Castillon,True,OK,RvSV_RUpovo,41:03,2463,41,41,True,,MISSING_IMAGE,,,,https://www.youtube.com/watch?v=RvSV_RUpovo
S2025E47,IN_SCOPE,2025-06-26,,4 humoristes brillants pour notre 2ème émission stand up (l’absurde au sommet),4 humoristes brillants pour notre 2ème émission stand up (l’absurde au sommet),True,OK,cm_J0Aqomso,1:11:35,4295,71,72,False,,MISSING_IMAGE,,,,https://www.youtube.com/watch?v=cm_J0Aqomso
S2025E46,IN_SCOPE,2025-06-24,,POV: t'es Mcfly et Carlito,POV : t'es Mcfly et Carlito,False,PUNCTUATION_EMOJI_EXACTNESS,GOMccCnO9_U,28:01,1681,28,28,True,,MISSING_IMAGE,,,,https://www.youtube.com/watch?v=GOMccCnO9_U
S2025E45,IN_SCOPE,2025-06-17,,On devine 72 fruits et légumes (Maxence n’a pas reconnu la fraise…),On devine 72 fruits et légumes (Maxence n’a pas reconnu la fraise…),True,OK,gEqv9CBc8NA,59:54,3594,60,60,True,,CONFIRMED_OFFICIAL_THUMBNAIL,https://artworks.thetvdb.com/banners/v4/episode/11199568/screencap/6854a859eafbb.jpg,0,,https://www.youtube.com/watch?v=gEqv9CBc8NA
S2025E44,IN_SCOPE,2025-06-14,,LA BATTLE DES PAYS : on déguste les spécialités Algériennes avec Inox (qui mange JAMAIS de légumes),LA BATTLE DES PAYS : on déguste les spécialités Algériennes avec Inox (qui mange JAMAIS de légumes),True,OK,dxUzTxNDL18,47:46,2866,48,48,True,,MISSING_IMAGE,,,,https://www.youtube.com/watch?v=dxUzTxNDL18
S2025E43,IN_SCOPE,2025-06-10,,On se dit nos 4 vérités (ça commence gentiment mais après...),On se dit nos 4 vérités (ça commence gentiment mais après...),True,OK,-K7mB638rjA,39:58,2398,40,40,True,,MISSING_IMAGE,,,,https://www.youtube.com/watch?v=-K7mB638rjA
S2025E42,IN_SCOPE,2025-06-05,,29 pots de bébé avec Amixem et Thomas (Max t’as triché nan ?),29 pots de bébé avec Amixem et Thomas (Max t’as triché nan ?),True,OK,xDI-73OIZmo,45:26,2726,45,45,True,,PRESENT_ORIGIN_UNPROVEN_SCREENSHOT_OR_CUSTOM,https://artworks.thetvdb.com/banners/v4/episode/11179138/screencap/68470bc1585ae.jpg,12,,https://www.youtube.com/watch?v=xDI-73OIZmo
S2025E41,IN_SCOPE,2025-05-29,,On élit la meilleure télécommande feat Djilsi,On élit la meilleure télécommande feat Djilsi,True,OK,9S94GLtlvkM,30:18,1818,30,30,True,,MISSING_IMAGE,,,,https://www.youtube.com/watch?v=9S94GLtlvkM
S2025E40,IN_SCOPE,2025-05-27,,Imaginez qu’on vous laisse libre accès à notre studio… voici le résultat !,Imaginez qu’on vous laisse libre accès à notre studio… voici le résultat !,True,OK,D28_QF_ar5s,40:12,2412,40,40,True,,MISSING_IMAGE,,,,https://www.youtube.com/watch?v=D28_QF_ar5s
S2025E39,IN_SCOPE,2025-05-22,,Dégustation de boissons naturelles (que c’est bon de retrouver le Squeezos),Dégustation de boissons naturelles (que c’est bon de retrouver le Squeezos),True,OK,uTr-ZaJF0U0,46:55,2815,47,47,True,,CONFIRMED_OFFICIAL_THUMBNAIL,https://artworks.thetvdb.com/banners/v4/episode/11157915/screencap/6830330e79ed3.jpg,2,,https://www.youtube.com/watch?v=uTr-ZaJF0U0
S2025E38,IN_SCOPE,2025-05-20,,On réagit au Met Gala car nous sommes des experts de la mode,On réagit au Met Gala car nous sommes des experts de la mode,True,OK,7cdgdinfNnI,28:21,1701,28,28,True,,MISSING_IMAGE,,,,https://www.youtube.com/watch?v=7cdgdinfNnI
S2025E37,IN_SCOPE,2025-05-15,,2 min pour retenir la recette de la tarte aux citrons et la cuisiner pour Nina Métayer,2 min pour retenir la recette de la tarte aux citrons et la cuisiner pour Nina Métayer,True,OK,4ff3VaJWv6M,36:26,2186,36,36,True,,MISSING_IMAGE,,,,https://www.youtube.com/watch?v=4ff3VaJWv6M
S2025E36,IN_SCOPE,2025-05-13,,On doit deviner ces tubes version metal feat Léopold et Elian,On doit deviner ces tubes version metal feat Léopold et Elian,True,OK,90uBx91LC1E,36:04,2164,36,36,True,,MISSING_IMAGE,,,,https://www.youtube.com/watch?v=90uBx91LC1E
S2025E35,IN_SCOPE,2025-05-08,,On découvre la skincare grâce à Gaëlle et on rajeunit de 15 ans (oui j'exagère),On découvre la skincare grâce à Gaëlle et on rajeunit de 15 ans (oui j'exagère),True,OK,BYdsJFxZQ0Y,28:59,1739,29,29,True,,MISSING_IMAGE,,,,https://www.youtube.com/watch?v=BYdsJFxZQ0Y
S2025E34,IN_SCOPE,2025-05-06,,Popular Popinion 2 : Freddy trouve que les sabres Star Wars sont nazes,Popular Popinion 2 : Freddy trouve que les sabres Star Wars sont nazes,True,OK,UciQvPumB5E,29:50,1790,30,30,True,,CONFIRMED_OFFICIAL_THUMBNAIL,https://artworks.thetvdb.com/banners/v4/episode/11128766/screencap/681b8473a7589.jpg,0,,https://www.youtube.com/watch?v=UciQvPumB5E
S2025E33,IN_SCOPE,2025-05-02,,On devine 45 saveurs de chocolats avec Natoo et c’était peut être la plus hard des déguvinettes,On devine 45 saveurs de chocolats avec Natoo et c’était peut être la plus hard des déguvinettes,True,OK,dz7EYmql39Y,57:43,3463,58,58,True,,MISSING_IMAGE,,,,https://www.youtube.com/watch?v=dz7EYmql39Y
S2025E32,IN_SCOPE,2025-04-30,,On devait juste deviner les Youtubers et ça a donné le plus gros projet de l’année,On devait juste deviner les Youtubers et ça a donné le plus gros projet de l’année,True,OK,1JS-EV3hYAQ,19:26,1166,19,19,True,,MISSING_IMAGE,,,,https://www.youtube.com/watch?v=1JS-EV3hYAQ
S2025E31,IN_SCOPE,2025-04-28,,MCFLY VERSUS BENEDICTA : Duel au sommet de la sauce rouille,MCFLY VERSUS BENEDICTA : Duel au sommet de la sauce rouille,True,OK,18G7UNy-OiQ,31:24,1884,31,31,True,,MISSING_IMAGE,,,,https://www.youtube.com/watch?v=18G7UNy-OiQ
S2025E30,IN_SCOPE,2025-04-22,,"Les rencontrent de chiens feat Tony, Maghla, Sefy, Natoo et Michou","Les rencontrent de chiens feat Tony, Maghla, Sefy, Natoo et Michou",True,OK,Wkmq2r4WKik,35:08,2108,35,35,True,,CONFIRMED_OFFICIAL_THUMBNAIL,https://artworks.thetvdb.com/banners/v4/episode/11100801/screencap/68091e0785190.jpg,0,,https://www.youtube.com/watch?v=Wkmq2r4WKik
S2025E29,IN_SCOPE,2025-04-17,,Comment réagir en cas d’agression ? Djihene nous explique tout et nous démonte la gueule au passage,Comment réagir en cas d’agression ? Djihene nous explique tout et nous démonte la gueule au passage,True,OK,opD958okOY8,35:25,2125,35,35,True,,MISSING_IMAGE,,,,https://www.youtube.com/watch?v=opD958okOY8
S2025E28,IN_SCOPE,2025-04-15,,Will Ramos nous apprend à faire un scream métal ! Vous allez avoir envie de crier !,Will Ramos nous apprend à faire un scream métal ! Vous allez avoir envie de crier !,True,OK,gm6djG-u36U,29:56,1796,30,30,True,,MISSING_IMAGE,,,,https://www.youtube.com/watch?v=gm6djG-u36U
S2025E27,IN_SCOPE,2025-04-11,,"Du rire, Dedienne et des cartes","Du rire, Dedienne et des cartes",True,OK,c7CD45bphEk,47:15,2835,47,47,True,,CONFIRMED_OFFICIAL_THUMBNAIL,https://artworks.thetvdb.com/banners/v4/episode/11080356/screencap/67fa40a79d55f.jpg,0,,https://www.youtube.com/watch?v=c7CD45bphEk
S2025E26,IN_SCOPE,2025-04-09,,Quelle est la meilleure des pizzas surgelées ?,Quelle est la meilleure des pizzas surgelées ?,True,OK,CEqT672TVmU,28:06,1686,28,28,True,,MISSING_IMAGE,,,,https://www.youtube.com/watch?v=CEqT672TVmU
S2025E25,IN_SCOPE,2025-04-07,,Ces scènes de films qui nous ont traumatisés #2 (plus gore que le 1er épisode),Ces scènes de films qui nous ont traumatisés #2 (plus gore que le 1er épisode),True,OK,GwJJlUAPyH8,21:02,1262,21,21,True,,MISSING_IMAGE,,,,https://www.youtube.com/watch?v=GwJJlUAPyH8
S2025E24,IN_SCOPE,2025-04-03,,RAP vs METAL #2 feat Vald (Gazo ne regarde pas cette vidéo stp),RAP vs METAL #2 feat Vald (Gazo ne regarde pas cette vidéo stp),True,OK,nZ48cR6FUwE,48:18,2898,48,48,True,,CONFIRMED_OFFICIAL_THUMBNAIL,https://artworks.thetvdb.com/banners/v4/episode/11065260/screencap/67eeaf371d6b7.jpg,0,,https://www.youtube.com/watch?v=nZ48cR6FUwE
S2025E23,IN_SCOPE,2025-03-31,,On refait une diode électroluminescente comme au collège et devinez quoi ? Le prof préfère Mcfly.,On refait une diode électroluminescente comme au collège et devinez quoi ? Le prof préfère Mcfly.,True,OK,rKqQBbL4TZA,21:36,1296,21,22,False,,MISSING_IMAGE,,,,https://www.youtube.com/watch?v=rKqQBbL4TZA
S2025E22,IN_SCOPE,2025-03-27,,Yvick est le plus drôle. Et le plus nul en château de cartes. Mais le plus drôle.,Yvick est le plus drôle. Et le plus nul en château de cartes. Mais le plus drôle.,True,OK,WeR0FsUCrS8,56:17,3377,56,56,True,,CONFIRMED_OFFICIAL_THUMBNAIL,https://artworks.thetvdb.com/banners/v4/episode/11055840/screencap/67e64dc58606c.jpg,0,,https://www.youtube.com/watch?v=WeR0FsUCrS8
S2025E21,IN_SCOPE,2025-03-24,,"On rompt le jeûne, on parle d’amour, de culture, de religion, et on prend 4 kilos","On rompt le jeûne, on parle d’amour, de culture, de religion, et on prend 4 kilos",True,OK,aszUD6K9oG4,31:25,1885,32,31,False,,CONFIRMED_OFFICIAL_THUMBNAIL,https://artworks.thetvdb.com/banners/v4/episode/11051286/screencap/67e2e73d026a3.jpg,0,,https://www.youtube.com/watch?v=aszUD6K9oG4
S2025E20,IN_SCOPE,2025-03-20,,On devine 34 yaourts et ça y est !!! CARLITO A SURPASSÉ MCFLY !,On devine 34 yaourts et ça y est !!! CARLITO A SURPASSÉ MCFLY !,True,OK,e0ONMCl7kAA,42:33,2553,42,43,False,,MISSING_IMAGE,,,,https://www.youtube.com/watch?v=e0ONMCl7kAA
S2025E19,IN_SCOPE,2025-03-18,,Immersion à la FAC : on découvre ce que vivent les étudiants,Immersion à la FAC : on découvre ce que vivent les étudiants,True,OK,tDxkr8JoWd4,37:10,2230,37,37,True,,CONFIRMED_OFFICIAL_THUMBNAIL,https://artworks.thetvdb.com/banners/v4/episode/11034357/screencap/67da8908e0937.jpg,0,,https://www.youtube.com/watch?v=tDxkr8JoWd4
S2025E18,IN_SCOPE,2025-03-14,,Les pires anecdotes de nos abonnés feat Melha Bedia,Les pires anecdotes de nos abonnés feat Melha Bedia,True,OK,cUE69-FeIwc,49:49,2989,50,50,True,,MISSING_IMAGE,,,,https://www.youtube.com/watch?v=cUE69-FeIwc
S2025E17,IN_SCOPE,2025-03-12,,La vidéo s’arrête si l’un de nous rigole #4,La vidéo s’arrête si l’un de nous rigole #4,True,OK,-pgNlvo4f8U,1:13,73,1,1,True,,MISSING_IMAGE,,,,https://www.youtube.com/watch?v=-pgNlvo4f8U
S2025E16,IN_SCOPE,2025-03-10,,"PAINBALL : si t’es pas honnête, tu souffres #3 feat Cocottee","PAINBALL : si t’es pas honnête, tu souffres #3 feat Cocottee",True,OK,D5dkaECJZc0,31:37,1897,32,32,True,,MISSING_IMAGE,,,,https://www.youtube.com/watch?v=D5dkaECJZc0
S2025E15,IN_SCOPE,2025-03-07,,Je sors mon album solo et j'ai peur,Je sors mon album solo et j’ai peur,False,PUNCTUATION_EMOJI_EXACTNESS,9jCxa1E9Jws,37:26,2246,37,37,True,,CONFIRMED_OFFICIAL_THUMBNAIL,https://artworks.thetvdb.com/banners/v4/episode/11009337/screencap/67d6b08c380da.jpg,0,,https://www.youtube.com/watch?v=9jCxa1E9Jws
S2025E14,IN_SCOPE,2025-03-04,,"RAP vs METAL, on écoute des sons et se balade en voiture feat SDM","RAP vs METAL, on écoute des sons et se balade en voiture feat SDM",True,OK,DNpBIW1uE4Q,47:50,2870,48,48,True,,CONFIRMED_OFFICIAL_THUMBNAIL,https://artworks.thetvdb.com/banners/v4/episode/11004995/screencap/67c882e3106f4.jpg,0,,https://www.youtube.com/watch?v=DNpBIW1uE4Q
S2025E13,IN_SCOPE,2025-02-27,,Mcfly a battu le champion du monde… ça n’a aucun sens…,Mcfly a battu le champion du monde… ça n’a aucun sens…,True,OK,Rurtitk1aW0,23:09,1389,23,23,True,,MISSING_IMAGE,,,,https://www.youtube.com/watch?v=Rurtitk1aW0
S2025E12,IN_SCOPE,2025-02-25,,LA BATTLE DES PAYS : on déguste les spécialités iraniennes avec Kyan Khojandi,LA BATTLE DES PAYS : on déguste les spécialités iraniennes avec Kyan Khojandi,True,OK,uxI9q3P4R1w,41:21,2481,41,41,True,,MISSING_IMAGE,,,,https://www.youtube.com/watch?v=uxI9q3P4R1w
S2025E11,IN_SCOPE,2025-02-12,,On réécoute nos groupes de lycée et on se demande lequel vous allez préférer,On réécoute nos groupes de lycée et on se demande lequel vous allez préférer,True,OK,nooeFxtesYo,26:56,1616,27,27,True,,MISSING_IMAGE,,,,https://www.youtube.com/watch?v=nooeFxtesYo
S2025E10,IN_SCOPE,2025-02-10,,Mcfly VS Cyril Lignac : Qui sera le meilleur goûteur ? (Duel épique),Mcfly VS Cyril Lignac : Qui sera le meilleur goûteur ? (Duel épique),True,OK,hb6rPa7F0sU,38:30,2310,38,39,False,,MISSING_IMAGE,,,,https://www.youtube.com/watch?v=hb6rPa7F0sU
S2025E09,IN_SCOPE,2025-02-03,,On juge le frigo des abonnés (et Mcfly subtilise sans cesse un aliment),On juge le frigo des abonnés (et Mcfly subtilise sans cesse un aliment),True,OK,x32tDNFJa6s,33:49,2029,34,34,True,,MISSING_IMAGE,,,,https://www.youtube.com/watch?v=x32tDNFJa6s
S2025E08,IN_SCOPE,2025-01-30,,Des étrangers regardent notre contenu (est-ce qu'on les fait rire ?),Des étrangers regardent notre contenu (est-ce qu'on les fait rire ?),True,OK,jUB47xiDv4E,30:27,1827,30,30,True,,MISSING_IMAGE,,,,https://www.youtube.com/watch?v=jUB47xiDv4E
S2025E07,IN_SCOPE,2025-01-28,,Il a mis son quoi ? (Anniversaire 10 ans),Il a mis son quoi ? (Anniversaire 10 ans),True,OK,h8EKoh1EluI,6:28,388,6,6,True,,MISSING_IMAGE,,,,https://www.youtube.com/watch?v=h8EKoh1EluI
S2025E06,IN_SCOPE,2025-01-24,,On découvre les gestes qui peuvent sauver une vie,On découvre les gestes qui peuvent sauver une vie,True,OK,-b80wdE9KVE,38:36,2316,39,39,True,,MISSING_IMAGE,,,,https://www.youtube.com/watch?v=-b80wdE9KVE
S2025E05,IN_SCOPE,2025-01-21,,On devine 27 apéricubes et Carlito a battu Mcfly ! NON BIEN ENTENDU,On devine 27 apéricubes et Carlito a battu Mcfly ! NON BIEN ENTENDU,True,OK,3hpCXchPy68,40:07,2407,40,40,True,,MISSING_IMAGE,,,,https://www.youtube.com/watch?v=3hpCXchPy68
S2025E04,IN_SCOPE,2025-01-16,,Bien entendu qu'on déguste des galettes et qu'on adore ça,Bien entendu qu’on déguste des galettes et qu’on adore ça,False,PUNCTUATION_EMOJI_EXACTNESS,k5O8cgUVpAA,22:33,1353,22,23,False,,MISSING_IMAGE,,,,https://www.youtube.com/watch?v=k5O8cgUVpAA
S2025E03,IN_SCOPE,2025-01-14,,"Ces scènes de cinéma qui nous ont traumatisés avec Maghla, Florent et Thomas Deseur","Ces scènes de cinéma qui nous ont traumatisés avec Maghla, Florent et Thomas Deseur",True,OK,QFUEiUeHw6M,27:54,1674,28,28,True,,MISSING_IMAGE,,,,https://www.youtube.com/watch?v=QFUEiUeHw6M
S2025E02,IN_SCOPE,2025-01-09,,On devine 29 saucissons et Elian a proposé « saucisson à la charcuterie »,On devine 29 saucissons et Elian a proposé « saucisson à la charcuterie »,False,COSMETIC_EXACTNESS,308bUl1V-vs,42:33,2553,43,43,True,,MISSING_IMAGE,,,,https://www.youtube.com/watch?v=308bUl1V-vs
S2025E01,IN_SCOPE,2025-01-07,,On élit les nouveaux commentaires du mur des haters,On élit les nouveaux commentaires du mur des haters,True,OK,0s06dX8vVrk,18:32,1112,18,19,False,,MISSING_IMAGE,,,,https://www.youtube.com/watch?v=0s06dX8vVrk
S2024E100,IN_SCOPE,2024-12-30,,"On réalise les rêves de Sacha, le frère de David","On réalise les rêves de Sacha, le frère de David",True,OK,GCfm_ga_mNc,54:42,3282,55,55,True,season finale,MISSING_IMAGE,,,,https://www.youtube.com/watch?v=GCfm_ga_mNc
S2024E99,IN_SCOPE,2024-12-27,,Pète-t-on trop dans nos vidéos ? Débat sérieux et mature,Pète-t-on trop dans nos vidéos ? Débat sérieux et mature,True,OK,E89F9-SYc9o,19:42,1182,20,20,True,,MISSING_IMAGE,,,,https://www.youtube.com/watch?v=E89F9-SYc9o
S2024E98,IN_SCOPE,2024-12-24,,On appelle des gens au hasard avec Maxime Biaggi et c'est incroyable bon sang,On appelle des gens au hasard avec Maxime Biaggi et c'est incroyable bon sang,True,OK,nm0BblIifOg,54:23,3263,54,54,True,,CONFIRMED_OFFICIAL_THUMBNAIL,https://artworks.thetvdb.com/banners/v4/episode/10869660/screencap/676fda0c2d6d6.jpg,0,,https://www.youtube.com/watch?v=nm0BblIifOg
S2024E97,IN_SCOPE,2024-12-21,,BLINDTEST DES SYNONYMES 4 feat CLARA LUCIANI & JULIEN DORÉ,BLINDTEST DES SYNONYMES 4 feat CLARA LUCIANI & JULIEN DORÉ,True,OK,6E5t4V1kpgw,28:39,1719,29,29,True,,CONFIRMED_OFFICIAL_THUMBNAIL,https://artworks.thetvdb.com/banners/v4/episode/10861777/screencap/6766a9a74122f.jpg,0,,https://www.youtube.com/watch?v=6E5t4V1kpgw
S2024E96,IN_SCOPE,2024-12-19,,On regarde des TikTok sur nous car on vit pour les caméras,On regarde des TikTok sur nous car on vit pour les caméras,True,OK,lJyU4gDliKg,25:58,1558,26,26,True,,MISSING_IMAGE,,,,https://www.youtube.com/watch?v=lJyU4gDliKg
S2024E95,IN_SCOPE,2024-12-17,,84 odeurs à deviner. Mcfly génie du jeu. Carlito et Florent ont le mérite d’être là.,84 odeurs à deviner. Mcfly génie du jeu. Carlito et Florent ont le mérite d’être là.,True,OK,uJKgW5dtov8,57:50,3470,58,58,True,,MISSING_IMAGE,,,,https://www.youtube.com/watch?v=uJKgW5dtov8
S2024E94,IN_SCOPE,2024-12-15,,La battle des spécialités régionales #4 (avec un Artus génial),La Battle des spécialités régionales #4 (avec un Artus génial),False,PUNCTUATION_EMOJI_EXACTNESS,Muc5DwOIy2w,40:13,2413,40,40,True,,MISSING_IMAGE,,,,https://www.youtube.com/watch?v=Muc5DwOIy2w
S2024E93,IN_SCOPE,2024-12-12,,C’est de la m*rde cette ouverture Pokémon ne cliquez pas !,C’est de la m*rde cette ouverture Pokémon ne cliquez pas !,True,OK,UNnFNKAhiec,16:32,992,16,17,False,,MISSING_IMAGE,,,,https://www.youtube.com/watch?v=UNnFNKAhiec
S2024E92,IN_SCOPE,2024-12-10,,Y’a deux génies dans cette vidéo et y’a aussi David et Raf,Y’a deux génies dans cette vidéo et y’a aussi David et Raf,True,OK,jzJQUEgyNLY,21:50,1310,22,22,True,,MISSING_IMAGE,,,,https://www.youtube.com/watch?v=jzJQUEgyNLY
S2024E91,IN_SCOPE,2024-12-06,,On ouvre nos mails et on répond OUI à 4 d’entre eux,On ouvre nos mails et on répond OUI à 4 d’entre eux,True,OK,gS_1NpLB_LY,23:07,1387,23,23,True,,MISSING_IMAGE,,,,https://www.youtube.com/watch?v=gS_1NpLB_LY
S2024E90,IN_SCOPE,2024-12-03,,Y’a quoi dans ma main ? (On fait gagner une pépite d’or et une voiture par exemple),Y’a quoi dans ma main ? (On fait gagner une pépite d’or et une voiture par exemple),True,OK,enCDtBO8ww8,42:58,2578,43,43,True,,CONFIRMED_OFFICIAL_THUMBNAIL,https://artworks.thetvdb.com/banners/v4/episode/10839791/screencap/675019cdb809b.jpg,0,,https://www.youtube.com/watch?v=enCDtBO8ww8
S2024E89,IN_SCOPE,2024-11-28,,Faites nous rire avec Joyca (très beau) et c’est de loin le meilleur épisode (très drôle),Faites nous rire avec Joyca (très beau) et c’est de loin le meilleur épisode (très drôle),True,OK,8iDFsLu9qJw,37:59,2279,38,38,True,,MISSING_IMAGE,,,,https://www.youtube.com/watch?v=8iDFsLu9qJw
S2024E88,IN_SCOPE,2024-11-26,,On teste nos pires phobies avec une psy qui nous rassure,On teste nos pires phobies avec une psy qui nous rassure,True,OK,HrEUlQ18wsc,30:39,1839,31,31,True,,MISSING_IMAGE,,,,https://www.youtube.com/watch?v=HrEUlQ18wsc
S2024E87,IN_SCOPE,2024-11-21,,4 jours au Canada : Y’a tellement de trucs géniaux qu’on sait plus ce qu’il y a,4 jours au Canada : Y’a tellement de trucs géniaux qu’on sait plus ce qu’il y a,True,OK,KZPXZ90uYiw,1:43:54,6234,104,104,True,,MISSING_IMAGE,,,,https://www.youtube.com/watch?v=KZPXZ90uYiw
S2024E86,IN_SCOPE,2024-11-18,,Les Québécois ont-ils un cœur ? avec un Djilsi grandiose,Les Québécois ont-ils un cœur ? avec un Djilsi grandiose,True,OK,rcJ-My-ShXs,26:20,1580,26,26,True,,MISSING_IMAGE,,,,https://www.youtube.com/watch?v=rcJ-My-ShXs
S2024E85,IN_SCOPE,2024-11-15,,LA BATTLE DES PAYS: on déguste les spécialités turques avec Byilhan,LA BATTLE DES PAYS : on déguste les spécialités turques avec Byilhan,False,PUNCTUATION_EMOJI_EXACTNESS,loGY94zf_sU,30:58,1858,30,31,False,,MISSING_IMAGE,,,,https://www.youtube.com/watch?v=loGY94zf_sU
S2024E84,IN_SCOPE,2024-11-12,,"On fait des choses qu’on déteste vraiment (astrologie, boxe thaï, concert de Mika, de Zola)","On fait des choses qu’on déteste vraiment (astrologie, boxe thaï, concert de Mika, de Zola)",True,OK,klFmok8I5fk,39:21,2361,39,39,True,,MISSING_IMAGE,,,,https://www.youtube.com/watch?v=klFmok8I5fk
S2024E83,IN_SCOPE,2024-11-07,,POPULAR POPINION : Mcfly n’aime pas la plage et ça me rend fou,POPULAR POPINION : Mcfly n’aime pas la plage et ça me rend fou,True,OK,h5gnO2w6kQ4,30:51,1851,31,31,True,,CONFIRMED_OFFICIAL_THUMBNAIL,https://artworks.thetvdb.com/banners/v4/episode/10790759/screencap/672dbd46264b0.jpg,0,,https://www.youtube.com/watch?v=h5gnO2w6kQ4
S2024E82,IN_SCOPE,2024-11-05,,"Melha nous dit que c'est le meilleur couscous de Paris, on va vérifier !","Melha nous dit que c'est le meilleur couscous de Paris, on va vérifier !",True,OK,9bM-Ir13TPQ,34:38,2078,35,35,True,,CONFIRMED_OFFICIAL_THUMBNAIL,https://artworks.thetvdb.com/banners/v4/episode/10787882/screencap/672ba78e09786.jpg,0,,https://www.youtube.com/watch?v=9bM-Ir13TPQ
S2024E81,IN_SCOPE,2024-10-31,,5 histoires flippantes volume 4 : Éteignez la lumière. Montez le son. Et cliquez.,5 histoires flippantes volume 4 : Éteignez la lumière. Montez le son. Et cliquez.,True,OK,5jkiH5j_LRU,1:10:11,4211,71,70,False,,MISSING_IMAGE,,,,https://www.youtube.com/watch?v=5jkiH5j_LRU
S2024E80,IN_SCOPE,2024-10-29,,On a aucune complicité avec Pascal Obispo…,On a aucune complicité avec Pascal Obispo…,True,OK,0j91tMOf5Aw,34:27,2067,34,34,True,,MISSING_IMAGE,,,,https://www.youtube.com/watch?v=0j91tMOf5Aw
S2024E79,IN_SCOPE,2024-10-25,,Nan mais là carrément ça nous envoie du sh*t,Nan mais là carrément ça nous envoie du sh*t,True,OK,Hs13tMd3_ck,47:25,2845,47,47,True,,MISSING_IMAGE,,,,https://www.youtube.com/watch?v=Hs13tMd3_ck
S2024E78,IN_SCOPE,2024-10-21,,Faites-nous rire et gagnez un scooter ou une mouche décédée par exemple,Faites-nous rire et gagnez un scooter ou une mouche décédée par exemple,True,OK,wapVCBBcCiM,30:44,1844,31,31,True,,MISSING_IMAGE,,,,https://www.youtube.com/watch?v=wapVCBBcCiM
S2024E77,IN_SCOPE,2024-10-18,,Les champions du monde de beatbox nous font un blindtest et c’est (insérer adjectif tel « sublime »),Les champions du monde de beatbox nous font un blindtest et c’est (insérer adjectif tel « sublime »),False,COSMETIC_EXACTNESS,T8RgYGPLds0,35:25,2125,35,35,True,,MISSING_IMAGE,,,,https://www.youtube.com/watch?v=T8RgYGPLds0
S2024E76,IN_SCOPE,2024-10-16,,On devine 43 sauces et Carlito n’a pas trouvé le ketchup.,On devine 43 sauces et Carlito n’a pas trouvé le ketchup.,True,OK,ydKtv2PJP0U,46:45,2805,46,47,False,,MISSING_IMAGE,,,,https://www.youtube.com/watch?v=ydKtv2PJP0U
S2024E75,IN_SCOPE,2024-10-14,,30.000 personnes qui nous détestent... et on y va quand même,30.000 personnes qui nous détestent... et on y va quand même,True,OK,ZHg--98aRlc,20:16,1216,20,20,True,,MISSING_IMAGE,,,,https://www.youtube.com/watch?v=ZHg--98aRlc
S2024E74,IN_SCOPE,2024-10-11,,Deux sales gosses au défilé Lacoste (et beaucoup de stars agglutinées),Deux sales gosses au défilé Lacoste (et beaucoup de stars agglutinées),True,OK,U1RxZLWn0M0,16:09,969,16,16,True,,MISSING_IMAGE,,,,https://www.youtube.com/watch?v=U1RxZLWn0M0
S2024E73,IN_SCOPE,2024-10-09,,La Battle des spécialités régionales #3 (Freddy est venu se régaler),La Battle des spécialités régionales #3 (Freddy est venu se régaler),True,OK,l2ICvGbWAKY,34:21,2061,34,34,True,,MISSING_IMAGE,,,,https://www.youtube.com/watch?v=l2ICvGbWAKY
S2024E72,IN_SCOPE,2024-10-06,,"Si on fait rien, la vidéo fait combien de vues ? Moi j’pense 430 000","Si on fait rien, la vidéo fait combien de vues ? Moi j’pense 430 000",True,OK,E5EtrHA0l0g,36:14,2174,36,36,True,,MISSING_IMAGE,,,,https://www.youtube.com/watch?v=E5EtrHA0l0g
S2024E71,IN_SCOPE,2024-10-02,,Qui sera la prochaine star de YouTube ? On juge vos chaînes en toute honnêteté,Qui sera la prochaine star de YouTube ? On juge vos chaînes en toute honnêteté,False,COSMETIC_EXACTNESS,ge9TDbJsZhU,26:40,1600,27,27,True,,MISSING_IMAGE,,,,https://www.youtube.com/watch?v=ge9TDbJsZhU
S2024E70,IN_SCOPE,2024-09-26,,"Les dégustations d’alcool, c’est fini ! ( + un extrait inédit avec Joyca et Elian)","Les dégustations d’alcool, c’est fini ! ( + un extrait inédit avec Joyca et Elian)",True,OK,D8RKdiLgQ4o,10:37,637,10,11,False,,MISSING_IMAGE,,,,https://www.youtube.com/watch?v=D8RKdiLgQ4o
S2024E69,IN_SCOPE,2024-09-24,,Rire jusqu’à en avoir mal aux pommettes avec Freddy Gladieux,Rire jusqu’à en avoir mal aux pommettes avec Freddy Gladieux,True,OK,WKDCtmw8N-c,41:05,2465,41,41,True,,MISSING_IMAGE,,,,https://www.youtube.com/watch?v=WKDCtmw8N-c
S2024E68,IN_SCOPE,2024-09-20,,On déguste des matières non comestibles,On déguste des matières non comestibles,True,OK,EaA5jmn6Hoc,25:56,1556,25,26,False,,MISSING_IMAGE,,,,https://www.youtube.com/watch?v=EaA5jmn6Hoc
S2024E67,IN_SCOPE,2024-09-18,,La vidéo s’arrête si l’un de nous rigole #3 (on bat notre record !),La vidéo s’arrête si l’un de nous rigole #3 (on bat notre record !),True,OK,pc5A9-kWeeA,1:52,112,1,2,False,,MISSING_IMAGE,,,,https://www.youtube.com/watch?v=pc5A9-kWeeA
S2024E66,IN_SCOPE,2024-09-16,,Lequel de nous 2 pollue le plus ? (Test empreinte carbone avec Jancovici),Lequel de nous 2 pollue le plus ? (Test empreinte carbone avec Jancovici),True,OK,rgMqsLCz2rg,28:26,1706,28,28,True,,MISSING_IMAGE,,,,https://www.youtube.com/watch?v=rgMqsLCz2rg
S2024E64,IN_SCOPE,2024-09-12,,La Battle des spécialités régionales #2 (attention la fondue débarque…),La Battle des spécialités régionales #2 (attention la fondue débarque…),True,OK,tqfzf7YOdMU,29:11,1751,29,29,True,,MISSING_IMAGE,,,,https://www.youtube.com/watch?v=tqfzf7YOdMU
S2024E63,IN_SCOPE,2024-09-05,,On s’habille fashion alors qu’on déteste ça…,On s’habille fashion alors qu’on déteste ça…,True,OK,v-olWj283x8,33:16,1996,33,33,True,,MISSING_IMAGE,,,,https://www.youtube.com/watch?v=v-olWj283x8
S2024E62,IN_SCOPE,2024-09-03,,La vidéo s’arrête si l’un de nous rigole #2,La vidéo s’arrête si l’un de nous rigole #2,True,OK,jvwFffucUSo,1:23,83,2,1,False,,MISSING_IMAGE,,,,https://www.youtube.com/watch?v=jvwFffucUSo
S2024E61,IN_SCOPE,2024-07-31,,"Pétanque Explorer : le documentaire. Les coulisses, les secrets, le bonheur.","Pétanque Explorer : le documentaire. Les coulisses, les secrets, le bonheur.",True,OK,Sh4rOohv-VQ,1:04:26,3866,64,64,True,,MISSING_IMAGE,,,,https://www.youtube.com/watch?v=Sh4rOohv-VQ
S2024E60,IN_SCOPE,2024-07-29,,Merci pour cette saison.,Merci pour cette saison.,True,OK,Izz25LRriEU,20:19,1219,20,20,True,mid-season finale,MISSING_IMAGE,,,,https://www.youtube.com/watch?v=Izz25LRriEU
S2024E59,IN_SCOPE,2024-07-26,,Mcfly va-t-il sauter de 17 mètres ? Cette phrase a-t-elle un sens ?,Mcfly va-t-il sauter de 17 mètres ? Cette phrase a-t-elle un sens ?,True,OK,gzKXMAWxXak,48:35,2915,48,49,False,,MISSING_IMAGE,,,,https://www.youtube.com/watch?v=gzKXMAWxXak
S2024E58,IN_SCOPE,2024-07-24,,Serez-vous capables de faire une super vidéo YouTube ?,Serez-vous capables de faire une super vidéo YouTube ?,True,OK,LtF5bfWkPc4,9:59,599,10,10,True,,MISSING_IMAGE,,,,https://www.youtube.com/watch?v=LtF5bfWkPc4
S2024E57,IN_SCOPE,2024-07-22,,2 min pour retenir la recette du cassoulet et la cuisiner pour Michel Sarran,2 min pour retenir la recette du cassoulet et la cuisiner pour Michel Sarran,True,OK,uZijFdftxAs,35:50,2150,36,36,True,,MISSING_IMAGE,,,,https://www.youtube.com/watch?v=uZijFdftxAs
S2024E56,IN_SCOPE,2024-07-18,,On a enfin trouvé un domaine où Mcfly est nul !,On a enfin trouvé un domaine où Mcfly est nul !,True,OK,tdm5SRE5MdM,26:20,1580,26,26,True,,MISSING_IMAGE,,,,https://www.youtube.com/watch?v=tdm5SRE5MdM
S2024E55,IN_SCOPE,2024-07-15,,On devine 45 saveurs de glace et le level de Mcfly c’est incroyable,On devine 45 saveurs de glace et le level de Mcfly c’est incroyable,True,OK,tyuBNZ_yAQ8,47:41,2861,47,48,False,,MISSING_IMAGE,,,,https://www.youtube.com/watch?v=tyuBNZ_yAQ8
S2024E54,IN_SCOPE,2024-07-12,,Podcartes Feat. Océane ????#2,Podcartes Feat. Océane 🌷#2,False,PUNCTUATION_EMOJI_EXACTNESS,FMTRmSa8iz8,41:16,2476,41,41,True,,MISSING_IMAGE,,,,https://www.youtube.com/watch?v=FMTRmSa8iz8
S2024E53,IN_SCOPE,2024-07-10,,Battle de cheeseburgers : ça va vous donner faim cette histoire...,Battle de cheeseburgers : ça va vous donner faim cette histoire...,True,OK,mip0AbCMiCY,10:44,644,11,11,True,,MISSING_IMAGE,,,,https://www.youtube.com/watch?v=mip0AbCMiCY
S2024E52,IN_SCOPE,2024-07-08,,On improvise des conférences Ted X avec Swann et Simon : c’est terrifiant mais si drôle,On improvise des conférences Ted X avec Swann et Simon : c’est terrifiant mais si drôle,True,OK,hkY72MMbwuM,38:57,2337,39,39,True,,MISSING_IMAGE,,,,https://www.youtube.com/watch?v=hkY72MMbwuM
S2024E51,IN_SCOPE,2024-07-03,,Tu te rends compte les pirates ?,Tu te rends compte les pirates ?,True,OK,EmW044kdz7A,50:56,3056,50,51,False,,MISSING_IMAGE,,,,https://www.youtube.com/watch?v=EmW044kdz7A
S2024E50,IN_SCOPE,2024-06-27,,Les pires pièges de la langue française feat Maîtresse Adeline (vous allez faire des fautes),Les pires pièges de la langue française feat Maîtresse Adeline (vous allez faire des fautes),True,OK,l19k9GWUVAw,29:25,1765,29,29,True,,MISSING_IMAGE,,,,https://www.youtube.com/watch?v=l19k9GWUVAw
S2024E49,IN_SCOPE,2024-06-24,,"L'addiction au smartphone et aux réseaux sociaux, sujet important avec Fabien Olicard","L’addiction au smartphone et aux réseaux sociaux, sujet important avec Fabien Olicard",False,PUNCTUATION_EMOJI_EXACTNESS,2XZ-Hetd-48,1:45:39,6339,105,106,False,,MISSING_IMAGE,,,,https://www.youtube.com/watch?v=2XZ-Hetd-48
S2024E48,IN_SCOPE,2024-06-20,,Dégustation de fromages avec le champion du monde qui est l'humain le plus adorable de la planète,Dégustation de fromages avec le champion du monde qui est l’humain le plus adorable de la planète,False,PUNCTUATION_EMOJI_EXACTNESS,sualgxDZk4Q,29:19,1759,29,29,True,,MISSING_IMAGE,,,,https://www.youtube.com/watch?v=sualgxDZk4Q
S2024E47,IN_SCOPE,2024-06-18,,Journée d'entraînement pétanque avec tout le monde sauf Freddy qui a une bonne excuse,Journée d’entraînement pétanque avec tout le monde sauf Freddy qui a une bonne excuse,False,PUNCTUATION_EMOJI_EXACTNESS,-NyXlptpecs,30:21,1821,30,30,True,,MISSING_IMAGE,,,,https://www.youtube.com/watch?v=-NyXlptpecs
S2024E46,IN_SCOPE,2024-06-14,,La battle des spécialités régionales #1 (ça va vous donner si faim...),LA BATTLE DES SPÉCIALITÉS RÉGIONALES #1 (ça va vous donner si faim…),False,PUNCTUATION_EMOJI_EXACTNESS,eRkRtrh776k,31:49,1909,31,32,False,,MISSING_IMAGE,,,,https://www.youtube.com/watch?v=eRkRtrh776k
S2024E45,IN_SCOPE,2024-06-12,,Burolympics feat Michael Youn et Vincent Desagnat ainsi que nos très chères mères,BUROLYMPICS feat Michael Youn et Vincent Desagnat ainsi que nos très chères mères,False,PUNCTUATION_EMOJI_EXACTNESS,0sVVPy8t3JI,20:26,1226,20,20,True,,MISSING_IMAGE,,,,https://www.youtube.com/watch?v=0sVVPy8t3JI
S2024E44,IN_SCOPE,2024-06-10,,Chris Marques nous apprend la salsa et on découvre qu'il est fascinant,Chris Marques nous apprend la salsa et on découvre qu'il est fascinant,True,OK,l_1UOSdqhds,38:11,2291,38,38,True,,MISSING_IMAGE,,,,https://www.youtube.com/watch?v=l_1UOSdqhds
S2024E43,IN_SCOPE,2024-06-06,,Objets Fétriches feat Marina Foïs (qui ment le mieux ?),Objets Fétriches feat Marina Foïs (qui ment le mieux ?),True,OK,dhT_Ni2R9ns,18:04,1084,18,18,True,,MISSING_IMAGE,,,,https://www.youtube.com/watch?v=dhT_Ni2R9ns
S2024E42,IN_SCOPE,2024-06-04,,NOSTALGIE LEVEL MAX avec Alison Wheeler (magnifique surprise à la fin),NOSTALGIE LEVEL MAX avec Alison Wheeler (magnifique surprise à la fin),True,OK,33r_LPJgg4I,29:16,1756,30,29,False,,MISSING_IMAGE,,,,https://www.youtube.com/watch?v=33r_LPJgg4I
S2024E41,IN_SCOPE,2024-05-30,,Les p'tits goûters tah l'époque (retour sucré en enfance),Les p’tits goûters tah l’époque (retour sucré en enfance),False,PUNCTUATION_EMOJI_EXACTNESS,sNjfz8e4E40,32:51,1971,33,33,True,,MISSING_IMAGE,,,,https://www.youtube.com/watch?v=sNjfz8e4E40
S2024E40,IN_SCOPE,2024-05-27,,"Réunion avec Bigflo & Oli : Méli Mélo 4, sujets profonds, authenticité totale","Réunion avec Bigflo & Oli : Méli Mélo 4, sujets profonds, authenticité totale",True,OK,IUIO7YFvZek,46:50,2810,47,47,True,,MISSING_IMAGE,,,,https://www.youtube.com/watch?v=IUIO7YFvZek
S2024E39,IN_SCOPE,2024-05-21,,On joue avec M dans le métro ! (les frissons sur Machistador),On joue avec M dans le métro ! (les frissons sur Machistador),True,OK,MXq3-HB7VQs,15:57,957,16,16,True,,MISSING_IMAGE,,,,https://www.youtube.com/watch?v=MXq3-HB7VQs
S2024E38,IN_SCOPE,2024-05-17,,On mange vegan pour la première fois et le verdict est immédiat,On mange Vegan pour la première fois et le verdict est immédiat,False,PUNCTUATION_EMOJI_EXACTNESS,8laft1o2_-8,31:34,1894,32,32,True,,MISSING_IMAGE,,,,https://www.youtube.com/watch?v=8laft1o2_-8
S2024E37,IN_SCOPE,2024-05-15,,À quel youtubeur appartient ce pet ? Notre plus belle idée.,À quel youtubeur appartient ce pet ? Notre plus belle idée.,True,OK,ujMR9eBXkKY,14:08,848,14,14,True,,MISSING_IMAGE,,,,https://www.youtube.com/watch?v=ujMR9eBXkKY
S2024E36,IN_SCOPE,2024-05-13,,"""Ne rien lâcher"", la passionnante trajectoire de Philippe Lacheau","""Ne rien lâcher"", la passionnante trajectoire de Philippe Lacheau",True,OK,xegEjWNoRE0,1:22:03,4923,90,82,False,,MISSING_IMAGE,,,,https://www.youtube.com/watch?v=xegEjWNoRE0
S2024E35,IN_SCOPE,2024-05-11,,Qui présentera le mieux la météo ? (avec la légendaire Evelyne Dhéliat),Qui présentera le mieux la météo ? (avec la légendaire Evelyne Dhéliat),True,OK,OtVHviQkqlM,30:25,1825,30,30,True,,MISSING_IMAGE,,,,https://www.youtube.com/watch?v=OtVHviQkqlM
S2024E34,IN_SCOPE,2024-05-09,,Dans les coulisses de la vidéo TOUTATIS,Dans les coulisses de la vidéo TOUTATIS,True,OK,L7jKaaalbTs,18:25,1105,18,18,True,,PRESENT_ORIGIN_UNPROVEN_SCREENSHOT_OR_CUSTOM,https://artworks.thetvdb.com/banners/v4/episode/10436744/screencap/663e7cafdefe3.jpg,8,,https://www.youtube.com/watch?v=L7jKaaalbTs
S2024E33,IN_SCOPE,2024-05-07,,Le pétanque explorer c’est officiel. Et on s’entraîne avec Dylan Rocher le meilleur joueur du monde,Le pétanque explorer c’est officiel. Et on s’entraîne avec Dylan Rocher le meilleur joueur du monde,True,OK,5dfI9L3m7KA,23:42,1422,23,24,False,,PRESENT_ORIGIN_UNPROVEN_SCREENSHOT_OR_CUSTOM,https://artworks.thetvdb.com/banners/v4/episode/10436743/screencap/663e7c3534ab2.jpg,12,,https://www.youtube.com/watch?v=5dfI9L3m7KA
S2024E32,IN_SCOPE,2024-05-02,,"Qui tiendra le plus longtemps dans Toutatis, le grand huit le plus fou d’Europe ?","Qui tiendra le plus longtemps dans Toutatis, le grand huit le plus fou d’Europe ?",True,OK,7YhGwSaLzC0,55:41,3341,55,56,False,,CONFIRMED_OFFICIAL_THUMBNAIL,https://artworks.thetvdb.com/banners/v4/episode/10480429/screencap/663e71e51e501.jpg,0,,https://www.youtube.com/watch?v=7YhGwSaLzC0
S2024E31,IN_SCOPE,2024-04-30,,On a du nouveau pour les Red Hot ! (Flea nous a répondu…),On a du nouveau pour les Red Hot ! (Flea nous a répondu…),True,OK,jSImrq1ot5o,12:53,773,13,13,True,,MISSING_IMAGE,,,,https://www.youtube.com/watch?v=jSImrq1ot5o
S2024E30,IN_SCOPE,2024-04-25,,"""On peut pas retirer le crachoir ?"" (superbe dégust' champagnes avec Natoo)","""On peut pas retirer le crachoir ?"" (superbe dégust' champagnes avec Natoo)",True,OK,sA7jEa57CAw,30:06,1806,30,30,True,,MISSING_IMAGE,,,,https://www.youtube.com/watch?v=sA7jEa57CAw
S2024E29,IN_SCOPE,2024-04-22,,Éducation et parentalité : comment donner le meilleur à nos enfants ?,Éducation et parentalité  : comment donner le meilleur à nos enfants ?,False,COSMETIC_EXACTNESS,KeszsCS_4C8,1:41:57,6117,101,102,False,,CONFIRMED_OFFICIAL_THUMBNAIL,https://artworks.thetvdb.com/banners/v4/episode/10480426/screencap/663e7ad0c0c58.jpg,4,,https://www.youtube.com/watch?v=KeszsCS_4C8
S2024E28,IN_SCOPE,2024-04-16,,Podcartes feat un abonné #1,Podcartes feat un abonné #1,True,OK,i7dIOxJXAKM,44:26,2666,44,44,True,,CONFIRMED_OFFICIAL_THUMBNAIL,https://artworks.thetvdb.com/banners/v4/episode/10480421/screencap/663e7a6eeda86.jpg,0,,https://www.youtube.com/watch?v=i7dIOxJXAKM
S2024E27,IN_SCOPE,2024-04-09,,57 sodas avec FloBer. Imaginez notre état.,57 sodas avec FloBer. Imaginez notre état.,True,OK,yJr4VFNraFo,54:34,3274,54,55,False,,MISSING_IMAGE,,,,https://www.youtube.com/watch?v=yJr4VFNraFo
S2024E26,IN_SCOPE,2024-04-06,,On va dans l'usine Bret's pour goûter les nouvelles saveurs et ils nous révèlent LE grand secret...,On va dans l'usine Bret's pour goûter les nouvelles saveurs et ils nous révèlent LE grand secret...,True,OK,z08zUwT15xw,1:03:15,3795,63,63,True,,MISSING_IMAGE,,,,https://www.youtube.com/watch?v=z08zUwT15xw
S2024E25,IN_SCOPE,2024-04-03,,Complète la dinguerie (y'en a une qui surpasse toutes les autres...),Complète la dinguerie (y'en a une qui surpasse toutes les autres...),True,OK,vmnNmIzdpVw,16:11,971,16,16,True,,MISSING_IMAGE,,,,https://www.youtube.com/watch?v=vmnNmIzdpVw
S2024E24,IN_SCOPE,2024-04-01,,Les secrets et coulisses du cultissime Morning Live,Les secrets et coulisses du cultissime Morning Live,True,OK,qP6g6UZjOVY,58:04,3484,58,58,True,,PRESENT_ORIGIN_UNPROVEN_SCREENSHOT_OR_CUSTOM,https://artworks.thetvdb.com/banners/v4/episode/10436742/screencap/663e793433885.jpg,10,,https://www.youtube.com/watch?v=qP6g6UZjOVY
S2024E23,IN_SCOPE,2024-03-28,,"Battle de bières : un génie, un mito et un naze","Battle de bières : un génie, un mito et un naze",True,OK,wp5fOS5hSrs,14:51,891,14,15,False,,MISSING_IMAGE,,,,https://www.youtube.com/watch?v=wp5fOS5hSrs
S2024E22,IN_SCOPE,2024-03-26,,Dégustation de on sait plus combien de bières mais qu'est-ce qu'on a ri,Dégustation de on sait plus combien de bières mais qu'est-ce qu'on a ri,True,OK,q_ZU6t7ri5I,42:22,2542,42,42,True,,MISSING_IMAGE,,,,https://www.youtube.com/watch?v=q_ZU6t7ri5I
S2024E21,IN_SCOPE,2024-03-21,,On goûte les 4 spécialités culinaires les plus cheloues de la planète #3 (âmes sensibles s’abstenir),On goûte les 4 spécialités culinaires les plus cheloues de la planète #3 (âmes sensibles s’abstenir),True,OK,Eu4RtkzDKzI,26:22,1582,26,26,True,,MISSING_IMAGE,,,,https://www.youtube.com/watch?v=Eu4RtkzDKzI
S2024E20,IN_SCOPE,2024-03-18,,Discussion passionnée autour des mangas avec Lous et Cyprien,Discussion passionnée autour des mangas avec Lous et Cyprien,True,OK,8EhRnXZJ_-0,1:38:22,5902,98,98,True,,CONFIRMED_OFFICIAL_THUMBNAIL,https://artworks.thetvdb.com/banners/v4/episode/10436715/screencap/663e7841c38fe.jpg,4,,https://www.youtube.com/watch?v=8EhRnXZJ_-0
S2024E19,IN_SCOPE,2024-03-14,,"PAINBALL : si t’es pas honnête, tu souffres #2 feat Paul Mirabel","PAINBALL : si t’es pas honnête, tu souffres #2 feat Paul Mirabel",True,OK,X5IyhotPoT0,29:22,1762,29,29,True,,MISSING_IMAGE,,,,https://www.youtube.com/watch?v=X5IyhotPoT0
S2024E18,IN_SCOPE,2024-03-12,,On devine 41 saveurs de sirop et c'est un enfer,On devine 41 saveurs de sirop et c'est un enfer,True,OK,UpnLxLY9r6o,42:28,2548,42,42,True,,MISSING_IMAGE,,,,https://www.youtube.com/watch?v=UpnLxLY9r6o
S2024E17,IN_SCOPE,2024-03-07,,Du rire et des associations alimentaires douteuses avec Jeremy Nadeau (feat l’échelle),Du rire et des associations alimentaires douteuses avec Jeremy Nadeau (feat l’échelle),True,OK,lKvtL7Nw06M,28:26,1706,28,28,True,,MISSING_IMAGE,,,,https://www.youtube.com/watch?v=lKvtL7Nw06M
S2024E16,IN_SCOPE,2024-03-05,,Venez on se rappelle de Golden Moustache car c’était trop bien,Venez on se rappelle de Golden Moustache car c’était trop bien,True,OK,uCnH55DAOWk,30:46,1846,30,31,False,,MISSING_IMAGE,,,,https://www.youtube.com/watch?v=uCnH55DAOWk
S2024E15,IN_SCOPE,2024-02-28,,Retour sur les objets qui ont marqué notre enfance avec Cyprien NOSTALGIE LEVEL MAX,Retour sur les objets qui ont marqué notre enfance avec Cyprien NOSTALGIE LEVEL MAX,True,OK,k9hLku6g2i4,32:39,1959,32,33,False,,MISSING_IMAGE,,,,https://www.youtube.com/watch?v=k9hLku6g2i4
S2024E14,IN_SCOPE,2024-02-26,,La gestion des émotions feat Djilsi et Paola,La gestion des émotions feat Djilsi et Paola,True,OK,Yyy7J_mb5pg,1:34:36,5676,94,95,False,,PRESENT_ORIGIN_UNPROVEN_SCREENSHOT_OR_CUSTOM,https://artworks.thetvdb.com/banners/v4/episode/10436709/screencap/663e768e272c8.jpg,8,,https://www.youtube.com/watch?v=Yyy7J_mb5pg
S2024E13,IN_SCOPE,2024-02-15,,Faites-nous rire et gagnez un SMIC ou un Bec Bunsen par exemple,Faites-nous rire et gagnez un SMIC ou un Bec Bunsen par exemple,True,OK,qEeNgCFjP1A,30:40,1840,30,31,False,,MISSING_IMAGE,,,,https://www.youtube.com/watch?v=qEeNgCFjP1A
S2024E12,IN_SCOPE,2024-02-13,,Excusez-moi monsieur mais il y a une crotte de nez sur le traversin,Excusez-moi monsieur mais il y a une crotte de nez sur le traversin,True,OK,YhainxWmVgY,59:00,3540,59,59,True,,MISSING_IMAGE,,,,https://www.youtube.com/watch?v=YhainxWmVgY
S2024E11,IN_SCOPE,2024-02-08,,"Mario Carte Bleue OG feat Antoine Dupont (tu perds, tu paies)","Mario Carte Bleue OG feat Antoine Dupont (tu perds, tu paies)",True,OK,W3Y8bCDZFXE,33:01,1981,33,33,True,,PRESENT_ORIGIN_UNPROVEN_SCREENSHOT_OR_CUSTOM,https://artworks.thetvdb.com/banners/v4/episode/10436729/screencap/663e75c519e4d.jpg,6,,https://www.youtube.com/watch?v=W3Y8bCDZFXE
S2024E10,IN_SCOPE,2024-02-06,,"Dégustation de 8 piments bruts, avec un quasi décès de Mcfly","Dégustation de 8 piments bruts, avec un quasi décès de Mcfly",True,OK,jslLKDDtoa8,28:23,1703,28,28,True,,MISSING_IMAGE,,,,https://www.youtube.com/watch?v=jslLKDDtoa8
S2024E09,IN_SCOPE,2024-02-02,,5 humoristes brillants pour notre 1ère émission stand up (Julien Santini au sommet),5 humoristes brillants pour notre 1ère émission stand up (Julien Santini au sommet),True,OK,xpYs-SSpfEk,1:33:59,5639,93,94,False,,PRESENT_ORIGIN_UNPROVEN_SCREENSHOT_OR_CUSTOM,https://artworks.thetvdb.com/banners/v4/episode/10436704/screencap/663e753fbbcc6.jpg,6,,https://www.youtube.com/watch?v=xpYs-SSpfEk
S2024E08,IN_SCOPE,2024-01-31,,La vidéo s’arrête si l’un de nous rigole,La vidéo s’arrête si l’un de nous rigole,True,OK,Bf5YZPAjnIA,0:44,44,1,1,True,,PRESENT_ORIGIN_UNPROVEN_SCREENSHOT_OR_CUSTOM,https://artworks.thetvdb.com/banners/v4/episode/10436703/screencap/663e74b85dafb.jpg,18,,https://www.youtube.com/watch?v=Bf5YZPAjnIA
S2024E07,IN_SCOPE,2024-01-29,,"Boire 10 cafés, devenir fous, construire un château de cartes, devenir fous","Boire 10 cafés, devenir fous, construire un château de cartes, devenir fous",True,OK,UmwUm23QOtk,31:23,1883,31,31,True,,MISSING_IMAGE,,,,https://www.youtube.com/watch?v=UmwUm23QOtk
S2024E06,IN_SCOPE,2024-01-25,,RACLETTE LEAGUE : tu manges une raclette OU tu passes la raclette (feat Thomas & Amixem),RACLETTE LEAGUE : tu manges une raclette OU tu passes la raclette (feat Thomas & Amixem),True,OK,uaDxk6I8B3k,48:35,2915,48,49,False,,CONFIRMED_OFFICIAL_THUMBNAIL,https://artworks.thetvdb.com/banners/v4/episode/10436701/screencap/663e743e4f4db.jpg,0,,https://www.youtube.com/watch?v=uaDxk6I8B3k
S2024E05,IN_SCOPE,2024-01-22,,Le journalisme d’aujourd’hui feat Élise Lucet et Hugo Décrypte,Le journalisme d’aujourd’hui feat Élise Lucet et Hugo Décrypte,True,OK,tZNU5iRL5p0,1:26:50,5210,86,87,False,,PRESENT_ORIGIN_UNPROVEN_SCREENSHOT_OR_CUSTOM,https://artworks.thetvdb.com/banners/v4/episode/10436700/screencap/663e73f87fedb.jpg,6,,https://www.youtube.com/watch?v=tZNU5iRL5p0
S2024E04,IN_SCOPE,2024-01-19,,On goûte les 4 spécialités culinaires les plus cheloues de la planète #2 (âmes sensibles s’abstenir),On goûte les 4 spécialités culinaires les plus cheloues de la planète #2 (âmes sensibles s’abstenir),True,OK,-ZCzKxoGHeM,27:40,1660,27,28,False,,PRESENT_ORIGIN_UNPROVEN_SCREENSHOT_OR_CUSTOM,https://artworks.thetvdb.com/banners/v4/episode/10401255/screencap/663e734e96e2a.jpg,6,,https://www.youtube.com/watch?v=-ZCzKxoGHeM
S2024E03,IN_SCOPE,2024-01-15,,Battle d’eaux plates : La saga continue,Battle d’eaux plates : La saga continue,True,OK,4hBiY44oS70,13:22,802,13,13,True,,PRESENT_ORIGIN_UNPROVEN_SCREENSHOT_OR_CUSTOM,https://artworks.thetvdb.com/banners/v4/episode/10401250/screencap/663e72fe85fe1.jpg,18,,https://www.youtube.com/watch?v=4hBiY44oS70
S2024E02,IN_SCOPE,2024-01-12,,Retour sur le succès UNANIME de Stand Up de m*rde 3,Retour sur le succès UNANIME de Stand Up de m*rde 3,True,OK,5VfjOmxcooU,23:06,1386,23,23,True,,MISSING_IMAGE,,,,https://www.youtube.com/watch?v=5VfjOmxcooU
S2024E01,IN_SCOPE,2024-01-09,,2 min pour retenir une recette et la cuisiner à l’aveugle feat. Hélène Darroze,2 min pour retenir une recette et la cuisiner à l’aveugle feat. Hélène Darroze,True,OK,8S4KsOus_tM,30:30,1830,30,31,False,,PRESENT_ORIGIN_UNPROVEN_SCREENSHOT_OR_CUSTOM,https://artworks.thetvdb.com/banners/v4/episode/10239763/screencap/659dc1f1a49b8.jpg,6,,https://www.youtube.com/watch?v=8S4KsOus_tM
S2023E38,IN_SCOPE,2023-12-25,,AUTO-ROAST : on se clash violemment et c’est si satisfaisant VOLUME 2,AUTO-ROAST : on se clash violemment et c’est si satisfaisant VOLUME 2,True,OK,bRUn6EcaGY8,51:01,3061,51,51,True,season finale,PRESENT_ORIGIN_UNPROVEN_SCREENSHOT_OR_CUSTOM,https://artworks.thetvdb.com/banners/v4/episode/10239781/screencap/659dc30166624.jpg,8,,https://www.youtube.com/watch?v=bRUn6EcaGY8
S2023E37,IN_SCOPE,2023-12-22,,On devine 24 saveurs de chips. Mcfly se découvre un don. Carlito non.,On devine 24 saveurs de chips. Mcfly se découvre un don. Carlito non.,True,OK,eCgbxNZGr9Y,24:58,1498,24,25,False,,MISSING_IMAGE,,,,https://www.youtube.com/watch?v=eCgbxNZGr9Y
S2023E36,IN_SCOPE,2023-12-20,,Nous adorons Natoo. Nous adorons les jeux de mots. Voici une vidéo avec Natoo et des jeux de mots,Nous adorons Natoo. Nous adorons les jeux de mots. Voici une vidéo avec Natoo et des jeux de mots,True,OK,WpcXv6Rwprg,21:25,1285,21,21,True,,MISSING_IMAGE,,,,https://www.youtube.com/watch?v=WpcXv6Rwprg
S2023E35,IN_SCOPE,2023-12-18,,"L'Amour : attirance, rupture, couple, comment gérer ? feat Paola et Cyrus North","L'Amour : attirance, rupture, couple, comment gérer ? feat Paola et Cyrus North",True,OK,WT9KS06IW9Y,1:30:10,5410,90,90,True,,CONFIRMED_OFFICIAL_THUMBNAIL,https://artworks.thetvdb.com/banners/v4/episode/10239778/screencap/659dc44cbe9cb.jpg,4,,https://www.youtube.com/watch?v=WT9KS06IW9Y
S2023E34,IN_SCOPE,2023-12-15,,NOS enfants répondent à VOS questions,NOS enfants répondent à VOS questions,True,OK,usTqmg0xNZY,37:27,2247,37,37,True,,PRESENT_ORIGIN_UNPROVEN_SCREENSHOT_OR_CUSTOM,https://artworks.thetvdb.com/banners/v4/episode/10195797/screencap/657e363acf603.jpg,32,,https://www.youtube.com/watch?v=usTqmg0xNZY
S2023E33,IN_SCOPE,2023-12-13,,Simplement des rires entre amis en jouant à un jeu de société,Simplement des rires entre amis en jouant à un jeu de société,True,OK,CboWyXjVZ6I,21:21,1281,21,21,True,,MISSING_IMAGE,,,,https://www.youtube.com/watch?v=CboWyXjVZ6I
S2023E32,IN_SCOPE,2023-12-11,,Qui s'y connaît le mieux en vin ? (on a l'alcool très bon vous verrez),Qui s'y connaît le mieux en vin ? (on a l'alcool très bon vous verrez),True,OK,9C0CbKYPq80,32:54,1974,33,33,True,,MISSING_IMAGE,,,,https://www.youtube.com/watch?v=9C0CbKYPq80
S2023E31,IN_SCOPE,2023-12-07,,IA OU VRAI ARTISTE : Serez-vous meilleurs qu’Inox ?,IA OU VRAI ARTISTE : Serez-vous meilleurs qu’Inox ?,True,OK,biTKRbrtdRo,32:26,1946,32,32,True,,MISSING_IMAGE,,,,https://www.youtube.com/watch?v=biTKRbrtdRo
S2023E30,IN_SCOPE,2023-12-05,,On a retrouvé notre PREMIÈRE chaîne Youtube (combo cringe + fierté),On a retrouvé notre PREMIÈRE chaîne Youtube (combo cringe + fierté),True,OK,Esz2VEJfDBU,25:50,1550,26,26,True,,CONFIRMED_OFFICIAL_THUMBNAIL,https://artworks.thetvdb.com/banners/v4/episode/10195793/screencap/657e272fbbadd.jpg,0,,https://www.youtube.com/watch?v=Esz2VEJfDBU
S2023E29,IN_SCOPE,2023-12-01,,On ouvre des cartes Pokémon avec Bigflo et bien entendu la fin est magique,On ouvre des cartes Pokémon avec Bigflo et bien entendu la fin est magique,True,OK,T5NNogF3vSM,31:38,1898,31,32,False,,MISSING_IMAGE,,,,https://www.youtube.com/watch?v=T5NNogF3vSM
S2023E28,IN_SCOPE,2023-11-27,,Quelles solutions concrètes pour la planète avec Sophie Szopa (GIEC) et Jean Marc Jancovici,Quelles solutions concrètes pour la planète avec Sophie Szopa (GIEC) et Jean Marc Jancovici,True,OK,9_AStu-0KhY,1:28:16,5296,88,88,True,,CONFIRMED_OFFICIAL_THUMBNAIL,https://artworks.thetvdb.com/banners/v4/episode/10171653/screencap/656a7f59a6a5d.jpg,2,,https://www.youtube.com/watch?v=9_AStu-0KhY
S2023E27,IN_SCOPE,2023-11-23,,Les voix de dessins animés cultes nous font un blindtest génial 3 (ft Mastu et Joyca),Les voix de dessins animés cultes nous font un blindtest génial 3 (ft Mastu et Joyca),True,OK,qi9xSXJKRIc,47:56,2876,48,48,True,,CONFIRMED_OFFICIAL_THUMBNAIL,https://artworks.thetvdb.com/banners/v4/episode/10160514/screencap/656083f1c7125.jpg,0,,https://www.youtube.com/watch?v=qi9xSXJKRIc
S2023E26,IN_SCOPE,2023-11-21,,On goute 10 boissons énergisantes et Michel Cymes trouve ça aberrant,On goute 10 boissons énergisantes et Michel Cymes trouve ça aberrant,True,OK,IPbff7iEfPc,22:41,1361,22,23,False,,MISSING_IMAGE,,,,https://www.youtube.com/watch?v=IPbff7iEfPc
S2023E25,IN_SCOPE,2023-11-17,,On joue une scène avec Marion Cotillard et elle juge nos talents de comédiens,On joue une scène avec Marion Cotillard et elle juge nos talents de comédiens,True,OK,VUVw7uenYrk,23:11,1391,23,23,True,,PRESENT_ORIGIN_UNPROVEN_SCREENSHOT_OR_CUSTOM,https://artworks.thetvdb.com/banners/v4/episode/10158030/screencap/65609035520b9.jpg,8,,https://www.youtube.com/watch?v=VUVw7uenYrk
S2023E24,IN_SCOPE,2023-11-15,,Mcfly prétend être expert en eaux gazeuses… saura-t-il les reconnaître ?,Mcfly prétend être expert en eaux gazeuses… saura-t-il les reconnaître ?,True,OK,wVipea42_Js,10:12,612,10,10,True,,MISSING_IMAGE,,,,https://www.youtube.com/watch?v=wVipea42_Js
S2023E23,IN_SCOPE,2023-11-13,,On pensait que TikTok Girl serait un énorme hit,On pensait que TikTok Girl serait un énorme hit,True,OK,HO79Tebmbgk,18:08,1088,18,18,True,,MISSING_IMAGE,,,,https://www.youtube.com/watch?v=HO79Tebmbgk
S2023E22,IN_SCOPE,2023-11-10,,"PAINBALL : si t’es pas honnête, tu souffres feat Djilsi","PAINBALL : si t’es pas honnête, tu souffres feat Djilsi",True,OK,rF3gNDTAlBs,27:11,1631,27,27,True,,MISSING_IMAGE,,,,https://www.youtube.com/watch?v=rF3gNDTAlBs
S2023E21,IN_SCOPE,2023-11-07,,On vous montre nos vidéos préférées d’internet,On vous montre nos vidéos préférées d’internet,True,OK,tVr_8Fvgl5E,27:13,1633,27,27,True,,MISSING_IMAGE,,,,https://www.youtube.com/watch?v=tVr_8Fvgl5E
S2023E20,IN_SCOPE,2023-11-03,,On goûte les 4 spécialités les plus cheloues de la planète (âmes sensibles s’abstenir),On goûte les 4 spécialités les plus cheloues de la planète (âmes sensibles s’abstenir),True,OK,heoG23QPB28,22:32,1352,22,23,False,,MISSING_IMAGE,,,,https://www.youtube.com/watch?v=heoG23QPB28
S2023E19,IN_SCOPE,2023-10-31,,2 histoires d'horreur par les 2 meilleurs conteurs (Christophe Hondelatte à son prime),2 histoires d'horreur par les 2 meilleurs conteurs (Christophe Hondelatte à son prime),True,OK,ajb29ojr9to,51:28,3088,51,51,True,,PRESENT_ORIGIN_UNPROVEN_SCREENSHOT_OR_CUSTOM,https://artworks.thetvdb.com/banners/v4/episode/10118655/screencap/654e63c192ee7.jpg,8,,https://www.youtube.com/watch?v=ajb29ojr9to
S2023E18,IN_SCOPE,2023-10-26,,"On a reçu Éric Antoine, la magie a opéré et les fous rires se sont enchainés","On a reçu Éric Antoine, la magie a opéré et les fous rires se sont enchainés",True,OK,_Wybp2jAHUg,28:08,1688,28,28,True,,CONFIRMED_OFFICIAL_THUMBNAIL,https://artworks.thetvdb.com/banners/v4/episode/10110316/screencap/654e640f12772.jpg,2,,https://www.youtube.com/watch?v=_Wybp2jAHUg
S2023E17,IN_SCOPE,2023-10-24,,Cette star américaine nous a plagié (et on lui en veut toujours),Cette star américaine nous a plagié (et on lui en veut toujours),True,OK,_HvOtCTBfGI,17:41,1061,18,18,True,,MISSING_IMAGE,,,,https://www.youtube.com/watch?v=_HvOtCTBfGI
S2023E16,IN_SCOPE,2023-10-20,,Peut-on écrire un tweet sans se faire insulter ? Réponse dans cette vidéo.,Peut-on écrire un tweet sans se faire insulter ? Réponse dans cette vidéo.,True,OK,rpPdTETJERc,16:37,997,16,17,False,,CONFIRMED_OFFICIAL_THUMBNAIL,https://artworks.thetvdb.com/banners/v4/episode/10108474/screencap/654e663d28506.jpg,4,,https://www.youtube.com/watch?v=rpPdTETJERc
S2023E15,IN_SCOPE,2023-10-18,,Concours de Trashtalk face à Cédric Doumbè,Concours de Trashtalk face à Cédric Doumbè,True,OK,fmSBBluimjo,17:20,1040,17,17,True,,CONFIRMED_OFFICIAL_THUMBNAIL,https://artworks.thetvdb.com/banners/v4/episode/10098040/screencap/654e668629e96.jpg,4,,https://www.youtube.com/watch?v=fmSBBluimjo
S2023E14,IN_SCOPE,2023-10-16,,À la recherche du bonheur feat Joyca et Cyrus North,À la recherche du bonheur feat Joyca et Cyrus North,True,OK,X_Tn7lcj-lM,1:49:17,6557,109,109,True,,PRESENT_ORIGIN_UNPROVEN_SCREENSHOT_OR_CUSTOM,https://artworks.thetvdb.com/banners/v4/episode/10097470/screencap/654e66c684e13.jpg,6,,https://www.youtube.com/watch?v=X_Tn7lcj-lM
S2023E13,IN_SCOPE,2023-10-12,,On débarque sans prévenir à leur mariage et on a un super cadeau,On débarque sans prévenir à leur mariage et on a un super cadeau 💍,False,COSMETIC_EXACTNESS,UWWHnVaMBfU,42:01,2521,42,42,True,,CONFIRMED_OFFICIAL_THUMBNAIL,https://artworks.thetvdb.com/banners/v4/episode/10089094/screencap/654e67050324c.jpg,0,,https://www.youtube.com/watch?v=UWWHnVaMBfU
S2023E12,IN_SCOPE,2023-10-10,,Carlito teste des perruques réalistes et c'est très addictif,Carlito teste des perruques réalistes et c'est très addictif,True,OK,gyYwBjB7bNM,17:28,1048,17,17,True,,MISSING_IMAGE,,,,https://www.youtube.com/watch?v=gyYwBjB7bNM
S2023E11,IN_SCOPE,2023-10-05,,ZEP nous apprend à dessiner Titeuf et c'est génial de le voir à l'œuvre,ZEP nous apprend à dessiner Titeuf et c'est génial de le voir à l'œuvre,True,OK,3WiFwEkucyc,21:56,1316,22,22,True,,MISSING_IMAGE,,,,https://www.youtube.com/watch?v=3WiFwEkucyc
S2023E10,IN_SCOPE,2023-10-03,,"Mcfly est trop naïf, Carlito est trop brillant (devinez qui a écrit ce titre)","Mcfly est trop naïf, Carlito est trop brillant (devinez qui a écrit ce titre)",True,OK,qEWRMcdOLDg,16:49,1009,17,17,True,,MISSING_IMAGE,,,,https://www.youtube.com/watch?v=qEWRMcdOLDg
S2023E09,IN_SCOPE,2023-09-29,,On place des villes de France et on est moins bons que des CM2,On place des villes de France et on est moins bons que des CM2,True,OK,7UAwyghDGic,32:48,1968,33,33,True,,MISSING_IMAGE,,,,https://www.youtube.com/watch?v=7UAwyghDGic
S2023E08,IN_SCOPE,2023-09-27,,On a jamais diffusé cette vidéo car on a eu peur,On a jamais diffusé cette vidéo car on a eu peur,True,OK,fcEYcPKXNJk,17:45,1065,17,18,False,,MISSING_IMAGE,,,,https://www.youtube.com/watch?v=fcEYcPKXNJk
S2023E07,IN_SCOPE,2023-09-25,,Le retour du chauve et de l'ancien gros,Le retour du chauve et de l'ancien gros,True,OK,iznstLcL8so,11:19,679,11,11,True,,MISSING_IMAGE,,,,https://www.youtube.com/watch?v=iznstLcL8so
S2023E06,IN_SCOPE,2023-07-30,,La maison est incroyable ! Fin de l’aventure Bizeneuille,La maison est incroyable ! Fin de l’aventure Bizeneuille ❤️,False,PUNCTUATION_EMOJI_EXACTNESS,FmHZ3o6bdUM,1:04:32,3872,64,65,False,mid-season finale,PRESENT_ORIGIN_UNPROVEN_SCREENSHOT_OR_CUSTOM,https://artworks.thetvdb.com/banners/v4/episode/9915826/screencap/64c66de095446.jpg,28,,https://www.youtube.com/watch?v=FmHZ3o6bdUM
S2023E05,IN_SCOPE,2023-02-19,,Les pires anecdotes de nos abonnés (la dernière est la meilleure de tous les temps),Les pires anecdotes de nos abonnés (la dernière est la meilleure de tous les temps),True,OK,57k13lnC4Y0,49:26,2966,49,49,True,mid-season finale,PRESENT_ORIGIN_UNPROVEN_SCREENSHOT_OR_CUSTOM,https://artworks.thetvdb.com/banners/v4/episode/9599423/screencap/63f29c134ea48.jpg,28,,https://www.youtube.com/watch?v=57k13lnC4Y0
S2023E04,IN_SCOPE,2023-02-05,,Devine la star qui est cachée derrière nous ? (Nouveau concept ft. Marina Foïs & Virginie Efira),Devine la star qui est cachée derrière nous ? (Nouveau concept ft. Marina Foïs & Virginie Efira),True,OK,UUwVSwvLYaE,37:21,2241,37,37,True,,PRESENT_ORIGIN_UNPROVEN_SCREENSHOT_OR_CUSTOM,https://artworks.thetvdb.com/banners/v4/episode/9601724/screencap/63dff508016f5.jpg,34,,https://www.youtube.com/watch?v=UUwVSwvLYaE
S2023E03,IN_SCOPE,2023-01-29,,Loup Garou All Star (feat and fun niveau Oscar) (Marion Cotillard) (ça rime),Loup Garou All Star (feat and fun niveau Oscar) (Marion Cotillard) (ça rime),True,OK,vgx2E-rgqFc,49:41,2981,50,50,True,,PRESENT_ORIGIN_UNPROVEN_SCREENSHOT_OR_CUSTOM,https://artworks.thetvdb.com/banners/v4/episode/9588149/screencap/63dff4e1dd65f.jpg,28,,https://www.youtube.com/watch?v=vgx2E-rgqFc
S2023E02,IN_SCOPE,2023-01-22,,AUTO-ROAST : On se clash violemment et c’est si satisfaisant (autodérision level MAX),AUTO-ROAST : On se clash violemment et c’est si satisfaisant (autodérision level MAX),True,OK,HbywFN3-vTA,36:18,2178,36,36,True,,PRESENT_ORIGIN_UNPROVEN_SCREENSHOT_OR_CUSTOM,https://artworks.thetvdb.com/banners/v4/episode/9577788/screencap/63dff4b79b52a.jpg,30,,https://www.youtube.com/watch?v=HbywFN3-vTA
S2023E01,IN_SCOPE,2023-01-08,,48h pour nous attraper : une aventure épique !,48h pour nous attraper : une aventure épique !,True,OK,Y1pGooULiDU,57:40,3460,58,58,True,,PRESENT_ORIGIN_UNPROVEN_SCREENSHOT_OR_CUSTOM,https://artworks.thetvdb.com/banners/v4/episode/9548329/screencap/63dff49831b04.jpg,36,,https://www.youtube.com/watch?v=Y1pGooULiDU
S2022E14,IN_SCOPE,2022-12-21,,Le dîner infernal de Noël : qui sera le dernier autour de la table ?,Le dîner infernal de Noël : qui sera le dernier autour de la table ?,True,OK,RUYWT39NoJk,46:04,2764,46,46,True,season finale,MISSING_IMAGE,,,,https://www.youtube.com/watch?v=RUYWT39NoJk
S2022E13,IN_SCOPE,2022-11-20,,STAND-UP DE M3RDE. VERS L’INFINI ET AU DELÀ.,STAND-UP DE M3RDE. VERS L’INFINI ET AU DELÀ.,True,OK,MMlrItAImvs,1:06:29,3989,66,66,True,,CONFIRMED_OFFICIAL_THUMBNAIL,https://artworks.thetvdb.com/banners/v4/episode/9463738/screencap/637a64d71733c.jpg,0,,https://www.youtube.com/watch?v=MMlrItAImvs
S2022E12,IN_SCOPE,2022-10-31,,5 histoires flippantes volume 3 : Éteignez la lumière. Montez le son. Et cliquez.,5 histoires flippantes volume 3 : Éteignez la lumière. Montez le son. Et cliquez.,True,OK,_CCTtb_wSuA,1:12:07,4327,72,72,True,,MISSING_IMAGE,,,,https://www.youtube.com/watch?v=_CCTtb_wSuA
S2022E11,IN_SCOPE,2022-10-09,,Les voix de dessins animés cultes nous font un blindtest génial 2 (fous rires + émotion + so foot),Les voix de dessins animés cultes nous font un blindtest génial 2 (fous rires + émotion + so foot),True,OK,8app7ymDevA,35:06,2106,35,35,True,,CONFIRMED_OFFICIAL_THUMBNAIL,https://artworks.thetvdb.com/banners/v4/episode/9391832/screencap/6342be01c9301.jpg,0,,https://www.youtube.com/watch?v=8app7ymDevA
S2022E10,IN_SCOPE,2022-09-18,,Le retour de Mix'n'Twist en légende (Chef Etchebest en pleine forme),Le retour de Mix'n'Twist en légende (Chef Etchebest en pleine forme),True,OK,sNyax9bCbtM,48:52,2932,48,49,False,,MISSING_IMAGE,,,,https://www.youtube.com/watch?v=sNyax9bCbtM
S2022E09,IN_SCOPE,2022-07-31,,Qui est le papa de qui ? Préparez les ???? ainsi que les ????,Qui est le papa de qui ? Préparez les 🍿 ainsi que les 🤧,False,PUNCTUATION_EMOJI_EXACTNESS,YQ0Ty-EJeSM,1:22:23,4943,82,82,True,,CONFIRMED_OFFICIAL_THUMBNAIL,https://artworks.thetvdb.com/banners/v4/episode/9381309/screencap/637a6582c5b6b.jpg,0,,https://www.youtube.com/watch?v=YQ0Ty-EJeSM
S2022E08,IN_SCOPE,2022-07-03,,David Guetta était choqué. Nous aussi. Découvrez notre incroyable aventure à Ibiza.,David Guetta était choqué. Nous aussi. Découvrez notre incroyable aventure à Ibiza.,True,OK,EhJAPvJjv00,51:23,3083,51,51,True,,MISSING_IMAGE,,,,https://www.youtube.com/watch?v=EhJAPvJjv00
S2022E07,IN_SCOPE,2022-06-12,,Les pires vendeurs (feat. Paul Mirabel),Les pires vendeurs (feat. Paul Mirabel),True,OK,IYZZUjSsOpg,33:26,2006,33,33,True,,MISSING_IMAGE,,,,https://www.youtube.com/watch?v=IYZZUjSsOpg
S2022E06,IN_SCOPE,2022-05-29,,Bizeneuille : les travaux commencent ! (la maison va devenir légendaire),Bizeneuille : les travaux commencent ! (la maison va devenir légendaire),True,OK,eav2AFzuLF8,54:17,3257,54,54,True,,PRESENT_ORIGIN_UNPROVEN_SCREENSHOT_OR_CUSTOM,https://artworks.thetvdb.com/banners/v4/episode/9196960/screencap/6299f4de56118.jpg,26,,https://www.youtube.com/watch?v=eav2AFzuLF8
S2022E05,IN_SCOPE,2022-05-01,,Nos pires anecdotes de honte 2 (classe de maître de Theodort),Nos pires anecdotes de honte 2 (classe de maître de Theodort),True,OK,Vnk8NZ0sQbE,1:03:35,3815,63,64,False,,PRESENT_ORIGIN_UNPROVEN_SCREENSHOT_OR_CUSTOM,https://artworks.thetvdb.com/banners/v4/episode/9151126/screencap/6273ea4d00b90.jpg,34,,https://www.youtube.com/watch?v=Vnk8NZ0sQbE
S2022E04,IN_SCOPE,2022-03-27,,CONCOURS D’ANECDOTES vs THOMAS PESQUET LA LÉGENDE,CONCOURS D’ANECDOTES vs THOMAS PESQUET LA LÉGENDE,True,OK,PRp3AclnHsc,59:33,3573,60,60,True,,MISSING_IMAGE,,,,https://www.youtube.com/watch?v=PRp3AclnHsc
S2022E03,IN_SCOPE,2022-03-06,,On appelle des gens au hasard feat. Squeezie contre-attaque,On appelle des gens au hasard feat. Squeezie contre-attaque,True,OK,yu1ExmSBS8M,1:17:01,4621,77,77,True,,PRESENT_ORIGIN_UNPROVEN_SCREENSHOT_OR_CUSTOM,https://artworks.thetvdb.com/banners/v4/episode/9010231/screencap/62271174a42a5.jpg,24,,https://www.youtube.com/watch?v=yu1ExmSBS8M
S2022E02,IN_SCOPE,2022-02-20,,On a tout bonnement joué à Pic Pirate avec Tom Holland (on est dans quel multivers déjà ?),On a tout bonnement joué à Pic Pirate avec Tom Holland (on est dans quel multivers déjà ?),True,OK,0ECO7TgnuJI,16:41,1001,16,17,False,,CONFIRMED_OFFICIAL_THUMBNAIL,https://artworks.thetvdb.com/banners/v4/episode/9010230/screencap/62124b77ac0e6.jpg,0,,https://www.youtube.com/watch?v=0ECO7TgnuJI
S2022E01,IN_SCOPE,2022-01-23,,Le dîner des légendes (55 minutes de rires et d'intimité),Le dîner des légendes (55 minutes de rires et d'intimité),True,OK,A4abbzMC86I,55:39,3339,55,56,False,,PRESENT_ORIGIN_UNPROVEN_SCREENSHOT_OR_CUSTOM,https://artworks.thetvdb.com/banners/v4/episode/8189280/screencap/61ed5df0aec24.jpg,34,,https://www.youtube.com/watch?v=A4abbzMC86I
S2021E32,IN_SCOPE,2021-12-19,,Qui tiendra le plus de tours dans un grand huit monstrueux ? (spoil : c'est phénomenal),Qui tiendra le plus de tours dans un grand huit monstrueux ? (spoil : c'est phénomenal),True,OK,jZiGWbrSXuU,47:11,2831,47,47,True,season finale,PRESENT_ORIGIN_UNPROVEN_SCREENSHOT_OR_CUSTOM,https://artworks.thetvdb.com/banners/v4/episode/8189287/screencap/61ed5dbde1a28.jpg,32,,https://www.youtube.com/watch?v=jZiGWbrSXuU
S2021E31,IN_SCOPE,2021-12-17,,INFINI +1000 (clip officiel),INFINI +1000 (clip officiel),True,OK,ExFxZme3cYQ,3:24,204,3,3,True,,MISSING_IMAGE,,,,https://www.youtube.com/watch?v=ExFxZme3cYQ
S2021E30,IN_SCOPE,2021-12-12,,"ATR CHALLENGE 2 : 10.000€ de cadeaux, des rires et beaucoup de love (Ismaël le crack)","ATR CHALLENGE 2 : 10.000€ de cadeaux, des rires et beaucoup de love ❤️ (Ismaël le crack)",False,PUNCTUATION_EMOJI_EXACTNESS,JXWyCstSbyE,38:30,2310,38,39,False,,CONFIRMED_OFFICIAL_THUMBNAIL,https://artworks.thetvdb.com/banners/v4/episode/8189285/screencap/61b68a91bf982.jpg,0,,https://www.youtube.com/watch?v=JXWyCstSbyE
S2021E29,IN_SCOPE,2021-12-10,,Mcfly & Carlito - J’ose pas (en live et plan séquence),Mcfly & Carlito - J’ose pas (en live et plan séquence),True,OK,8D3NfJyupeo,4:07,247,4,4,True,,MISSING_IMAGE,,,,https://www.youtube.com/watch?v=8D3NfJyupeo
S2021E28,IN_SCOPE,2021-12-05,,Moniteurs d'auto-école incognitos (on a piégé des élèves et c'était fantastique),Moniteurs d'auto-école incognitos (on a piégé des élèves et c'était fantastique),True,OK,v5pgiXol8I8,49:30,2970,49,50,False,,CONFIRMED_OFFICIAL_THUMBNAIL,https://artworks.thetvdb.com/banners/v4/episode/8189282/screencap/61b68a055283d.jpg,0,,https://www.youtube.com/watch?v=v5pgiXol8I8
S2021E27,IN_SCOPE,2021-12-01,,Je ne suis pas chauve » Live @ NRJ Music Awards 2021,« Je ne suis pas chauve » Live @ NRJ Music Awards 2021,False,PUNCTUATION_EMOJI_EXACTNESS,S5cVxUmDVmk,3:45,225,4,4,True,,MISSING_IMAGE,,,,https://www.youtube.com/watch?v=S5cVxUmDVmk
S2021E26,IN_SCOPE,2021-11-21,,LA TRAVERSÉE : Le film,LA TRAVERSÉE : Le film,True,OK,8RfKt5qxOuY,1:45:23,6323,105,105,True,,PRESENT_ORIGIN_UNPROVEN_SCREENSHOT_OR_CUSTOM,https://artworks.thetvdb.com/banners/v4/episode/8848683/screencap/619bafa72e1f9.jpg,32,,https://www.youtube.com/watch?v=8RfKt5qxOuY
S2021E25,IN_SCOPE,2021-11-07,,Qui est la maman de qui ? Beaucoup trop de love dans ce vidéogramme,Qui est la maman de qui ? Beaucoup trop de love dans ce vidéogramme ❤️,False,PUNCTUATION_EMOJI_EXACTNESS,ZaY1MO3of-E,1:01:57,3717,62,62,True,,CONFIRMED_OFFICIAL_THUMBNAIL,https://artworks.thetvdb.com/banners/v4/episode/8827181/screencap/619baf61a9b81.jpg,0,,https://www.youtube.com/watch?v=ZaY1MO3of-E
S2021E24,IN_SCOPE,2021-11-05,,TikTok Girl (Clip officiel),TikTok Girl (Clip officiel),True,OK,nalrhi7IdJc,3:42,222,3,4,False,,PRESENT_ORIGIN_UNPROVEN_SCREENSHOT_OR_CUSTOM,https://artworks.thetvdb.com/banners/v4/episode/8827180/screencap/619baf412be7f.jpg,26,,https://www.youtube.com/watch?v=nalrhi7IdJc
S2021E23,IN_SCOPE,2021-10-24,,Entretiens avec Youtube,Entretiens avec Youtube,True,OK,6u-Ex1g7-zU,13:32,812,13,14,False,,CONFIRMED_OFFICIAL_THUMBNAIL,https://artworks.thetvdb.com/banners/v4/episode/8827179/screencap/619baef2c130f.jpg,0,,https://www.youtube.com/watch?v=6u-Ex1g7-zU
S2021E22,IN_SCOPE,2021-10-21,,"Trop de trucs à vous dire (album, traversée, gage président, impôts)","Trop de trucs à vous dire (album, traversée, gage président, impôts)",True,OK,lvakvneXRd4,11:43,703,12,12,True,,CONFIRMED_OFFICIAL_THUMBNAIL,https://artworks.thetvdb.com/banners/v4/episode/8827178/screencap/619ba957b0779.jpg,0,,https://www.youtube.com/watch?v=lvakvneXRd4
S2021E21,IN_SCOPE,2021-10-15,,JE SCROLLE (Clip Officiel),JE SCROLLE (Clip Officiel),True,OK,7ceFU6nAbF0,2:46,166,3,3,True,,PRESENT_ORIGIN_UNPROVEN_SCREENSHOT_OR_CUSTOM,https://artworks.thetvdb.com/banners/v4/episode/8827177/screencap/619ba86799ed3.jpg,32,,https://www.youtube.com/watch?v=7ceFU6nAbF0
S2021E20,IN_SCOPE,2021-10-03,,Notre caméra en plein Marseille. Vous dites ce que vous voulez (et c’est toujours génial),Notre caméra en plein Marseille. Vous dites ce que vous voulez (et c’est toujours génial),True,OK,exhQkAhIddU,29:17,1757,30,29,False,,CONFIRMED_OFFICIAL_THUMBNAIL,https://artworks.thetvdb.com/banners/v4/episode/8827176/screencap/619ba80943b37.jpg,0,,https://www.youtube.com/watch?v=exhQkAhIddU
S2021E19,IN_SCOPE,2021-09-26,,Mcfly et Carlito jugent le rap français feat. Kaaris,Mcfly et Carlito jugent le rap français feat. Kaaris,True,OK,ezBnVjmsTP8,10:25,625,10,10,True,,CONFIRMED_OFFICIAL_THUMBNAIL,https://artworks.thetvdb.com/banners/v4/episode/8733792/screencap/619ba7e60a168.jpg,0,,https://www.youtube.com/watch?v=ezBnVjmsTP8
S2021E16,IN_SCOPE,2021-08-01,,Season Finale : entraînement pour le défi le plus fou de notre vie (on découvre notre bateau !),Season Finale : entraînement pour le défi le plus fou de notre vie (on découvre notre bateau !),True,OK,4dorXexAo10,46:08,2768,46,46,True,,PRESENT_ORIGIN_UNPROVEN_SCREENSHOT_OR_CUSTOM,https://artworks.thetvdb.com/banners/v4/episode/8733789/screencap/619ba75cf1c19.jpg,30,,https://www.youtube.com/watch?v=4dorXexAo10
S2021E15,IN_SCOPE,2021-07-24,,5 histoires flippantes volume 2 : Éteignez la lumière. Montez le son. Et cliquez.,5 histoires flippantes volume 2 : Éteignez la lumière. Montez le son. Et cliquez.,True,OK,YRJ1iWCTNfU,1:08:41,4121,68,69,False,,PRESENT_ORIGIN_UNPROVEN_SCREENSHOT_OR_CUSTOM,https://artworks.thetvdb.com/banners/v4/episode/8733788/screencap/619ba71c78fbf.jpg,26,,https://www.youtube.com/watch?v=YRJ1iWCTNfU
S2021E14,IN_SCOPE,2021-07-18,,On l’a fait. Et l’un de nous 2 a bien morflé. (fin du chapitre présidentiel),On l’a fait. Et l’un de nous 2 a bien morflé. (fin du chapitre présidentiel),True,OK,mn1RfD08EeE,32:29,1949,32,32,True,,CONFIRMED_OFFICIAL_THUMBNAIL,https://artworks.thetvdb.com/banners/v4/episode/8733787/screencap/619ba6f226b43.jpg,0,,https://www.youtube.com/watch?v=mn1RfD08EeE
S2021E13,IN_SCOPE,2021-06-27,,Nos pires anecdotes de honte (Masterclass de Gad),Nos pires anecdotes de honte (Masterclass de Gad),True,OK,zSl1xrCbCxc,1:16:12,4572,76,76,True,,PRESENT_ORIGIN_UNPROVEN_SCREENSHOT_OR_CUSTOM,https://artworks.thetvdb.com/banners/v4/episode/8189281/screencap/619ba6ca7b535.jpg,28,,https://www.youtube.com/watch?v=zSl1xrCbCxc
S2021E12,IN_SCOPE,2021-06-13,,"Tu perds le match, tu laves les vitres d’un gratte-ciel (concept hilarant PUIS vertigineux)","Tu perds le match, tu laves les vitres d’un gratte-ciel (concept hilarant PUIS vertigineux)",True,OK,eb0sVdXCtXg,35:38,2138,36,36,True,,CONFIRMED_OFFICIAL_THUMBNAIL,https://artworks.thetvdb.com/banners/v4/episode/8189276/screencap/619ba685e8c45.jpg,0,,https://www.youtube.com/watch?v=eb0sVdXCtXg
S2021E11,IN_SCOPE,2021-05-23,,CONCOURS D'ANECDOTES vs LE PRÉSIDENT DE LA RÉPUBLIQUE,CONCOURS D'ANECDOTES vs LE PRÉSIDENT DE LA RÉPUBLIQUE,True,OK,neqCdyadqFA,36:18,2178,36,36,True,,PRESENT_ORIGIN_UNPROVEN_SCREENSHOT_OR_CUSTOM,https://artworks.thetvdb.com/banners/v4/episode/8189275/screencap/60aa0f7eb5eea.jpg,30,,https://www.youtube.com/watch?v=neqCdyadqFA
S2021E10,IN_SCOPE,2021-05-09,,2 gars nus avec un parpaing (on doit retourner à Paris en 24h avec vos contraintes),2 gars nus avec un parpaing (on doit retourner à Paris en 24h avec vos contraintes),True,OK,KGQQPZzrY3g,46:13,2773,46,46,True,,CONFIRMED_OFFICIAL_THUMBNAIL,https://artworks.thetvdb.com/banners/v4/episode/8189273/screencap/60b675a475a52.jpg,2,,https://www.youtube.com/watch?v=KGQQPZzrY3g
S2021E09,IN_SCOPE,2021-04-18,,BLINDTEST DES SYNONYMES 3 feat VIANNEY & JÉRÔME COMMANDEUR (épisode génial on va pas s’mentir),BLINDTEST DES SYNONYMES 3 feat VIANNEY & JÉRÔME COMMANDEUR (épisode génial on va pas s’mentir),True,OK,YR5nI7SpTrU,24:38,1478,25,25,True,,PRESENT_ORIGIN_UNPROVEN_SCREENSHOT_OR_CUSTOM,https://artworks.thetvdb.com/banners/v4/episode/8189272/screencap/60b6766107d04.jpg,34,,https://www.youtube.com/watch?v=YR5nI7SpTrU
S2021E08,IN_SCOPE,2021-03-28,,On dit des dingueries dans le micro d'une grande gare avec DJ Snake,On dit des dingueries dans le micro d'une grande gare avec DJ Snake,True,OK,FWa5Airgd2w,26:47,1607,26,27,False,,PRESENT_ORIGIN_UNPROVEN_SCREENSHOT_OR_CUSTOM,https://artworks.thetvdb.com/banners/v4/episode/8189268/screencap/6060d4a1f12fe.jpg,30,,https://www.youtube.com/watch?v=FWa5Airgd2w
S2021E07,IN_SCOPE,2021-03-07,,On fait découvrir Youtube à des bonnes soeurs. Leur avis sur PNL est une masterclass,On fait découvrir Youtube à des bonnes soeurs. Leur avis sur PNL est une masterclass,True,OK,uiEFLYlT-WI,32:30,1950,32,33,False,,MISSING_IMAGE,,,,https://www.youtube.com/watch?v=uiEFLYlT-WI
S2021E06,IN_SCOPE,2021-02-21,,« Je me souviens » (clip gestes barrières),« Je me souviens » (clip gestes barrières),False,COSMETIC_EXACTNESS,t4h8j9xLyxQ,4:43,283,5,5,True,,MISSING_IMAGE,,,,https://www.youtube.com/watch?v=t4h8j9xLyxQ
S2021E05,IN_SCOPE,2021-02-19,,Le PRÉSIDENT DE LA RÉPUBLIQUE nous lance un défi. Voilà. Dinguerie ? Oui.,Le PRÉSIDENT DE LA RÉPUBLIQUE nous lance un défi. Voilà. Dinguerie ? Oui.,True,OK,IX_HdFFjSGs,9:16,556,10,9,False,,MISSING_IMAGE,,,,https://www.youtube.com/watch?v=IX_HdFFjSGs
S2021E04,IN_SCOPE,2021-02-07,,MARIO CARTE BLEUE FEAT JOYCA : INCROYABLE ÉPISODE (avec le pire cadeau de fin)(donc le meilleur),MARIO CARTE BLEUE FEAT JOYCA : INCROYABLE ÉPISODE (avec le pire cadeau de fin)(donc le meilleur),True,OK,jd3jPgfbQU8,57:33,3453,57,58,False,,MISSING_IMAGE,,,,https://www.youtube.com/watch?v=jd3jPgfbQU8
S2021E03,IN_SCOPE,2021-01-24,,1 an après : sommes-nous devenus des machines ? (fin du défi sport),1 an après : sommes-nous devenus des machines ? (fin du défi sport),True,OK,CZZTLyTqXxg,44:32,2672,45,45,True,,MISSING_IMAGE,,,,https://www.youtube.com/watch?v=CZZTLyTqXxg
S2021E02,IN_SCOPE,2021-01-12,,La chanson des choses inutiles feat. Julien Doré,La chanson des choses inutiles feat. Julien Doré,True,OK,d-32yDORZBA,3:44,224,3,4,False,,MISSING_IMAGE,,,,https://www.youtube.com/watch?v=d-32yDORZBA
S2021E01,IN_SCOPE,2021-01-03,,On appelle des gens au hasard avec Pierre Niney et promis on a rien fumé avant,On appelle des gens au hasard avec Pierre Niney et promis on a rien fumé avant,True,OK,hxp07UVZs7o,47:16,2836,47,47,True,,MISSING_IMAGE,,,,https://www.youtube.com/watch?v=hxp07UVZs7o
S2020E26,IN_SCOPE,2020-12-13,,On a piégé Lena en transformant TOUT son salon en LEGO. Sa réaction est géniale.,On a piégé Lena en transformant TOUT son salon en LEGO. Sa réaction est géniale.,True,OK,SQJaAVx4OXU,32:05,1925,32,32,True,season finale,MISSING_IMAGE,,,,https://www.youtube.com/watch?v=SQJaAVx4OXU
S2020E25,IN_SCOPE,2020-11-28,,5 histoires flippantes au coin du feu : Éteignez la lumière. Montez le son. Et cliquez.,5 histoires flippantes au coin du feu : Éteignez la lumière. Montez le son. Et cliquez.,True,OK,vjF0l-J5t04,55:25,3325,55,55,True,,MISSING_IMAGE,,,,https://www.youtube.com/watch?v=vjF0l-J5t04
S2020E24,IN_SCOPE,2020-11-08,,On perd à Fall Guys = on paie un Five Guys. (à des inconnus)(qui se régalent)(parce qu'on est nazes),On perd à Fall Guys = on paie un Five Guys. (à des inconnus)(qui se régalent)(parce qu'on est nazes),True,OK,PXuwI6J8ffU,28:09,1689,28,28,True,,MISSING_IMAGE,,,,https://www.youtube.com/watch?v=PXuwI6J8ffU
S2020E23,IN_SCOPE,2020-10-18,,Les voix de dessins animés cultes nous font un blindtest génial (serez-vous meilleurs que nous ?),Les voix de dessins animés cultes nous font un blindtest génial (serez-vous meilleurs que nous ?),True,OK,BeBcEkLtZs0,37:48,2268,38,38,True,,MISSING_IMAGE,,,,https://www.youtube.com/watch?v=BeBcEkLtZs0
S2020E22,IN_SCOPE,2020-10-04,,Concours d'anecdotes 8 feat. David Guetta,Concours d'anecdotes 8 feat. David Guetta,True,OK,c13eN2NW9rc,34:59,2099,34,35,False,,MISSING_IMAGE,,,,https://www.youtube.com/watch?v=c13eN2NW9rc
S2020E21,IN_SCOPE,2020-09-30,,ON RÉAGIT AU GAGE (GÉNIAL) DE MICHOU ET INOX (YT WARRIOR 5),ON RÉAGIT AU GAGE (GÉNIAL) DE MICHOU ET INOX (YT WARRIOR 5),True,OK,nPEarnZOxhs,53:02,3182,53,53,True,,MISSING_IMAGE,,,,https://www.youtube.com/watch?v=nPEarnZOxhs
S2020E19,IN_SCOPE,2020-09-27,,Youtube Warrior 5 vs Michou et Inoxtag feat Doigby,Youtube Warrior 5 vs Michou et Inoxtag feat Doigby,True,OK,t46D051XGCo,38:15,2295,38,38,True,,MISSING_IMAGE,,,,https://www.youtube.com/watch?v=t46D051XGCo
S2020E18,IN_SCOPE,2020-09-13,,L’épreuve des poteaux entre potos,L’épreuve des poteaux entre potos,True,OK,oPYPuvTA2LQ,37:59,2279,37,38,False,,MISSING_IMAGE,,,,https://www.youtube.com/watch?v=oPYPuvTA2LQ
S2020E17,IN_SCOPE,2020-08-23,,Une caméra. On vous observe. Vous dites ce que vous voulez. (et c’est génial),Une caméra. On vous observe. Vous dites ce que vous voulez. (et c’est génial),True,OK,q8FXlrLrucg,20:11,1211,20,20,True,,MISSING_IMAGE,,,,https://www.youtube.com/watch?v=q8FXlrLrucg
S2020E16,IN_SCOPE,2020-08-02,,8 mois après ça donne quoi ? (challenges 1000 pompes en 1h + semi marathon),8 mois après ça donne quoi ? (challenges 1000 pompes en 1h + semi marathon),True,OK,n4-g5Mtzdbs,30:01,1801,30,30,True,,MISSING_IMAGE,,,,https://www.youtube.com/watch?v=n4-g5Mtzdbs
S2020E15,IN_SCOPE,2020-07-19,,Nos pires anecdotes de date (feat que des gens géniaux),Nos pires anecdotes de date (feat que des gens géniaux),True,OK,L52Zpqs0ZGc,46:19,2779,46,46,True,,MISSING_IMAGE,,,,https://www.youtube.com/watch?v=L52Zpqs0ZGc
S2020E14,IN_SCOPE,2020-07-12,,Mcfly n’était pas prêt pour ça...,Mcfly n’était pas prêt pour ça...,True,OK,T5xQeAb3vwM,18:08,1088,18,18,True,,MISSING_IMAGE,,,,https://www.youtube.com/watch?v=T5xQeAb3vwM
S2020E12,IN_SCOPE,2020-06-21,,Des larmes de rires avec Jonathan Cohen (le secret de Carlito),Des larmes de rires avec Jonathan Cohen (le secret de Carlito),True,OK,kc1_lr-KwAs,32:36,1956,32,33,False,,MISSING_IMAGE,,,,https://www.youtube.com/watch?v=kc1_lr-KwAs
S2020E11,IN_SCOPE,2020-06-14,,"ON POSE NUS DEVANT UNE CLASSE DE DESSIN (chose promise, chose due)","ON POSE NUS DEVANT UNE CLASSE DE DESSIN (chose promise, chose due)",True,OK,hYYYPyOO9f8,16:35,995,16,17,False,,MISSING_IMAGE,,,,https://www.youtube.com/watch?v=hYYYPyOO9f8
S2020E10,IN_SCOPE,2020-03-22,,ON PÈTE UN CÂBLE SUR MINECRAFT feat. Terracid,ON PÈTE UN CÂBLE SUR MINECRAFT feat. Terracid,True,OK,Jgpodt0DPfc,31:18,1878,31,31,True,,MISSING_IMAGE,,,,https://www.youtube.com/watch?v=Jgpodt0DPfc
S2020E09,IN_SCOPE,2020-03-15,,ACTION OU VÉRITÉ vs PEF ET MAURICE BARTHÉLEMY,ACTION OU VÉRITÉ vs PEF ET MAURICE BARTHÉLEMY,True,OK,sC6mFA8oPqg,25:43,1543,25,26,False,,MISSING_IMAGE,,,,https://www.youtube.com/watch?v=sC6mFA8oPqg
S2020E08,IN_SCOPE,2020-03-08,,MARIO CARTE BLEUE (SAISON 2) feat. MICHOU,MARIO CARTE BLEUE (SAISON 2) feat. MICHOU,True,OK,xCwF7K9u15E,40:11,2411,40,40,True,,MISSING_IMAGE,,,,https://www.youtube.com/watch?v=xCwF7K9u15E
S2020E06,IN_SCOPE,2020-02-27,,OK BOOMER (clip officiel),OK BOOMER (clip officiel),True,OK,1-ac8jxb66U,3:39,219,3,4,False,,MISSING_IMAGE,,,,https://www.youtube.com/watch?v=1-ac8jxb66U
S2020E05,IN_SCOPE,2020-02-08,,ESSAYEZ DE NE PAS RÉAGIR feat. OMAR SY (le perdant en PLS),ESSAYEZ DE NE PAS RÉAGIR feat. OMAR SY (le perdant en PLS),True,OK,y2s1lToYBOg,18:13,1093,18,18,True,,MISSING_IMAGE,,,,https://www.youtube.com/watch?v=y2s1lToYBOg
S2020E04,IN_SCOPE,2020-02-02,,ON PROVOQUE UNE ÉMEUTE (suite et fin de cette folle livraison),ON PROVOQUE UNE ÉMEUTE (suite et fin de cette folle livraison),True,OK,VvnUP3WDraA,21:24,1284,21,21,True,,MISSING_IMAGE,,,,https://www.youtube.com/watch?v=VvnUP3WDraA
S2020E03,IN_SCOPE,2020-01-30,,ON DORT CHEZ UN ABONNÉ (livraison des 22.000€ de cadeaux),ON DORT CHEZ UN ABONNÉ (livraison des 22.000€ de cadeaux),True,OK,EyYRLD7gaUg,35:54,2154,35,36,False,,MISSING_IMAGE,,,,https://www.youtube.com/watch?v=EyYRLD7gaUg
S2020E02,IN_SCOPE,2020-01-17,,Message important,Message important,True,OK,G7MNXuJy7SE,12:31,751,12,13,False,,MISSING_IMAGE,,,,https://www.youtube.com/watch?v=G7MNXuJy7SE
S2020E01,IN_SCOPE,2020-01-12,,ON MANGE LA GALETTE DES ROIS AVEC WILL SMITH & MARTIN LAWRENCE (évidemment ça part en vrille),ON MANGE LA GALETTE DES ROIS AVEC WILL SMITH & MARTIN LAWRENCE (évidemment ça part en vrille),True,OK,PsRmJ-kF4I8,18:12,1092,18,18,True,,MISSING_IMAGE,,,,https://www.youtube.com/watch?v=PsRmJ-kF4I8
S2019E45,IN_SCOPE,2019-12-29,,CONCOURS D'ANECDOTES #7 vs ERIC & RAMZY,CONCOURS D'ANECDOTES #7 vs ERIC & RAMZY,True,OK,CCSX781iunA,49:05,2945,50,49,False,season finale,MISSING_IMAGE,,,,https://www.youtube.com/watch?v=CCSX781iunA
S2019E44,IN_SCOPE,2019-12-22,,ON OUVRE UN RESTAURANT À LA MONTAGNE (pour les abonnés) (cheatmeal obligé pardon Akim),ON OUVRE UN RESTAURANT À LA MONTAGNE (pour les abonnés) (cheatmeal obligé pardon Akim),True,OK,9a--GQI7axo,23:04,1384,23,23,True,,MISSING_IMAGE,,,,https://www.youtube.com/watch?v=9a--GQI7axo
S2019E43,IN_SCOPE,2019-12-19,,LE MEILLEUR JEU DE SOCIÉTÉ (on dit pas ça parce que c'est le notre) (si),LE MEILLEUR JEU DE SOCIÉTÉ (on dit pas ça parce que c'est le notre) (si),True,OK,q00C77F7scg,33:01,1981,33,33,True,,MISSING_IMAGE,,,,https://www.youtube.com/watch?v=q00C77F7scg
S2019E42,IN_SCOPE,2019-12-15,,"1er POINT SUR NOTRE TRANSFORMATION PHYSIQUE (corps, pesée, bootcamp avec abonnés)","1er POINT SUR NOTRE TRANSFORMATION PHYSIQUE (corps, pesée, bootcamp avec abonnés)",True,OK,UIByTh3gdt4,17:03,1023,17,17,True,,MISSING_IMAGE,,,,https://www.youtube.com/watch?v=UIByTh3gdt4
S2019E41,IN_SCOPE,2019-12-08,,"QUI EST LE MEILLEUR DARON DE YOUTUBE ? (feat. Norman, Jiraya & Amixem)","QUI EST LE MEILLEUR DARON DE YOUTUBE ? (feat. Norman, Jiraya & Amixem)",True,OK,_5kJZqnHHTQ,37:04,2224,37,37,True,,MISSING_IMAGE,,,,https://www.youtube.com/watch?v=_5kJZqnHHTQ
S2019E40,IN_SCOPE,2019-12-01,,"NUS, SANS RIEN, À 700km DE CHEZ NOUS (va-t-on réussir à rentrer ?)","NUS, SANS RIEN, À 700km DE CHEZ NOUS (va-t-on réussir à rentrer ?)",True,OK,P20WsbRYg4A,37:36,2256,37,38,False,,MISSING_IMAGE,,,,https://www.youtube.com/watch?v=P20WsbRYg4A
S2019E39,IN_SCOPE,2019-11-24,,"ARCADE BATTLE : tu perds, tu laisses pousser pendant 6 put*** de mois feat. Doigby et Gotaga","ARCADE BATTLE : tu perds, tu laisses pousser pendant 6 put*** de mois feat. Doigby et Gotaga",True,OK,lnqXL5h39zs,20:31,1231,20,21,False,,MISSING_IMAGE,,,,https://www.youtube.com/watch?v=lnqXL5h39zs
S2019E38,IN_SCOPE,2019-11-17,,DRAMA POLÉMIQUE CLASH rien du tout juste un avis sincère sur YouTube,DRAMA POLÉMIQUE CLASH rien du tout juste un avis sincère sur YouTube,True,OK,jgTyFzpLaD8,23:19,1399,23,23,True,,MISSING_IMAGE,,,,https://www.youtube.com/watch?v=jgTyFzpLaD8
S2019E37,IN_SCOPE,2019-11-10,,RENTRER UN KICKFLIP EN 4H (alors qu'on est nuls en skate),RENTRER UN KICKFLIP EN 4H (alors qu'on est nuls en skate),True,OK,5vCt1hKSeoU,22:16,1336,22,22,True,,MISSING_IMAGE,,,,https://www.youtube.com/watch?v=5vCt1hKSeoU
S2019E36,IN_SCOPE,2019-10-24,,POIRE À LAVEMENT (Gage Perdu « La Bataille des Opés »),POIRE À LAVEMENT (Gage Perdu « La Bataille des Opés »),False,COSMETIC_EXACTNESS,2XVUxoqXuyc,2:39,159,2,3,False,,MISSING_IMAGE,,,,https://www.youtube.com/watch?v=2XVUxoqXuyc
S2019E35,IN_SCOPE,2019-10-20,,LA BATAILLE DES OPÉS (point de vue Mcfly & Carlito),LA BATAILLE DES OPÉS (point de vue Mcfly & Carlito),True,OK,LclJKsDp8j0,37:06,2226,37,37,True,,MISSING_IMAGE,,,,https://www.youtube.com/watch?v=LclJKsDp8j0
S2019E34,IN_SCOPE,2019-10-13,,"LA CHANSON TROP HONNÊTE 2 feat. La Redbox, Léna Situations, Yes Vous Aime, Le Monde à L’envers","LA CHANSON TROP HONNÊTE 2 feat. La Redbox, Léna Situations, Yes Vous Aime, Le Monde à L’envers",True,OK,TGbKpCO7hzU,11:14,674,11,11,True,,MISSING_IMAGE,,,,https://www.youtube.com/watch?v=TGbKpCO7hzU
S2019E33,IN_SCOPE,2019-10-06,,CALL OF DUTYROLIENNE (et autres jeux de mots adéquats) feat. Bigflo & Oli,CALL OF DUTYROLIENNE (et autres jeux de mots adéquats) feat. Bigflo & Oli,True,OK,xW4cy-Q3UQU,29:59,1799,30,30,True,,MISSING_IMAGE,,,,https://www.youtube.com/watch?v=xW4cy-Q3UQU
S2019E32,IN_SCOPE,2019-09-29,,NOS FEMMES VS NOS POTES (Quipoquiz challenge),NOS FEMMES VS NOS POTES (QuipoQuiz challenge),False,PUNCTUATION_EMOJI_EXACTNESS,rxejJhrKYic,24:28,1468,25,24,False,,MISSING_IMAGE,,,,https://www.youtube.com/watch?v=rxejJhrKYic
S2019E31,IN_SCOPE,2019-09-22,,TRANSFORMATION PHYSIQUE EN 1 AN : notre nouveau défi,TRANSFORMATION PHYSIQUE EN 1 AN : notre nouveau défi,True,OK,VmTrHEztTBE,20:55,1255,,21,,,MISSING_IMAGE,,,,https://www.youtube.com/watch?v=VmTrHEztTBE
S2019E30,IN_SCOPE,2019-09-15,,LA DICTÉE LA PLUS DURE AU MONDE + NOS ANECDOTES DE PRIMAIRE,LA DICTÉE LA PLUS DURE AU MONDE + NOS ANECDOTES DE PRIMAIRE,True,OK,d_pa0dYDlX8,33:54,2034,,34,,,MISSING_IMAGE,,,,https://www.youtube.com/watch?v=d_pa0dYDlX8
S2019E29,IN_SCOPE,2019-09-08,,ON PRIVATISE LE PARC ASTÉRIX POUR 1000 ABONNÉS (+ surprise finale)(comment vont-je ?),ON PRIVATISE LE PARC ASTÉRIX POUR 1000 ABONNÉS (+ surprise finale)(comment vont-je ?),True,OK,5O-uae-c-k4,36:58,2218,37,37,True,,MISSING_IMAGE,,,,https://www.youtube.com/watch?v=5O-uae-c-k4
S2019E28,IN_SCOPE,2019-07-14,,STAND-UP DE M*RDEUX SEASON FINALE ENDGAME feat. vous les reconnaîtrez,STAND-UP DE M*RDEUX SEASON FINALE ENDGAME feat. vous les reconnaîtrez,True,OK,E1MUBUueCKA,37:26,2246,37,37,True,,MISSING_IMAGE,,,,https://www.youtube.com/watch?v=E1MUBUueCKA
S2019E27,IN_SCOPE,2019-07-11,,"BLINDTEST DES ANNÉES 80 feat. Natoo, Squeezie, Léopold, Tales From The Click, PV Nova","BLINDTEST DES ANNÉES 80 feat. Natoo, Squeezie, Léopold, Tales From The Click, PV Nova",True,OK,x0TWD-sk0fM,14:05,845,14,14,True,,MISSING_IMAGE,,,,https://www.youtube.com/watch?v=x0TWD-sk0fM
S2019E26,IN_SCOPE,2019-07-07,,ON DÉCOUVRE NOS RÉSULTATS DU BAC !,ON DÉCOUVRE NOS RÉSULTATS DU BAC !,True,OK,cUpQdGwhHq4,23:03,1383,23,23,True,,MISSING_IMAGE,,,,https://www.youtube.com/watch?v=cUpQdGwhHq4
S2019E25,IN_SCOPE,2019-07-03,,ON RÉALISE UN RÊVE D'ENFANT (Spoil : on a fait Fort Boyard),ON RÉALISE UN RÊVE D'ENFANT (Spoil : on a fait Fort Boyard),True,OK,LRPBexaQVdA,15:20,920,15,15,True,,MISSING_IMAGE,,,,https://www.youtube.com/watch?v=LRPBexaQVdA
S2019E24,IN_SCOPE,2019-06-30,,UNBOXING (court métrage),UNBOXING (court métrage),True,OK,urJgDlvG7iM,31:13,1873,31,31,True,,MISSING_IMAGE,,,,https://www.youtube.com/watch?v=urJgDlvG7iM
S2019E23,IN_SCOPE,2019-06-23,,CONCOURS D'ANECDOTES #6 vs PHILIPPE LACHEAU & TAREK BOUDALI,CONCOURS D'ANECDOTES #6 vs PHILIPPE LACHEAU & TAREK BOUDALI,True,OK,n8kQ6KH2TQ8,32:12,1932,32,32,True,,MISSING_IMAGE,,,,https://www.youtube.com/watch?v=n8kQ6KH2TQ8
S2019E22,IN_SCOPE,2019-06-12,,ON N'EN PEUT PLUS DU BAC (Révisions L),ON N'EN PEUT PLUS DU BAC (Révisions L),True,OK,l49QFsn4u8w,43:34,2614,44,44,True,,MISSING_IMAGE,,,,https://www.youtube.com/watch?v=l49QFsn4u8w
S2019E21,IN_SCOPE,2019-06-09,,"ON REPASSE LE BAC : MATIÈRES SCIENTIFIQUES feat. Dr NOZMAN, DIRTYBIOLOGY, MIC MATHS","ON REPASSE LE BAC : MATIÈRES SCIENTIFIQUES feat. Dr NOZMAN, DIRTYBIOLOGY, MIC MATHS",True,OK,SjObaBj1fh8,42:31,2551,42,43,False,,MISSING_IMAGE,,,,https://www.youtube.com/watch?v=SjObaBj1fh8
S2019E20,IN_SCOPE,2019-06-02,,"TU FAIS UN ATR, ON T’OFFRE UN CADEAU (titre pas ouf mais vidéo folle)","TU FAIS UN ATR, ON T’OFFRE UN CADEAU (titre pas ouf mais vidéo folle)",True,OK,pp1N7Y8MYus,23:28,1408,23,23,True,,MISSING_IMAGE,,,,https://www.youtube.com/watch?v=pp1N7Y8MYus
S2019E19,IN_SCOPE,2019-05-28,,THE STORY OF BRIAN (clip dessin animé),THE STORY OF BRIAN (clip dessin animé),True,OK,5qr5nypwOg8,3:36,216,4,4,True,season finale,MISSING_IMAGE,,,,https://www.youtube.com/watch?v=5qr5nypwOg8
S2019E18,IN_SCOPE,2019-05-26,,ON REPASSE LE BAC : GREC & ANGLAIS (+ nouvelle chanson) EP.4,ON REPASSE LE BAC : GREC & ANGLAIS (+ nouvelle chanson) EP.4,True,OK,lcOHnxpCv3A,41:49,2509,42,42,True,,MISSING_IMAGE,,,,https://www.youtube.com/watch?v=lcOHnxpCv3A
S2019E17,IN_SCOPE,2019-05-19,,ON RÉPOND À VOS APPELS (et c'est le bonheur),ON RÉPOND À VOS APPELS (et c'est le bonheur),True,OK,jB_9WyAe32I,25:04,1504,25,25,True,,MISSING_IMAGE,,,,https://www.youtube.com/watch?v=jB_9WyAe32I
S2019E16,IN_SCOPE,2019-05-05,,ON REPASSE LE BAC : ESPAGNOL (24H À BARCELONE POUR RÉVISER) - Ep.3,ON REPASSE LE BAC : ESPAGNOL (24H À BARCELONE POUR RÉVISER) - Ep.3,True,OK,jKAMkm4X1bc,34:50,2090,35,35,True,,MISSING_IMAGE,,,,https://www.youtube.com/watch?v=jKAMkm4X1bc
S2019E15,IN_SCOPE,2019-04-28,,CONCOURS D’ANECDOTES #5 vs GUILLAUME CANET & GILLES LELLOUCHE,CONCOURS D’ANECDOTES #5 vs GUILLAUME CANET & GILLES LELLOUCHE,True,OK,RLePW9CrkUI,35:08,2108,35,35,True,,MISSING_IMAGE,,,,https://www.youtube.com/watch?v=RLePW9CrkUI
S2019E14,IN_SCOPE,2019-04-24,,LA HOTLINE MCFLY & CARLITO : Trouverez-vous notre numéro de téléphone ?,LA HOTLINE MCFLY & CARLITO : Trouverez-vous notre numéro de téléphone ?,True,OK,rkEq43IsXrg,5:33,333,6,6,True,,MISSING_IMAGE,,,,https://www.youtube.com/watch?v=rkEq43IsXrg
S2019E13,IN_SCOPE,2019-04-21,,ON VOUS DÉVOILE NOTRE NOUVEAU DÉCOR !,ON VOUS DÉVOILE NOTRE NOUVEAU DÉCOR !,True,OK,De5G9qbO_Sw,13:20,800,13,13,True,,MISSING_IMAGE,,,,https://www.youtube.com/watch?v=De5G9qbO_Sw
S2019E12,IN_SCOPE,2019-04-14,,ON REPASSE LE BAC (de sport) - ÉPISODE 2,ON REPASSE LE BAC (de sport) - ÉPISODE 2,True,OK,hJyfOTO8adw,39:19,2359,40,39,False,,MISSING_IMAGE,,,,https://www.youtube.com/watch?v=hJyfOTO8adw
S2019E11,IN_SCOPE,2019-04-07,,LES MEILLEURS CHALLENGES DE YOUTUBE 2 feat. Mister V,LES MEILLEURS CHALLENGES DE YOUTUBE 2 feat. Mister V,True,OK,QUuoP9uIr9o,16:05,965,16,16,True,,MISSING_IMAGE,,,,https://www.youtube.com/watch?v=QUuoP9uIr9o
S2019E10,IN_SCOPE,2019-03-31,,KAARISFLY & BOOBALITO (les rappeurs de 40 ans) - CLIP OFFICIEL,KAARISFLY & BOOBALITO (les rappeurs de 40 ans) - CLIP OFFICIEL,True,OK,k9AUxltRQFw,4:42,282,5,5,True,,MISSING_IMAGE,,,,https://www.youtube.com/watch?v=k9AUxltRQFw
S2019E09,IN_SCOPE,2019-03-24,,FAIRE DODO SUR LES GENS,FAIRE DODO SUR LES GENS,True,OK,CKC2vPgXbdw,12:50,770,13,13,True,,MISSING_IMAGE,,,,https://www.youtube.com/watch?v=CKC2vPgXbdw
S2019E08,IN_SCOPE,2019-02-24,,ON REPASSE LE BAC (POUR DE VRAI) - ÉPISODE 1,ON REPASSE LE BAC (POUR DE VRAI) - ÉPISODE 1,True,OK,5UeG3TFg-VM,28:40,1720,29,29,True,,MISSING_IMAGE,,,,https://www.youtube.com/watch?v=5UeG3TFg-VM
S2019E07,IN_SCOPE,2019-02-17,,2 ANS SUR YOUTUBE : DE 70.000 à 4 MILLIONS D'ABONNÉS (+ grosse surprise !),2 ANS SUR YOUTUBE : DE 70.000 à 4 MILLIONS D'ABONNÉS (+ grosse surprise !),True,OK,aOJzGTTnUFM,17:42,1062,18,18,True,,MISSING_IMAGE,,,,https://www.youtube.com/watch?v=aOJzGTTnUFM
S2019E06,IN_SCOPE,2019-02-10,,ROMÉO & JULIETTE : LE PIRE GAGE DE L'HISTOIRE (making of + spectacle),ROMÉO & JULIETTE : LE PIRE GAGE DE L'HISTOIRE (making of + spectacle),True,OK,y3zKhDLCg9g,52:15,3135,52,52,True,,MISSING_IMAGE,,,,https://www.youtube.com/watch?v=y3zKhDLCg9g
S2019E05,IN_SCOPE,2019-02-03,,ON REJOUE DANS NOTRE LYCÉE 15 ANS APRÈS,ON REJOUE DANS NOTRE LYCÉE 15 ANS APRÈS,True,OK,4On4UCcsWm0,20:05,1205,20,20,True,,MISSING_IMAGE,,,,https://www.youtube.com/watch?v=4On4UCcsWm0
S2019E04,IN_SCOPE,2019-01-27,,MÉLI-MÉLO 2 LEGENDARY EDITION (13 jeux hilarants avec Bigflo & Oli),MÉLI-MÉLO 2 LEGENDARY EDITION (13 jeux hilarants avec Bigflo & Oli),True,OK,5P8E7g_xLJc,45:35,2735,45,46,False,,MISSING_IMAGE,,,,https://www.youtube.com/watch?v=5P8E7g_xLJc
S2019E03,IN_SCOPE,2019-01-20,,"SUPER SMASH BROS ULTIMATE FIGHTING (tu perds, tu vas dans l'octogone)","SUPER SMASH BROS ULTIMATE FIGHTING (tu perds, tu vas dans l'octogone)",True,OK,jBoKe03TSJc,21:28,1288,21,21,True,,MISSING_IMAGE,,,,https://www.youtube.com/watch?v=jBoKe03TSJc
S2019E02,IN_SCOPE,2019-01-16,,NOTRE 1ER VRAI ESCAPE GAME (vidéo bonus),NOTRE 1ER VRAI ESCAPE GAME (vidéo bonus),True,OK,aE0cD3D6Dvs,21:16,1276,21,21,True,,MISSING_IMAGE,,,,https://www.youtube.com/watch?v=aE0cD3D6Dvs
S2019E01,IN_SCOPE,2019-01-13,,NOS PIRES ANECDOTES SEXUELLES FEAT. PLEIN DE POTES (devant une classe de lycéens),NOS PIRES ANECDOTES SEXUELLES FEAT. PLEIN DE POTES (devant une classe de lycéens),True,OK,U1_ew57z6D8,42:27,2547,42,42,True,,MISSING_IMAGE,,,,https://www.youtube.com/watch?v=U1_ew57z6D8
S2018E45,IN_SCOPE,2018-12-23,,4 MILLIONS D'ABONNÉS feat. GAD ELMALEH (Mario carte bleue + Concours d'anecdotes),4 MILLIONS D'ABONNÉS feat. GAD ELMALEH (Mario carte bleue + Concours d'anecdotes),True,OK,XzWdCBdXi0Q,36:46,2206,37,37,True,season finale,MISSING_IMAGE,,,,https://www.youtube.com/watch?v=XzWdCBdXi0Q
S2018E44,IN_SCOPE,2018-12-16,,MESSMERDEUX : LE RETOUR DE L'INCROYABLE MENTALISTE (VS Fabien Olicard),MESSMERDEUX : LE RETOUR DE L'INCROYABLE MENTALISTE (VS Fabien Olicard),True,OK,DTxAdIHYVMs,15:01,901,15,15,True,,MISSING_IMAGE,,,,https://www.youtube.com/watch?v=DTxAdIHYVMs
S2018E43,IN_SCOPE,2018-12-09,,"TOP 1 FORTNITE EN 24H ? (alors qu’on y a jamais joué) feat. LePérave, Mickalow, Jiraya, Gotaga","TOP 1 FORTNITE EN 24H ? (alors qu’on y a jamais joué) feat. LePérave, Mickalow, Jiraya, Gotaga",True,OK,EETW9A6e1NU,31:23,1883,31,31,True,,MISSING_IMAGE,,,,https://www.youtube.com/watch?v=EETW9A6e1NU
S2018E42,IN_SCOPE,2018-12-02,,"STAND-UP DE M*RDE (feat. Bigflo&Oli, Le Pérave, Maxenss, Seb La Frite, Wawad)","STAND-UP DE M*RDE (feat. Bigflo&Oli, Le Pérave, Maxenss, Seb La Frite, Wawad)",True,OK,0JpMRkCJTAY,20:19,1219,20,20,True,,MISSING_IMAGE,,,,https://www.youtube.com/watch?v=0JpMRkCJTAY
S2018E41,IN_SCOPE,2018-11-25,,"TU PERDS, TU SAUTES feat. Jimmy Labeeu et Le Pérave","TU PERDS, TU SAUTES feat. Jimmy Labeeu et Le Pérave",True,OK,3RbQ6YLmFqk,34:29,2069,35,34,False,,MISSING_IMAGE,,,,https://www.youtube.com/watch?v=3RbQ6YLmFqk
S2018E40,IN_SCOPE,2018-11-21,,LES PIRES JEUX DE MOTS DE MCFLY - LA COMPIL',LES PIRES JEUX DE MOTS DE MCFLY - LA COMPIL',True,OK,Sao514_TT_U,10:34,634,10,11,False,,MISSING_IMAGE,,,,https://www.youtube.com/watch?v=Sao514_TT_U
S2018E39,IN_SCOPE,2018-11-18,,ON A LAISSÉ NOTRE STUDIO AUX ABONNÉS (faites nous rire),ON A LAISSÉ NOTRE STUDIO AUX ABONNÉS (faites nous rire),True,OK,u4bka6SF5Xs,17:26,1046,17,17,True,,MISSING_IMAGE,,,,https://www.youtube.com/watch?v=u4bka6SF5Xs
S2018E38,IN_SCOPE,2018-11-11,,"RED HEAD REDEMPTION (Tu perds, tu te teins en rouge) feat. LAINK & TERRACID","RED HEAD REDEMPTION (Tu perds, tu te teins en rouge) feat. LAINK & TERRACID",True,OK,4ZOttFxNwCg,29:46,1786,30,30,True,,MISSING_IMAGE,,,,https://www.youtube.com/watch?v=4ZOttFxNwCg
S2018E37,IN_SCOPE,2018-11-04,,ON NETTOIE PARIS AVEC DES ABONNÉS (CleanWalk),ON NETTOIE PARIS AVEC DES ABONNÉS (CleanWalk),True,OK,rD7SIIYVXJ8,16:04,964,16,16,True,,MISSING_IMAGE,,,,https://www.youtube.com/watch?v=rD7SIIYVXJ8
S2018E36,IN_SCOPE,2018-10-28,,ON NE PORTE PAS DE SOUS-VÊTEMENTS,ON NE PORTE PAS DE SOUS-VÊTEMENTS,True,OK,QiSmmhaPb6E,4:23,263,4,4,True,,MISSING_IMAGE,,,,https://www.youtube.com/watch?v=QiSmmhaPb6E
S2018E35,IN_SCOPE,2018-10-14,,LE DERNIER MEILLEUR JEU EN VOITURE #10 feat. JONATHAN COHEN,LE DERNIER MEILLEUR JEU EN VOITURE #10 feat. JONATHAN COHEN,True,OK,VpXGcnbw3Ss,20:37,1237,20,21,False,,MISSING_IMAGE,,,,https://www.youtube.com/watch?v=VpXGcnbw3Ss
S2018E34,IN_SCOPE,2018-10-07,,YOUTUBE WARRIOR 4 vs CYPRIEN & SQUEEZIE,YOUTUBE WARRIOR 4 vs CYPRIEN & SQUEEZIE,True,OK,kWGIQRNC2hQ,39:14,2354,39,39,True,,MISSING_IMAGE,,,,https://www.youtube.com/watch?v=kWGIQRNC2hQ
S2018E33,IN_SCOPE,2018-09-30,,INSTAGRAM CONTRÔLE NOTRE VIE PENDANT 24H,INSTAGRAM CONTRÔLE NOTRE VIE PENDANT 24H,True,OK,gggJezl0L8s,14:26,866,14,14,True,,MISSING_IMAGE,,,,https://www.youtube.com/watch?v=gggJezl0L8s
S2018E32,IN_SCOPE,2018-09-27,,FAQ DE L’EXTRÊME POUR LA SORTIE DE NOTRE DICO,FAQ DE L’EXTRÊME POUR LA SORTIE DE NOTRE DICO,True,OK,eB2Y4R4M6gw,15:27,927,15,15,True,,MISSING_IMAGE,,,,https://www.youtube.com/watch?v=eB2Y4R4M6gw
S2018E31,IN_SCOPE,2018-09-23,,"ÉNORME ESCAPE GAME EN FORÊT (feat. Squeezie, Natoo, Audrey Pirault, Justine Le Pottier)","ÉNORME ESCAPE GAME EN FORÊT (feat. Squeezie, Natoo, Audrey Pirault, Justine Le Pottier)",True,OK,bbjvUbouUj4,26:58,1618,27,27,True,,MISSING_IMAGE,,,,https://www.youtube.com/watch?v=bbjvUbouUj4
S2018E30,IN_SCOPE,2018-09-16,,RETOUR DE VACANCES : ON LIT VOS COMMENTAIRES,RETOUR DE VACANCES : ON LIT VOS COMMENTAIRES,True,OK,1eCtSMUfMMs,11:03,663,11,11,True,,MISSING_IMAGE,,,,https://www.youtube.com/watch?v=1eCtSMUfMMs
S2018E29,IN_SCOPE,2018-07-22,,RAP’N’ROLL (7 hits rap façon rock),RAP’N’ROLL (7 hits rap façon rock),True,OK,bJcStxvhqqI,4:38,278,5,5,True,,MISSING_IMAGE,,,,https://www.youtube.com/watch?v=bJcStxvhqqI
S2018E28,IN_SCOPE,2018-07-15,,LA CHANSON TROP HONNÊTE ALL STAR (season finale),LA CHANSON TROP HONNÊTE ALL STAR (season finale),True,OK,RhpjYxbeJ8w,18:02,1082,18,18,True,,MISSING_IMAGE,,,,https://www.youtube.com/watch?v=RhpjYxbeJ8w
S2018E27,IN_SCOPE,2018-07-08,,BLINDTEST DES SYNONYMES 2 feat. NATOO et FRED TESTOT,BLINDTEST DES SYNONYMES 2 feat. NATOO et FRED TESTOT,True,OK,NheeqQr0P6s,29:54,1794,30,30,True,,MISSING_IMAGE,,,,https://www.youtube.com/watch?v=NheeqQr0P6s
S2018E26,IN_SCOPE,2018-07-01,,"MARIO CARTE BLEUE ALL STAR (feat. Squeezie, Cyril, Natoo, Cyprien, Léo Le Pérave)","MARIO CARTE BLEUE ALL STAR (feat. Squeezie, Cyril, Natoo, Cyprien, Léo Le Pérave)",True,OK,adIelN-4pok,50:35,3035,50,51,False,,MISSING_IMAGE,,,,https://www.youtube.com/watch?v=adIelN-4pok
S2018E25,IN_SCOPE,2018-06-24,,Bourre Simulator : La Course en état d'ivresse,BOURRÉ SIMULATOR : LA COURSE EN ÉTAT D’IVRESSE,False,PUNCTUATION_EMOJI_EXACTNESS,Uu5sTjwCvCI,26:59,1619,27,27,True,,MISSING_IMAGE,,,,https://www.youtube.com/watch?v=Uu5sTjwCvCI
S2018E24,IN_SCOPE,2018-06-17,,ON DEGUSTE LES MEILLEURS MIX'N'TWIST (cuisinés par un grand chef),ON DÉGUSTE LES MEILLEURS MIX’N’TWIST (cuisinés par un grand chef),False,PUNCTUATION_EMOJI_EXACTNESS,8qXxPYZZM4g,27:31,1651,27,28,False,,MISSING_IMAGE,,,,https://www.youtube.com/watch?v=8qXxPYZZM4g
S2018E23,IN_SCOPE,2018-06-10,,CONCOURS D'ANECDOTES #4 vs MICHAEL YOUN & VINCENT DESAGNAT,CONCOURS D'ANECDOTES #4 vs MICHAËL YOUN & VINCENT DESAGNAT,False,PUNCTUATION_EMOJI_EXACTNESS,Nx7AE9KfAlM,42:01,2521,42,42,True,,MISSING_IMAGE,,,,https://www.youtube.com/watch?v=Nx7AE9KfAlM
S2018E22,IN_SCOPE,2018-06-03,,MELI-MELO (9 jeux hilarants avec Bigflo & Oli),MÉLI-MÉLO (9 jeux hilarants avec Bigflo & Oli),False,PUNCTUATION_EMOJI_EXACTNESS,hsS3tBJ-duY,24:45,1485,24,25,False,,MISSING_IMAGE,,,,https://www.youtube.com/watch?v=hsS3tBJ-duY
S2018E21,IN_SCOPE,2018-05-27,,YOUTUBE WARRIOR 3 vs Jimmy Labeeu & Math se fait des films,YOUTUBE WARRIOR 3 vs Jimmy Labeeu & Math se fait des films,True,OK,9leGWlOXaTA,25:12,1512,25,25,True,,MISSING_IMAGE,,,,https://www.youtube.com/watch?v=9leGWlOXaTA
S2018E20,IN_SCOPE,2018-05-20,,MCFLY A ECRIT UN NOUVEAU SKETCH,MCFLY A ÉCRIT UN NOUVEAU SKETCH,False,PUNCTUATION_EMOJI_EXACTNESS,QJWTqI-uor4,7:09,429,7,7,True,,MISSING_IMAGE,,,,https://www.youtube.com/watch?v=QJWTqI-uor4
S2018E18,IN_SCOPE,2018-05-13,,ON A RETROUVÉ UNE VIDÉO INCROYABLE !,ON A RETROUVÉ UNE VIDÉO INCROYABLE !,True,OK,ZIAreBoIZCU,21:35,1295,22,22,True,,MISSING_IMAGE,,,,https://www.youtube.com/watch?v=ZIAreBoIZCU
S2018E17,IN_SCOPE,2018-04-09,,ON APPELLE DES GENS AU HASARD #8 feat. GAD ELMALEH - SPÉCIAL 3 MILLIONS,ON APPELLE DES GENS AU HASARD #8 feat. GAD ELMALEH - SPÉCIAL 3 MILLIONS,True,OK,K6W8CVcJ8Cg,21:58,1318,22,22,True,,MISSING_IMAGE,,,,https://www.youtube.com/watch?v=K6W8CVcJ8Cg
S2018E16,IN_SCOPE,2018-04-08,,CE N’EST QU’UN AU REVOIR + MEILLEURS MOMENTS,CE N’EST QU’UN AU REVOIR + MEILLEURS MOMENTS,True,OK,aVdMUCbbkq0,20:00,1200,20,20,True,,MISSING_IMAGE,,,,https://www.youtube.com/watch?v=aVdMUCbbkq0
S2018E15,IN_SCOPE,2018-03-28,,LA CHANSON DE LA JOIE (DEFI YOUTUBE WARRIOR 2 PERDU RE-UPLOAD),LA CHANSON DE LA JOIE (DEFI YOUTUBE WARRIOR 2 PERDU RE-UPLOAD),True,OK,E4691igUPG8,2:20,140,2,2,True,,MISSING_IMAGE,,,,https://www.youtube.com/watch?v=E4691igUPG8
S2018E14,IN_SCOPE,2018-03-25,,YOUTUBE WARRIOR 2 vs Mister V & Jérémie Dethelot,YOUTUBE WARRIOR 2 vs Mister V & Jérémie Dethelot,True,OK,pxvBTSx47C8,26:38,1598,26,27,False,,MISSING_IMAGE,,,,https://www.youtube.com/watch?v=pxvBTSx47C8
S2018E13,IN_SCOPE,2018-03-18,,LES BELGES ONT-ILS UN COEUR ? feat. JIMMY LABEEU,LES BELGES ONT-ILS UN COEUR ? feat. JIMMY LABEEU,True,OK,ZyFfrCpZah4,19:40,1180,20,20,True,,MISSING_IMAGE,,,,https://www.youtube.com/watch?v=ZyFfrCpZah4
S2018E12,IN_SCOPE,2018-03-11,,LE MEILLEUR JEU EN VOITURE #9 feat.YACINE & DÉDO,LE MEILLEUR JEU EN VOITURE #9 feat.YACINE & DÉDO,True,OK,D_BDFto-n5U,12:37,757,13,13,True,,MISSING_IMAGE,,,,https://www.youtube.com/watch?v=D_BDFto-n5U
S2018E11,IN_SCOPE,2018-03-07,,ON VOUS VEUT,ON VOUS VEUT,True,OK,b_vQnuk2W7Y,4:41,281,5,5,True,,MISSING_IMAGE,,,,https://www.youtube.com/watch?v=b_vQnuk2W7Y
S2018E10,IN_SCOPE,2018-03-04,,ON CHERCHE UN STAGIAIRE,ON CHERCHE UN STAGIAIRE,True,OK,29zlbazAvHA,8:13,493,8,8,True,,MISSING_IMAGE,,,,https://www.youtube.com/watch?v=29zlbazAvHA
S2018E09,IN_SCOPE,2018-02-25,,PHOTOS MY LIFE (vidéo spéciale 1 an sur Youtube),PHOTOS MY LIFE (vidéo spéciale 1 an sur Youtube),True,OK,i3ZcSyL23JA,25:43,1543,26,26,True,,MISSING_IMAGE,,,,https://www.youtube.com/watch?v=i3ZcSyL23JA
S2018E07,IN_SCOPE,2018-02-11,,"DRAGON BOULE À Z (tu perds, t'es chauve) feat. CYPRIEN & JEREMIE DETHELOT","DRAGON BOULE À Z (tu perds, t'es chauve) feat. CYPRIEN & JEREMIE DETHELOT",True,OK,9JWLXq42PLs,14:02,842,14,14,True,,MISSING_IMAGE,,,,https://www.youtube.com/watch?v=9JWLXq42PLs
S2018E06,IN_SCOPE,2018-01-31,,DESSIN ANIMÉ + GROSSE ANNONCE,DESSIN ANIMÉ + GROSSE ANNONCE,True,OK,t0ECVaQLaWY,7:09,429,7,7,True,,MISSING_IMAGE,,,,https://www.youtube.com/watch?v=t0ECVaQLaWY
S2018E05,IN_SCOPE,2018-01-28,,ON CRÉE DES CHANSONS EN IMPRO #2 feat. Maxenss et Squeezie,ON CRÉE DES CHANSONS EN IMPRO #2 feat. Maxenss et Squeezie,True,OK,Hj9XPmLeqOw,15:00,900,15,15,True,,MISSING_IMAGE,,,,https://www.youtube.com/watch?v=Hj9XPmLeqOw
S2018E04,IN_SCOPE,2018-01-21,,MCFLY PRÉSENTE SES EXCUSES,MCFLY PRÉSENTE SES EXCUSES,True,OK,XiCyrqH4xSQ,5:22,322,5,5,True,,MISSING_IMAGE,,,,https://www.youtube.com/watch?v=XiCyrqH4xSQ
S2018E03,IN_SCOPE,2018-01-14,,S vs L (Clash des filières),S vs L (Clash des filières),True,OK,1lJOpFI3HRI,4:51,291,5,5,True,,MISSING_IMAGE,,,,https://www.youtube.com/watch?v=1lJOpFI3HRI
S2018E02,IN_SCOPE,2018-01-07,,CONCOURS D'ANECDOTES #3 vs MR.POULPE & DAVY,CONCOURS D'ANECDOTES #3 vs MR.POULPE & DAVY,True,OK,pmoM9aY6A4U,24:41,1481,25,25,True,,MISSING_IMAGE,,,,https://www.youtube.com/watch?v=pmoM9aY6A4U
S2017E51,IN_SCOPE,2017-12-31,,ON APPELLE DES GENS AU HASARD DANS NOS TÉLÉPHONES #6 feat. MISTER V,ON APPELLE DES GENS AU HASARD DANS NOS TÉLÉPHONES #6 feat. MISTER V,True,OK,BQL-ge-5Org,21:33,1293,21,22,False,season finale,MISSING_IMAGE,,,,https://www.youtube.com/watch?v=BQL-ge-5Org
S2017E50,IN_SCOPE,2017-12-24,,"MARIO CARTE BLEUE #3 (Tu perds, tu paies)","MARIO CARTE BLEUE #3 (Tu perds, tu paies)",True,OK,1d54u4CMuNA,19:17,1157,19,19,True,,MISSING_IMAGE,,,,https://www.youtube.com/watch?v=1d54u4CMuNA
S2017E49,IN_SCOPE,2017-12-20,,ON VOUS LIVRE NOTRE DÉCOR (partie 2),ON VOUS LIVRE NOTRE DÉCOR (partie 2),True,OK,NM6bdudlKaI,22:45,1365,23,23,True,,MISSING_IMAGE,,,,https://www.youtube.com/watch?v=NM6bdudlKaI
S2017E48,IN_SCOPE,2017-12-17,,ON VOUS LIVRE NOTRE DÉCOR (partie 1),ON VOUS LIVRE NOTRE DÉCOR (partie 1),True,OK,M1PiAic9vFM,27:56,1676,28,28,True,,MISSING_IMAGE,,,,https://www.youtube.com/watch?v=M1PiAic9vFM
S2017E47,IN_SCOPE,2017-12-11,,SOUSCRIVEZ À UN TABOULÉ (défi youtube warrior perdu),SOUSCRIVEZ À UN TABOULÉ (défi youtube warrior perdu),True,OK,YDLNnw7gWLo,15:38,938,16,16,True,,MISSING_IMAGE,,,,https://www.youtube.com/watch?v=YDLNnw7gWLo
S2017E46,IN_SCOPE,2017-12-10,,YOUTUBE WARRIOR vs Maxenss & Squeezie,YOUTUBE WARRIOR vs Maxenss & Squeezie,True,OK,tzq7TskZ8Wc,22:08,1328,22,22,True,,MISSING_IMAGE,,,,https://www.youtube.com/watch?v=tzq7TskZ8Wc
S2017E45,IN_SCOPE,2017-12-03,,ON CRÉE DES CHANSONS EN IMPRO feat. Maxenss et Sofyan,ON CRÉE DES CHANSONS EN IMPRO feat. Maxenss et Sofyan,True,OK,WZGpcuXCKzs,14:41,881,15,15,True,,MISSING_IMAGE,,,,https://www.youtube.com/watch?v=WZGpcuXCKzs
S2017E44,IN_SCOPE,2017-11-29,,ON FÊTE NOS 2 MILLIONS D'ABONNÉS EN LIVE (Best Of),ON FÊTE NOS 2 MILLIONS D'ABONNÉS EN LIVE (Best Of),True,OK,iP66hpQySmg,56:32,3392,57,57,True,,MISSING_IMAGE,,,,https://www.youtube.com/watch?v=iP66hpQySmg
S2017E43,IN_SCOPE,2017-11-26,,LE MEILLEUR JEU EN VAISSEAU feat. FloBer & Lucien Maine,LE MEILLEUR JEU EN VAISSEAU feat. FloBer & Lucien Maine,True,OK,Lo5hCHzcS9g,12:53,773,13,13,True,,MISSING_IMAGE,,,,https://www.youtube.com/watch?v=Lo5hCHzcS9g
S2017E42,IN_SCOPE,2017-11-19,,"INSTARWARS (tu perds, tu publies sur Insta)","INSTARWARS (tu perds, tu publies sur Insta)",True,OK,T_su3F3aEjY,19:36,1176,20,20,True,,MISSING_IMAGE,,,,https://www.youtube.com/watch?v=T_su3F3aEjY
S2017E41,IN_SCOPE,2017-11-12,,ON VOUS DÉVOILE NOTRE VRAI SALAIRE,ON VOUS DÉVOILE NOTRE VRAI SALAIRE,True,OK,GBVxEpQr8R8,7:36,456,8,8,True,,MISSING_IMAGE,,,,https://www.youtube.com/watch?v=GBVxEpQr8R8
S2017E40,IN_SCOPE,2017-11-05,,CONCOURS D'ANECDOTES #2 vs BAPT & GAËL,CONCOURS D'ANECDOTES #2 vs BAPT & GAËL,True,OK,iAraAvjlgN4,20:29,1229,20,20,True,,MISSING_IMAGE,,,,https://www.youtube.com/watch?v=iAraAvjlgN4
S2017E39,IN_SCOPE,2017-10-29,,MCFLY & CARLITO x BIGFLO & OLI - FIFA,MCFLY & CARLITO x BIGFLO & OLI - FIFA,True,OK,N5D3dNiVGDU,4:27,267,4,4,True,,MISSING_IMAGE,,,,https://www.youtube.com/watch?v=N5D3dNiVGDU
S2017E38,IN_SCOPE,2017-10-22,,LA FAQ DE L'EXTRÊME !,LA FAQ DE L'EXTRÊME !,True,OK,pehC7lII6lM,11:10,670,11,11,True,,MISSING_IMAGE,,,,https://www.youtube.com/watch?v=pehC7lII6lM
S2017E37,IN_SCOPE,2017-10-15,,LE MEILLEUR JEU EN VOITURE #8 feat. BAPTISTE LECAPLAIN,LE MEILLEUR JEU EN VOITURE #8 feat. BAPTISTE LECAPLAIN,True,OK,W4is15cdWeU,14:59,899,15,15,True,,MISSING_IMAGE,,,,https://www.youtube.com/watch?v=W4is15cdWeU
S2017E36,IN_SCOPE,2017-10-08,,"MARIO CARTE BLEUE #2 (Tu perds, tu paies)","MARIO CARTE BLEUE #2 (Tu perds, tu paies)",True,OK,q3uynq1tIDM,16:20,980,16,16,True,,MISSING_IMAGE,,,,https://www.youtube.com/watch?v=q3uynq1tIDM
S2017E35,IN_SCOPE,2017-10-01,,ON A FAIT UNE GROSSE ERREUR,ON A FAIT UNE GROSSE ERREUR,True,OK,I-fQZ_WhDwA,5:31,331,5,6,False,,MISSING_IMAGE,,,,https://www.youtube.com/watch?v=I-fQZ_WhDwA
S2017E34,IN_SCOPE,2017-09-24,,"JOKES DE PAPARODIE (tu ris, tu perds)","JOKES DE PAPARODIE (tu ris, tu perds)",True,OK,51wPPvcBNCM,8:39,519,9,9,True,,MISSING_IMAGE,,,,https://www.youtube.com/watch?v=51wPPvcBNCM
S2017E33,IN_SCOPE,2017-09-17,,SURCOTÉ vs SOUS-CÔTÉ,SURCOTÉ vs SOUS-CÔTÉ,True,OK,I5xkoZm4cCU,2:48,168,3,3,True,,MISSING_IMAGE,,,,https://www.youtube.com/watch?v=I5xkoZm4cCU
S2017E32,IN_SCOPE,2017-09-10,,CONCOURS D'ANECDOTES vs BIGFLO & OLI,CONCOURS D'ANECDOTES vs BIGFLO & OLI,True,OK,FhlLC_PdnoQ,18:37,1117,19,19,True,,MISSING_IMAGE,,,,https://www.youtube.com/watch?v=FhlLC_PdnoQ
S2017E31,IN_SCOPE,2017-09-03,,NOS MEILLEURES STORIES (Best Of Insta/Snap),NOS MEILLEURES STORIES (Best Of Insta/Snap),True,OK,TUukkySJB1k,10:02,602,10,10,True,,MISSING_IMAGE,,,,https://www.youtube.com/watch?v=TUukkySJB1k
S2017E30,IN_SCOPE,2017-08-27,,LE MEILLEUR JEU EN VOITURE #7 feat. NATOO et AUDREY PIRAULT,LE MEILLEUR JEU EN VOITURE #7 feat. NATOO et AUDREY PIRAULT,True,OK,CDKZ5V1qsVw,11:19,679,11,11,True,,MISSING_IMAGE,,,,https://www.youtube.com/watch?v=CDKZ5V1qsVw
S2017E29,IN_SCOPE,2017-08-20,,ON APPELLE DES GENS AU HASARD DANS NOS TÉLÉPHONES #5 feat. AMIXEM,ON APPELLE DES GENS AU HASARD DANS NOS TÉLÉPHONES #5 feat. AMIXEM,True,OK,WSitdWTpBQU,18:31,1111,18,19,False,,MISSING_IMAGE,,,,https://www.youtube.com/watch?v=WSitdWTpBQU
S2017E28,IN_SCOPE,2017-08-13,,ON VOUS OFFRE UN lPHONE 7+ !,ON VOUS OFFRE UN lPHONE 7+ !,True,OK,rA8asfcl3ws,6:16,376,6,6,True,,MISSING_IMAGE,,,,https://www.youtube.com/watch?v=rA8asfcl3ws
S2017E27,IN_SCOPE,2017-08-06,,LE MEILLEUR JEU EN VOITURE #6 Feat. Jérémy Nadeau,LE MEILLEUR JEU EN VOITURE #6 Feat. Jérémy Nadeau,True,OK,sdioXgobPoA,17:19,1039,17,17,True,,MISSING_IMAGE,,,,https://www.youtube.com/watch?v=sdioXgobPoA
S2017E26,IN_SCOPE,2017-07-30,,MESSAGE DE SANTÉ PUBLIQUE,MESSAGE DE SANTÉ PUBLIQUE,True,OK,9xafJRow84c,2:43,163,3,3,True,,MISSING_IMAGE,,,,https://www.youtube.com/watch?v=9xafJRow84c
S2017E25,IN_SCOPE,2017-07-23,,ON APPELLE DES GENS AU HASARD DANS NOS TÉLÉPHONES #4 feat. SQUEEZIE,ON APPELLE DES GENS AU HASARD DANS NOS TÉLÉPHONES #4 feat. SQUEEZIE,True,OK,y5YRzetgNjI,32:54,1974,33,33,True,,MISSING_IMAGE,,,,https://www.youtube.com/watch?v=y5YRzetgNjI
S2017E24,IN_SCOPE,2017-07-18,,"THE FLOOR IS BABA (feat. Adèle, Maxenss, Pierre Croce & Squeezie)","THE FLOOR IS BABA (feat. Adèle, Maxenss, Pierre Croce & Squeezie)",True,OK,FVLlFkwEcCs,3:58,238,4,4,True,,MISSING_IMAGE,,,,https://www.youtube.com/watch?v=FVLlFkwEcCs
S2017E23,IN_SCOPE,2017-07-16,,1 MILLION D'ABONNÉS - MERCI (Notre 1ère vidéo sincère),1 MILLION D'ABONNÉS - MERCI ! (Notre 1ère vidéo sincère),False,PUNCTUATION_EMOJI_EXACTNESS,7ss-7u8n_74,4:03,243,4,4,True,,MISSING_IMAGE,,,,https://www.youtube.com/watch?v=7ss-7u8n_74
S2017E22,IN_SCOPE,2017-07-09,,PRANK ! JE FAIS CROIRE À MCFLY QUE JE SUIS SON PÈRE (SA TOURNE MAL),PRANK ! JE FAIS CROIRE À MCFLY QUE JE SUIS SON PÈRE (SA TOURNE MAL),True,OK,QCyJ-pyv9r0,7:48,468,8,8,True,,MISSING_IMAGE,,,,https://www.youtube.com/watch?v=QCyJ-pyv9r0
S2017E21,IN_SCOPE,2017-07-02,,"MARIO CARTE BLEUE (Tu perds, tu paies)","MARIO CARTE BLEUE (Tu perds, tu paies)",True,OK,hF_5k9Gn6us,12:46,766,13,13,True,,MISSING_IMAGE,,,,https://www.youtube.com/watch?v=hF_5k9Gn6us
S2017E20,IN_SCOPE,2017-06-25,,CARLITO QUITTE LE DUO,CARLITO QUITTE LE DUO,True,OK,WWM_-Rms3VQ,5:58,358,6,6,True,,MISSING_IMAGE,,,,https://www.youtube.com/watch?v=WWM_-Rms3VQ
S2017E19,IN_SCOPE,2017-06-18,,ON RESTE ENFERMÉ DANS UN LIEU FOU,ON RESTE ENFERMÉ DANS UN LIEU FOU,True,OK,W1sfO0ofXAk,8:32,512,30,9,False,,MISSING_IMAGE,,,,https://www.youtube.com/watch?v=W1sfO0ofXAk
S2017E18,IN_SCOPE,2017-06-11,,LE MEILLEUR JEU EN VOITURE #5 Feat. Simon Astier,LE MEILLEUR JEU EN VOITURE #5 Feat. Simon Astier,True,OK,TIOyk-UAwqU,15:33,933,15,16,False,,MISSING_IMAGE,,,,https://www.youtube.com/watch?v=TIOyk-UAwqU
S2017E17,IN_SCOPE,2017-06-04,,FINISSONS-EN AVEC LE HAND SPINNER,FINISSONS-EN AVEC LE HAND SPINNER,True,OK,D1pG8Vr3Jao,3:55,235,4,4,True,,MISSING_IMAGE,,,,https://www.youtube.com/watch?v=D1pG8Vr3Jao
S2017E16,IN_SCOPE,2017-05-28,,ON APPELLE DES GENS AU HASARD DANS NOS TÉLÉPHONES #3 feat. Seb La Frite,ON APPELLE DES GENS AU HASARD DANS NOS TÉLÉPHONES #3 feat. Seb La Frite,True,OK,FFowkrJVen8,18:39,1119,19,19,True,,MISSING_IMAGE,,,,https://www.youtube.com/watch?v=FFowkrJVen8
S2017E15,IN_SCOPE,2017-05-21,,MISE AU POINT SUR NOTRE SEXUALITÉ,MISE AU POINT SUR NOTRE SEXUALITÉ,True,OK,4YE5Sqrp83M,6:39,399,7,7,True,,MISSING_IMAGE,,,,https://www.youtube.com/watch?v=4YE5Sqrp83M
S2017E14,IN_SCOPE,2017-05-14,,STRIP FIGHTER Feat : Squeezie,STRIP FIGHTER Feat : Squeezie,True,OK,sD_JaMW_qko,16:49,1009,17,17,True,,MISSING_IMAGE,,,,https://www.youtube.com/watch?v=sD_JaMW_qko
S2017E13,IN_SCOPE,2017-05-07,,LE MEILLEUR JEU EN VOITURE #4 Feat : Alison Wheeler,LE MEILLEUR JEU EN VOITURE #4 Feat : Alison Wheeler,True,OK,KYAmXsRpBHU,9:15,555,17,9,False,,MISSING_IMAGE,,,,https://www.youtube.com/watch?v=KYAmXsRpBHU
S2017E12,IN_SCOPE,2017-04-30,,ON EST TOUS DU SPERME (À la base),ON EST TOUS DU SPERME (À la base),True,OK,55mbuB_VC54,1:53,113,2,2,True,,MISSING_IMAGE,,,,https://www.youtube.com/watch?v=55mbuB_VC54
S2017E11,IN_SCOPE,2017-04-23,,NOTRE PREMIER PLACEMENT DE PRODUIT,NOTRE PREMIER PLACEMENT DE PRODUIT,True,OK,7IuP_URqdHU,6:04,364,6,6,True,,MISSING_IMAGE,,,,https://www.youtube.com/watch?v=7IuP_URqdHU
S2017E10,IN_SCOPE,2017-04-16,,ON APPELLE DES GENS AU HASARD DANS NOS TÉLÉPHONES #2 feat. Natoo,ON APPELLE DES GENS AU HASARD DANS NOS TÉLÉPHONES #2 feat. Natoo,True,OK,eJ2EvksfO7w,14:19,859,14,14,True,,MISSING_IMAGE,,,,https://www.youtube.com/watch?v=eJ2EvksfO7w
S2017E09,IN_SCOPE,2017-04-09,,TWEET FIGHTER,TWEET FIGHTER !,False,PUNCTUATION_EMOJI_EXACTNESS,7cSXeBiCOwk,11:01,661,11,11,True,,MISSING_IMAGE,,,,https://www.youtube.com/watch?v=7cSXeBiCOwk
S2017E08,IN_SCOPE,2017-04-02,,MESSMERDE : L'INCROYABLE MENTALISTE,MESSMERDE : L'INCROYABLE MENTALISTE,True,OK,WV0106cb4sQ,3:38,218,4,4,True,,MISSING_IMAGE,,,,https://www.youtube.com/watch?v=WV0106cb4sQ
S2017E07,IN_SCOPE,2017-03-26,,LE MEILLEUR JEU EN VOITURE #3 Feat : Jhon Rachid,LE MEILLEUR JEU EN VOITURE #3 Feat : Jhon Rachid,True,OK,EhrYyhYgM1U,13:41,821,14,14,True,,MISSING_IMAGE,,,,https://www.youtube.com/watch?v=EhrYyhYgM1U
S2017E06,IN_SCOPE,2017-03-19,,ON APPELLE DES GENS AU HASARD DANS NOS TÉLÉPHONES feat. Pierre Croce,ON APPELLE DES GENS AU HASARD DANS NOS TÉLÉPHONES feat. Pierre Croce,True,OK,u_-JEZwGYLw,9:58,598,10,10,True,,MISSING_IMAGE,,,,https://www.youtube.com/watch?v=u_-JEZwGYLw
S2017E05,IN_SCOPE,2017-03-12,,LE MEILLEUR JEU EN VOITURE #2 Feat : FloBer,LE MEILLEUR JEU EN VOITURE #2 Feat : FloBer,True,OK,B4dpOQtRDmQ,11:51,711,12,12,True,,MISSING_IMAGE,,,,https://www.youtube.com/watch?v=B4dpOQtRDmQ
S2017E04,IN_SCOPE,2017-03-05,,ON S'EST FAIT HACKER,ON S'EST FAIT HACKER,True,OK,JpLo-7zTBCU,4:20,260,4,4,True,,MISSING_IMAGE,,,,https://www.youtube.com/watch?v=JpLo-7zTBCU
S2017E03,IN_SCOPE,2017-02-26,,INCROYABLE ! UNE FILLE SE DÉSHABILLE EN PLEIN PARIS,INCROYABLE ! UNE FILLE SE DÉSHABILLE EN PLEIN PARIS !,False,PUNCTUATION_EMOJI_EXACTNESS,103fZd9rRao,1:02,62,1,1,True,,MISSING_IMAGE,,,,https://www.youtube.com/watch?v=103fZd9rRao
S2017E02,IN_SCOPE,2017-02-19,,LE MEILLEUR JEU EN VOITURE,LE MEILLEUR JEU EN VOITURE,True,OK,IhyxBkzg-xI,8:29,509,8,8,True,,MISSING_IMAGE,,,,https://www.youtube.com/watch?v=IhyxBkzg-xI
S2017E01,IN_SCOPE,2017-02-12,,LES MEILLEURS CHALLENGES DE YOUTUBE,LES MEILLEURS CHALLENGES DE YOUTUBE !,False,PUNCTUATION_EMOJI_EXACTNESS,kNeHM_bfpB0,5:46,346,6,6,True,,MISSING_IMAGE,,,,https://www.youtube.com/watch?v=kNeHM_bfpB0
S2016E03,IN_SCOPE,2016-12-21,,MCFLY & CARLITO - L'HYMNE DE LA RACLETTE,MCFLY & CARLITO - L'HYMNE DE LA RACLETTE,True,OK,cmTbgyx-u4g,2:05,125,2,2,True,season finale,MISSING_IMAGE,,,,https://www.youtube.com/watch?v=cmTbgyx-u4g
S2016E02,IN_SCOPE,2016-12-14,,PARS ET REVIENS BITE,PARS ET REVIENS BITE,True,OK,tqIHcq3ODQw,0:39,39,1,1,True,,MISSING_IMAGE,,,,https://www.youtube.com/watch?v=tqIHcq3ODQw
S2016E01,IN_SCOPE,2016-11-07,,MCFLY & CARLITO - J'EFFECTUE LE DAB,MCFLY & CARLITO - J'EFFECTUE LE DAB,True,OK,8vPHW1ezC68,1:42,102,2,2,True,,MISSING_IMAGE,,,,https://www.youtube.com/watch?v=8vPHW1ezC68
S2015E04,IN_SCOPE,2015-06-29,,LE FAT SHOW S3E4 Feat. SLIM BERHOUN,LE FAT SHOW S3E4 Feat. SLIM BERHOUN,True,OK,PEyc22fbdZU,49:33,2973,50,50,True,season finale,MISSING_IMAGE,,,,https://www.youtube.com/watch?v=PEyc22fbdZU
S2015E03,IN_SCOPE,2015-06-21,,LE FAT SHOW S3E3 Feat. BUN HAY MEAN,LE FAT SHOW S3E3 Feat. BUN HAY MEAN,True,OK,lUorH0BfzJ0,48:53,2933,49,49,True,,MISSING_IMAGE,,,,https://www.youtube.com/watch?v=lUorH0BfzJ0
S2015E02,IN_SCOPE,2015-06-14,,LE FAT SHOW S3E2 Feat. NATOO,LE FAT SHOW S3E2 Feat. NATOO,True,OK,AXOTA52BEqo,38:17,2297,38,38,True,,MISSING_IMAGE,,,,https://www.youtube.com/watch?v=AXOTA52BEqo
S2015E01,IN_SCOPE,2015-06-07,,LE FAT SHOW S3E1 Feat. CYPRIEN,LE FAT SHOW S3E1 Feat. CYPRIEN,True,OK,jlRfGoMAASE,44:58,2698,45,45,True,,MISSING_IMAGE,,,,https://www.youtube.com/watch?v=jlRfGoMAASE
S2014E24,IN_SCOPE,2014-09-11,,MCFLY - DREAM THEATER - GUITAR COVER,MCFLY - DREAM THEATER - GUITAR COVER,True,OK,02YLM6to0ok,1:34,94,2,2,True,season finale,MISSING_IMAGE,,,,https://www.youtube.com/watch?v=02YLM6to0ok
S2014E23,IN_SCOPE,2014-07-17,,LE FATSHOW - LA CHORALE DU 92,LE FATSHOW - LA CHORALE DU 92,True,OK,UCrlEL8RZsE,2:23,143,2,2,True,,MISSING_IMAGE,,,,https://www.youtube.com/watch?v=UCrlEL8RZsE
S2014E22,IN_SCOPE,2014-07-03,,LE FATSHOW - BATS LES COUILLES SARL,LE FATSHOW - BATS LES COUILLES SARL,True,OK,bKNxapX56FU,2:30,150,3,3,True,,MISSING_IMAGE,,,,https://www.youtube.com/watch?v=bKNxapX56FU
S2014E21,IN_SCOPE,2014-06-19,,LE FATSHOW - LA CHANSON DES EVIDENCES,LE FATSHOW - LA CHANSON DES EVIDENCES,True,OK,-ZbJevv1So4,2:14,134,2,2,True,,MISSING_IMAGE,,,,https://www.youtube.com/watch?v=-ZbJevv1So4
S2014E20,IN_SCOPE,2014-06-05,,MCFLY&CARLITO - LES PARISIENS ONT-ILS UN COEUR ?,MCFLY&CARLITO - LES PARISIENS ONT-ILS UN COEUR ?,True,OK,r_1-ORlrBCk,3:36,216,4,4,True,,MISSING_IMAGE,,,,https://www.youtube.com/watch?v=r_1-ORlrBCk
S2014E19,IN_SCOPE,2014-05-30,,LE DERNIER FATSHOW DE LA S02 Feat. DISIZ,LE DERNIER FATSHOW DE LA S02 Feat. DISIZ,True,OK,wWbITAzBWnM,36:44,2204,37,37,True,,MISSING_IMAGE,,,,https://www.youtube.com/watch?v=wWbITAzBWnM
S2014E18,IN_SCOPE,2014-05-23,,LE FAT SHOW S02E19 Feat. OVIDIE,LE FAT SHOW S02E19 Feat. OVIDIE,True,OK,hSKrjRpiIKg,30:20,1820,30,30,True,,MISSING_IMAGE,,,,https://www.youtube.com/watch?v=hSKrjRpiIKg
S2014E17,IN_SCOPE,2014-05-16,,LE FAT SHOW S02E18 Feat. SURICATE,LE FAT SHOW S02E18 Feat. SURICATE,True,OK,4mGmT99LKHU,34:52,2092,35,35,True,,MISSING_IMAGE,,,,https://www.youtube.com/watch?v=4mGmT99LKHU
S2014E16,IN_SCOPE,2014-05-09,,Le Fatshow S02E17 Feat. Roselyne Bachelot,Le Fatshow S02E17 Feat. Roselyne Bachelot,True,OK,GFKBKz2oCbc,29:34,1774,29,30,False,,MISSING_IMAGE,,,,https://www.youtube.com/watch?v=GFKBKz2oCbc
S2014E15,IN_SCOPE,2014-04-18,,LE FATSHOW S02E16 Feat. Alice David,LE FATSHOW S02E16 Feat. Alice David,True,OK,JM5ydoAgDCU,23:28,1408,23,23,True,,MISSING_IMAGE,,,,https://www.youtube.com/watch?v=JM5ydoAgDCU
S2014E14,IN_SCOPE,2014-04-11,,LE FATSHOW S02E15 Feat. Thomas VDB,LE FATSHOW S02E15 Feat. Thomas VDB,True,OK,PqVVIPMPW0g,26:03,1563,26,26,True,,MISSING_IMAGE,,,,https://www.youtube.com/watch?v=PqVVIPMPW0g
S2014E13,IN_SCOPE,2014-04-04,,LE FATSHOW S02E14 Feat. Delphine Baril,LE FATSHOW S02E14 Feat. Delphine Baril,True,OK,TntmfZRMzKc,29:17,1757,30,29,False,,MISSING_IMAGE,,,,https://www.youtube.com/watch?v=TntmfZRMzKc
S2014E12,IN_SCOPE,2014-03-28,,LE FATSHOW S02E13 Feat. Mr.Poulpe,LE FATSHOW S02E13 Feat. Mr.Poulpe,True,OK,R602scJvTqw,27:56,1676,28,28,True,,MISSING_IMAGE,,,,https://www.youtube.com/watch?v=R602scJvTqw
S2014E11,IN_SCOPE,2014-02-28,,LE FATSHOW S2#11,LE FATSHOW S2#11,True,OK,TUmmu0MGlUc,24:47,1487,25,25,True,,MISSING_IMAGE,,,,https://www.youtube.com/watch?v=TUmmu0MGlUc
S2014E10,IN_SCOPE,2014-02-26,,LE FATSHOW - BERN EXPRESS,LE FATSHOW - BERN EXPRESS,True,OK,RoJO12iJS5A,4:59,299,5,5,True,,MISSING_IMAGE,,,,https://www.youtube.com/watch?v=RoJO12iJS5A
S2014E09,IN_SCOPE,2014-02-20,,Sotchi 2014 - Un Skieur se Trompe de Ville,Sotchi 2014 - Un Skieur se Trompe de Ville,True,OK,qp8jtcJtidY,2:40,160,3,3,True,,MISSING_IMAGE,,,,https://www.youtube.com/watch?v=qp8jtcJtidY
S2014E08,IN_SCOPE,2014-02-14,,LE FATSHOW S2#10 FEAT. ARIANE MASSENET,LE FATSHOW S2#10 FEAT. ARIANE MASSENET,True,OK,hOaBNc0zZSI,26:05,1565,26,26,True,,MISSING_IMAGE,,,,https://www.youtube.com/watch?v=hOaBNc0zZSI
S2014E07,IN_SCOPE,2014-02-07,,L'HOMME IDEAL EXISTE-T-IL ?,L'HOMME IDEAL EXISTE-T-IL ?,True,OK,fdn-qVXvC5s,3:18,198,3,3,True,,MISSING_IMAGE,,,,https://www.youtube.com/watch?v=fdn-qVXvC5s
S2014E06,IN_SCOPE,2014-01-31,,LE FATSHOW S2#9 FEAT. BRUNO GUILLON,LE FATSHOW S2#9 FEAT. BRUNO GUILLON,True,OK,jIqV7hN_44A,25:49,1549,26,26,True,,MISSING_IMAGE,,,,https://www.youtube.com/watch?v=jIqV7hN_44A
S2014E05,IN_SCOPE,2014-01-28,,LE FATSHOW - LA VOIX OFF QUI GALERE (SKETCH INEDIT S2#9),LE FATSHOW - LA VOIX OFF QUI GALERE (SKETCH INEDIT S2#9),True,OK,FbM989rV5N4,2:46,166,3,3,True,,MISSING_IMAGE,,,,https://www.youtube.com/watch?v=FbM989rV5N4
S2014E04,IN_SCOPE,2014-01-24,,LE FATSHOW S2#8 FEAT. ALAIN FIGLARZ & THE POPOPOPOPS,LE FATSHOW S2#8 FEAT. ALAIN FIGLARZ & THE POPOPOPOPS,True,OK,MLftNsAbiZE,25:58,1558,26,26,True,,MISSING_IMAGE,,,,https://www.youtube.com/watch?v=MLftNsAbiZE
S2014E03,IN_SCOPE,2014-01-18,,LE FAT SHOW S2#7 FEAT. SANDRINE ALEXI & THA TRICKAZ,LE FAT SHOW S2#7 FEAT. SANDRINE ALEXI & THA TRICKAZ,True,OK,kZ0kglSfF44,25:52,1552,25,26,False,,MISSING_IMAGE,,,,https://www.youtube.com/watch?v=kZ0kglSfF44
S2014E02,IN_SCOPE,2014-01-14,,LES RAPPEURS MEDIEVAUX - FESTOYONS !,LES RAPPEURS MEDIEVAUX - FESTOYONS !,True,OK,fRUBtJ6jqaE,2:46,166,3,3,True,,MISSING_IMAGE,,,,https://www.youtube.com/watch?v=fRUBtJ6jqaE
S2014E01,IN_SCOPE,2014-01-10,,LE FAT SHOW S2#6 FEAT. FRANCOIS DESCRAQUES,LE FAT SHOW S2#6 FEAT. FRANCOIS DESCRAQUES,True,OK,2iH5RnBbeec,26:31,1591,26,27,False,,MISSING_IMAGE,,,,https://www.youtube.com/watch?v=2iH5RnBbeec
S2013E54,IN_SCOPE,2013-12-20,,LE FAT SHOW S2#5 Feat. Jean Michel Cohen,LE FAT SHOW S2#5 Feat. Jean Michel Cohen,True,OK,wqW-NPxXdyo,26:53,1613,27,27,True,season finale,MISSING_IMAGE,,,,https://www.youtube.com/watch?v=wqW-NPxXdyo
S2013E53,IN_SCOPE,2013-12-13,,Le Fat Show S2 #4 - Feat. Jeremy Ferrari,Le Fat Show S2 #4 - Feat. Jeremy Ferrari,True,OK,cFunSjNlDSQ,26:18,1578,26,26,True,,MISSING_IMAGE,,,,https://www.youtube.com/watch?v=cFunSjNlDSQ
S2013E52,IN_SCOPE,2013-12-06,,LE FAT SHOW S2 #3 - FEAT. NICOLETTA,LE FAT SHOW S2 #3 - FEAT. NICOLETTA,True,OK,UBLjt2_QWVE,25:36,1536,25,26,False,,MISSING_IMAGE,,,,https://www.youtube.com/watch?v=UBLjt2_QWVE
S2013E51,IN_SCOPE,2013-12-04,,JEAN SEBASTRICK EFFECTUE DES VIDEOGRAMMES,JEAN SEBASTRICK EFFECTUE DES VIDEOGRAMMES,True,OK,1U4tG-ea4-Q,3:21,201,3,3,True,,MISSING_IMAGE,,,,https://www.youtube.com/watch?v=1U4tG-ea4-Q
S2013E50,IN_SCOPE,2013-11-29,,LE FAT SHOW S2 #2 - FEAT. DAVY MOURIER,LE FAT SHOW S2 #2 - FEAT. DAVY MOURIER,True,OK,B34u7keSpLg,26:09,1569,26,26,True,,MISSING_IMAGE,,,,https://www.youtube.com/watch?v=B34u7keSpLg
S2013E49,IN_SCOPE,2013-11-28,,LE FAT SHOW - LES PLONGEURS DU BITUME,LE FAT SHOW - LES PLONGEURS DU BITUME,True,OK,x9ahey_AEds,2:06,126,2,2,True,,MISSING_IMAGE,,,,https://www.youtube.com/watch?v=x9ahey_AEds
S2013E48,IN_SCOPE,2013-11-26,,Hippocampe Fou - Live @ Le Fat Show,Hippocampe Fou - Live @ Le Fat Show,True,OK,1ymFumSqdH8,3:23,203,3,3,True,,MISSING_IMAGE,,,,https://www.youtube.com/watch?v=1ymFumSqdH8
S2013E47,IN_SCOPE,2013-11-22,,LE FAT SHOW S2 #1 - FEAT. LES FRERES BOGDANOFF,LE FAT SHOW S2 #1 - FEAT. LES FRERES BOGDANOFF,True,OK,M1tuHuXVxaU,26:06,1566,26,26,True,,MISSING_IMAGE,,,,https://www.youtube.com/watch?v=M1tuHuXVxaU
S2013E46,IN_SCOPE,2013-07-12,,LE FAT SHOW No24 (L'ENORME TV) GUEST : MICHEL DRUCKER,LE FAT SHOW No24 (L'ENORME TV) GUEST : MICHEL DRUCKER,True,OK,wEQZ0XpigkA,43:52,2632,44,44,True,,MISSING_IMAGE,,,,https://www.youtube.com/watch?v=wEQZ0XpigkA
S2013E45,IN_SCOPE,2013-07-05,,LE FAT SHOW No23 (L'ENORME TV) GUEST : BRUNO SOLO,LE FAT SHOW No23 (L'ENORME TV) GUEST : BRUNO SOLO,True,OK,h4Wc2EEdn14,34:38,2078,35,35,True,,MISSING_IMAGE,,,,https://www.youtube.com/watch?v=h4Wc2EEdn14
S2013E44,IN_SCOPE,2013-07-05,,DOPE D.O.D - ROCKET (INSANE LIVE@LE FAT SHOW),DOPE D.O.D - ROCKET (INSANE LIVE@LE FAT SHOW),True,OK,ZIRU6ls9sRc,3:16,196,3,3,True,,MISSING_IMAGE,,,,https://www.youtube.com/watch?v=ZIRU6ls9sRc
S2013E43,IN_SCOPE,2013-06-28,,LE FAT SHOW No 22 (L'ENORME TV) GUEST : CATHERINE LABORDE,LE FAT SHOW No 22 (L'ENORME TV) GUEST : CATHERINE LABORDE,True,OK,gdJLMO0bLyg,35:05,2105,35,35,True,,MISSING_IMAGE,,,,https://www.youtube.com/watch?v=gdJLMO0bLyg
S2013E42,IN_SCOPE,2013-06-27,,"""LA PATISSERIE DES FRERES GOURMANDS"" FEAT DEDO - SKETCH INEDIT LE FAT SHOW No22","""LA PATISSERIE DES FRERES GOURMANDS"" FEAT DEDO - SKETCH INEDIT LE FAT SHOW No22",True,OK,Z3_lEaV1odE,1:38,98,2,2,True,,MISSING_IMAGE,,,,https://www.youtube.com/watch?v=Z3_lEaV1odE
S2013E41,IN_SCOPE,2013-06-21,,LE FAT SHOW No21 (L'ENORME TV) GUEST : SOPHIE MOUNICOT + H4R3M,LE FAT SHOW No21 (L'ENORME TV) GUEST : SOPHIE MOUNICOT + H4R3M,True,OK,kW39M584_x0,33:26,2006,33,33,True,,MISSING_IMAGE,,,,https://www.youtube.com/watch?v=kW39M584_x0
S2013E40,IN_SCOPE,2013-06-14,,LE FAT SHOW No20 (L'ENORME TV) GUEST : FEFE,LE FAT SHOW No20 (L'ENORME TV) GUEST : FEFE,True,OK,VJ89sdGOgDE,32:09,1929,32,32,True,,MISSING_IMAGE,,,,https://www.youtube.com/watch?v=VJ89sdGOgDE
S2013E39,IN_SCOPE,2013-06-13,,MCFLY ET CARLITO : LES METALLEUX MENDIANTS (SKETCH DU FAT SHOW No20),MCFLY ET CARLITO :  LES METALLEUX MENDIANTS (SKETCH DU FAT SHOW No20),False,COSMETIC_EXACTNESS,or9vqd_5Xj8,2:40,160,3,3,True,,MISSING_IMAGE,,,,https://www.youtube.com/watch?v=or9vqd_5Xj8
S2013E38,IN_SCOPE,2013-06-09,,MCFLY ET CARLITO : CHASSEURS DE RIRE (LE FAT SHOW No19),MCFLY ET CARLITO : CHASSEURS DE RIRE (LE FAT SHOW No19),True,OK,pw1lWBVqs7c,1:50,110,2,2,True,,MISSING_IMAGE,,,,https://www.youtube.com/watch?v=pw1lWBVqs7c
S2013E37,IN_SCOPE,2013-06-07,,LE FAT SHOW No19 (L'ENORME TV) GUEST : TOXIC AVENGER,LE FAT SHOW No19 (L'ENORME TV) GUEST : TOXIC AVENGER,True,OK,M281wUJuYuA,30:12,1812,30,30,True,,MISSING_IMAGE,,,,https://www.youtube.com/watch?v=M281wUJuYuA
S2013E36,IN_SCOPE,2013-05-31,,LE FAT SHOW No18 - GUEST : ARIANNE (ZUMBA DANCER) + ELISA JO,LE FAT SHOW No18 - GUEST : ARIANNE (ZUMBA DANCER) + ELISA JO,True,OK,-sWZScx-r30,30:01,1801,30,30,True,,MISSING_IMAGE,,,,https://www.youtube.com/watch?v=-sWZScx-r30
S2013E35,IN_SCOPE,2013-05-24,,LE FAT SHOW No17 (L'ENORME TV) GUEST : JONATHAN COHEN,LE FAT SHOW No17 (L'ENORME TV) GUEST : JONATHAN COHEN,True,OK,S317qUuQtUM,27:33,1653,28,28,True,,MISSING_IMAGE,,,,https://www.youtube.com/watch?v=S317qUuQtUM
S2013E34,IN_SCOPE,2013-05-17,,MCFLY ET CARLITO : LA PETANQUE EN PENTE (SKETCH FAT SHOW No16),MCFLY ET CARLITO : LA PETANQUE EN PENTE (SKETCH FAT SHOW No16),True,OK,1nmDq0MRMPo,2:01,121,2,2,True,,MISSING_IMAGE,,,,https://www.youtube.com/watch?v=1nmDq0MRMPo
S2013E33,IN_SCOPE,2013-05-17,,LE FAT SHOW No16 (L'ENORME TV) GUEST : DEDO,LE FAT SHOW No16 (L'ENORME TV) GUEST : DEDO,True,OK,QNIpLwJxd9w,29:48,1788,30,30,True,,MISSING_IMAGE,,,,https://www.youtube.com/watch?v=QNIpLwJxd9w
S2013E32,IN_SCOPE,2013-05-10,,LE FAT SHOW No15 (L'ENORME TV) GUEST : MATHIAS MALZIEU,LE FAT SHOW No15 (L'ENORME TV) GUEST : MATHIAS MALZIEU,True,OK,EScRDKGs86g,32:05,1925,32,32,True,,MISSING_IMAGE,,,,https://www.youtube.com/watch?v=EScRDKGs86g
S2013E31,IN_SCOPE,2013-05-10,,LES DEALERS DU 3EME AGE (OLDEST DEALERS IN THE WORLD),LES DEALERS DU 3EME AGE (OLDEST DEALERS IN THE WORLD),True,OK,7pKez5BcqoQ,4:09,249,4,4,True,,MISSING_IMAGE,,,,https://www.youtube.com/watch?v=7pKez5BcqoQ
S2013E30,IN_SCOPE,2013-05-03,,LE FAT SHOW No14 - GUESTS : RAPHAEL CHIQUET/PETER VON POEHL,LE FAT SHOW No14 - GUESTS : RAPHAEL CHIQUET/PETER VON POEHL,True,OK,B3XQyHeTl70,29:21,1761,29,29,True,,MISSING_IMAGE,,,,https://www.youtube.com/watch?v=B3XQyHeTl70
S2013E29,IN_SCOPE,2013-05-03,,"PETER VON POEHL ""28 PARADISE"" - @LE FAT SHOW (LIVE 1080 HD)","PETER VON POEHL ""28 PARADISE"" - @LE FAT SHOW (LIVE 1080 HD)",True,OK,MIe7ijju2N8,3:12,192,3,3,True,,MISSING_IMAGE,,,,https://www.youtube.com/watch?v=MIe7ijju2N8
S2013E28,IN_SCOPE,2013-04-26,,LE FAT SHOW No13 - GUEST : KAYANE,LE FAT SHOW No13 - GUEST : KAYANE,True,OK,KrczeCBPObI,29:35,1775,30,30,True,,MISSING_IMAGE,,,,https://www.youtube.com/watch?v=KrczeCBPObI
S2013E27,IN_SCOPE,2013-04-26,,MCFLY & SCHNYDEPS - LES GYMNASTES URBAINS (REAL/CADRE PAR CARLITO),MCFLY & SCHNYDEPS - LES GYMNASTES URBAINS (REAL/CADRE PAR CARLITO),True,OK,K_XlCUH3HTc,2:53,173,3,3,True,,MISSING_IMAGE,,,,https://www.youtube.com/watch?v=K_XlCUH3HTc
S2013E26,IN_SCOPE,2013-04-19,,LE FAT SHOW No12 (L'ENORME TV) GUEST : ELISE LARNICOL,LE FAT SHOW No12 (L'ENORME TV) GUEST : ELISE LARNICOL,True,OK,GzXnuPd6oX8,31:43,1903,32,32,True,,MISSING_IMAGE,,,,https://www.youtube.com/watch?v=GzXnuPd6oX8
S2013E25,IN_SCOPE,2013-04-05,,LE FAT SHOW No11 (L'ENORME TV) GUEST : LAURENT BAFFIE,LE FAT SHOW No11 (L'ENORME TV) GUEST : LAURENT BAFFIE,True,OK,Bo4JdwTpUUY,25:37,1537,25,26,False,,MISSING_IMAGE,,,,https://www.youtube.com/watch?v=Bo4JdwTpUUY
S2013E24,IN_SCOPE,2013-03-29,,LE FAT SHOW No10 MCFLY & CARLITO - GUEST : VICELOW (SAIAN SUPA CREW),LE FAT SHOW No10 MCFLY & CARLITO - GUEST : VICELOW (SAIAN SUPA CREW),True,OK,xOAeJe_GnjA,29:49,1789,30,30,True,,MISSING_IMAGE,,,,https://www.youtube.com/watch?v=xOAeJe_GnjA
S2013E23,IN_SCOPE,2013-03-29,,"VICELOW ""BEAT SALE"" - LIVE LE FAT SHOW No10","VICELOW ""BEAT SALE"" - LIVE LE FAT SHOW No10",True,OK,wQlpMkh7pYw,3:32,212,3,4,False,,MISSING_IMAGE,,,,https://www.youtube.com/watch?v=wQlpMkh7pYw
S2013E22,IN_SCOPE,2013-03-22,,LE FAT SHOW No9 (L'ENORME TV) GUEST : YACINE BELHOUSSE,LE FAT SHOW No9 (L'ENORME TV) GUEST : YACINE BELHOUSSE,True,OK,NqLuiEpVaOY,29:39,1779,30,30,True,,MISSING_IMAGE,,,,https://www.youtube.com/watch?v=NqLuiEpVaOY
S2013E21,IN_SCOPE,2013-03-18,,"AMORIA & JOKAFACE - ""BOSSY CLASSY SISTA"" LIVE @LE FAT SHOW","AMORIA & JOKAFACE - ""BOSSY CLASSY SISTA"" LIVE @LE FAT SHOW",True,OK,ysDPjbEoniE,3:28,208,3,3,True,,MISSING_IMAGE,,,,https://www.youtube.com/watch?v=ysDPjbEoniE
S2013E20,IN_SCOPE,2013-03-15,,LE FAT SHOW No8 (L'ENORME TV) GUEST : GERARD DARMON,LE FAT SHOW No8 (L'ENORME TV) GUEST : GERARD DARMON,True,OK,xLi6u-yHWIU,30:01,1801,30,30,True,,MISSING_IMAGE,,,,https://www.youtube.com/watch?v=xLi6u-yHWIU
S2013E19,IN_SCOPE,2013-03-12,,GERARD DARMON LIT UN SKETCH DE MCFLY ET CARLITO,GERARD DARMON LIT UN SKETCH DE MCFLY ET CARLITO,True,OK,EjuWtBO9i50,2:25,145,2,2,True,,MISSING_IMAGE,,,,https://www.youtube.com/watch?v=EjuWtBO9i50
S2013E18,IN_SCOPE,2013-03-08,,LE FAT SHOW No7 (L'ENORME TV) GUEST : AQME,LE FAT SHOW No7 (L'ENORME TV) GUEST : AQME,True,OK,mPzv-d4Qd4Q,27:56,1676,28,28,True,,MISSING_IMAGE,,,,https://www.youtube.com/watch?v=mPzv-d4Qd4Q
S2013E17,IN_SCOPE,2013-03-06,,MCFLY ET CARLITO - RAPPEUR SANS HISTOIRE VIDEOCLIP (ENORME TV),MCFLY ET CARLITO - RAPPEUR SANS HISTOIRE VIDEOCLIP (ENORME TV),True,OK,EF63MoXrc1M,3:00,180,3,3,True,,MISSING_IMAGE,,,,https://www.youtube.com/watch?v=EF63MoXrc1M
S2013E16,IN_SCOPE,2013-03-03,,"ARKASIA - ""REVOLUTION"" LIVE @LE FAT SHOW (ENORME TV)","ARKASIA - ""REVOLUTION"" LIVE @LE FAT SHOW (ENORME TV)",True,OK,_QmgKcLTP_A,3:29,209,3,3,True,,MISSING_IMAGE,,,,https://www.youtube.com/watch?v=_QmgKcLTP_A
S2013E15,IN_SCOPE,2013-03-01,2013-03-01T09:41:48-08:00,LE FAT SHOW No6 (L'ENORME TV) GUEST : NEPHAEL,LE FAT SHOW No6 (L'ENORME TV) GUEST : NEPHAEL,True,OK,bRunTwBhoqY,25:52,1552,26,26,True,,MISSING_IMAGE,,,,https://www.youtube.com/watch?v=bRunTwBhoqY
S2013E14,IN_SCOPE,2013-02-27,,LE MICROTROTTOIR DE MARINA - LE PORNO,LE MICROTROTTOIR DE MARINA - LE PORNO,True,OK,PGnP5pmkVso,3:33,213,3,4,False,,MISSING_IMAGE,,,,https://www.youtube.com/watch?v=PGnP5pmkVso
S2013E13,IN_SCOPE,2013-02-22,,LE FAT SHOW No5 (L'ENORME TV) GUEST : A2H,LE FAT SHOW No5 (L'ENORME TV) GUEST : A2H,True,OK,CYkZpTUELdI,25:55,1555,26,26,True,,MISSING_IMAGE,,,,https://www.youtube.com/watch?v=CYkZpTUELdI
S2013E12,IN_SCOPE,2013-02-19,,MCFLY ET CARLITO - CHUTES EN PUBLIC (SKETCH LE FAT SHOW No2),MCFLY ET CARLITO - CHUTES EN PUBLIC (SKETCH LE FAT SHOW No2),True,OK,U8v0Qk1DXgQ,2:55,175,3,3,True,,MISSING_IMAGE,,,,https://www.youtube.com/watch?v=U8v0Qk1DXgQ
S2013E11,IN_SCOPE,2013-02-15,,"LE FAT SHOW No4 (L'ENORME TV) AVEC MCFLY, CARLITO ET GAEL MECTOOB","LE FAT SHOW No4 (L'ENORME TV)  AVEC MCFLY, CARLITO ET GAEL MECTOOB",False,COSMETIC_EXACTNESS,GXekJanA4TE,29:57,1797,30,30,True,,MISSING_IMAGE,,,,https://www.youtube.com/watch?v=GXekJanA4TE
S2013E10,IN_SCOPE,2013-02-09,,LE FAT SHOW - LE CHANTEUR DE METAL APHONE (MCFLY ET CARLITO),LE FAT SHOW - LE CHANTEUR DE METAL APHONE (MCFLY ET CARLITO),True,OK,alhF53Ipb0A,2:51,171,3,3,True,,MISSING_IMAGE,,,,https://www.youtube.com/watch?v=alhF53Ipb0A
S2013E09,IN_SCOPE,2013-02-08,,LE FAT SHOW No3 (L'ENORME TV) GUEST : ANNA POLINA (DORCEL),LE FAT SHOW No3 (L'ENORME TV) GUEST : ANNA POLINA (DORCEL),True,OK,z0Y9V7RflnY,29:01,1741,29,29,True,,MISSING_IMAGE,,,,https://www.youtube.com/watch?v=z0Y9V7RflnY
S2013E08,IN_SCOPE,2013-02-04,,"FRANK ""DANS LA TETE"" LIVE @LE FAT SHOW","FRANK ""DANS LA TETE"" LIVE @LE FAT SHOW",True,OK,_q6twnj0kGg,4:00,240,4,4,True,,MISSING_IMAGE,,,,https://www.youtube.com/watch?v=_q6twnj0kGg
S2013E07,IN_SCOPE,2013-02-03,,LA BLAGUE DE SCHNYDEPS - PAINTBALL (LE FAT SHOW No2),LA BLAGUE DE SCHNYDEPS - PAINTBALL (LE FAT SHOW No2),True,OK,-1hEz7UYeAE,0:59,59,1,1,True,,MISSING_IMAGE,,,,https://www.youtube.com/watch?v=-1hEz7UYeAE
S2013E06,IN_SCOPE,2013-02-01,,LE FAT SHOW No2 (L'ENORME TV) GUEST : ANTOINE DE MAXIMY,LE FAT SHOW No2 (L'ENORME TV) GUEST : ANTOINE DE MAXIMY,True,OK,41oQDeHlhZU,28:51,1731,28,29,False,,MISSING_IMAGE,,,,https://www.youtube.com/watch?v=41oQDeHlhZU
S2013E05,IN_SCOPE,2013-01-28,,AWESOME KATY PERRY COVER - BY MCFLY ET CARLITO,AWESOME KATY PERRY COVER - BY MCFLY ET CARLITO,True,OK,AAKPNhOUiwA,2:10,130,2,2,True,,MISSING_IMAGE,,,,https://www.youtube.com/watch?v=AAKPNhOUiwA
S2013E04,IN_SCOPE,2013-01-28,,LE FAT SHOW - CRAZY JUMP FROM CARLITO (L'ENORME TV),LE FAT SHOW - CRAZY JUMP FROM CARLITO (L'ENORME TV),True,OK,CTpDbvAcUu4,0:38,38,1,1,True,,MISSING_IMAGE,,,,https://www.youtube.com/watch?v=CTpDbvAcUu4
S2013E03,IN_SCOPE,2013-01-25,,LE FAT SHOW No1 (L'ENORME TV) GUEST : MUSTAPHA EL ATRASSI,LE FAT SHOW No1 (L'ENORME TV) GUEST : MUSTAPHA EL ATRASSI,True,OK,PddCQc_S85Q,27:06,1626,27,27,True,,MISSING_IMAGE,,,,https://www.youtube.com/watch?v=PddCQc_S85Q
S2013E02,IN_SCOPE,2013-01-15,,BANDE ANNONCE SCHNYDEPS - LE FAT SHOW - L'ENORME TV,BANDE ANNONCE SCHNYDEPS - LE FAT SHOW - L'ENORME TV,True,OK,q6ttYCwcUCg,0:25,25,1,0,False,,MISSING_IMAGE,,,,https://www.youtube.com/watch?v=q6ttYCwcUCg
S2013E01,IN_SCOPE,2013-01-02,,MCFLY ET CARLITO - LE FAT SHOW (BANDE ANNONCE L'ENORME TV),MCFLY ET CARLITO - LE FAT SHOW (BANDE ANNONCE L'ENORME TV),True,OK,nQ0v9Hc97wY,1:30,90,1,2,False,,MISSING_IMAGE,,,,https://www.youtube.com/watch?v=nQ0v9Hc97wY
S2012E01,IN_SCOPE,2012-12-19,,MCFLY ET CARLITO - MARINA ET LA FIN DU MONDE (A PARTIR DU 24 JANVIER SUR L'ENORME TV),MCFLY ET CARLITO - MARINA ET LA FIN DU MONDE (A PARTIR DU 24 JANVIER SUR L'ENORME TV),True,OK,56Oj9Ji9TRM,2:47,167,3,3,True,season finale,MISSING_IMAGE,,,,https://www.youtube.com/watch?v=56Oj9Ji9TRM
