code,reference_scope,tvdb_date,youtube_date,date_verified,date_exact,tvdb_title,youtube_title,title_exact,title_status,youtube_id,youtube_duration,tvdb_runtime_minutes,expected_runtime_minutes,runtime_exact,season_flag,image_status,tvdb_artwork,youtube_url
S2026E17,AFTER_REFERENCE,2026-09-27,,False,,24H DANS LE NOIR TOTAL ! (Cette maison n'a aucun sens),24H DANS LE NOIR TOTAL ! (Cette maison n'a aucun sens),True,OK,tE9MMqYu2Bk,1:44:20,104,104,True,,MISSING_IMAGE,,https://www.youtube.com/watch?v=tE9MMqYu2Bk
S2026E16,AFTER_REFERENCE,2026-09-14,,False,,48H POUR REMPLIR UNE CAMIONNETTE D'OBJETS ABANDONNÉS (Avec Maxime Biaggi),48H POUR REMPLIR UNE CAMIONNETTE D'OBJETS ABANDONNÉS (Avec Maxime Biaggi),True,OK,HpX5R9rq-1M,57:14,57,57,True,,MISSING_IMAGE,,https://www.youtube.com/watch?v=HpX5R9rq-1M
S2026E15,IN_SCOPE,2026-08-30,,False,,72H SANS POUVOIR DIRE ”NON” (En Martinique),72H SANS POUVOIR DIRE ”NON” (En Martinique 🇲🇶),False,PUNCTUATION_EMOJI_EXACTNESS,mq01XDS2yUU,1:39:24,99,99,True,,MISSING_IMAGE,,https://www.youtube.com/watch?v=mq01XDS2yUU
S2026E14,IN_SCOPE,2026-08-02,,False,,ON JUGE TOUS LES BILLETS DU MONDE (Avec Mcfly & Carlito et Mathieu),ON JUGE TOUS LES BILLETS DU MONDE (Avec Mcfly & Carlito et Mathieu),True,OK,n7ASn5NsoPA,1:52:26,112,112,True,,MISSING_IMAGE,,https://www.youtube.com/watch?v=n7ASn5NsoPA
S2026E13,IN_SCOPE,2026-07-12,,False,,On teste des lieux notés 1 étoile ! (En Angleterre) ★☆☆☆☆,On teste des lieux notés 1 étoile ! (En Angleterre 🏴󠁧󠁢󠁥󠁮󠁧󠁿) ★☆☆☆☆,False,PUNCTUATION_EMOJI_EXACTNESS,jRf8lD4tVnA,1:21:56,82,82,True,,MISSING_IMAGE,,https://www.youtube.com/watch?v=jRf8lD4tVnA
S2026E12,IN_SCOPE,2026-06-28,,False,,LE JUSTE POIDS ! (Avec Djilsi et Nico),LE JUSTE POIDS ! (Avec Djilsi et Nico),True,OK,90VcMwYZgNg,51:28,51,51,True,,MISSING_IMAGE,,https://www.youtube.com/watch?v=90VcMwYZgNg
S2026E11,IN_SCOPE,2026-06-07,,False,,"LE DILEMME PARFAIT ! (ft. Vald, Seb, HugoDécrypte)","LE DILEMME PARFAIT ! (ft. Vald, Seb, HugoDécrypte)",True,OK,ohPHwSVQweY,41:43,42,42,True,,MISSING_IMAGE,,https://www.youtube.com/watch?v=ohPHwSVQweY
S2026E10,IN_SCOPE,2026-05-24,,False,,"SAUVE LE SHERIF ! (Avec Djilsi, Maxime Biaggi, Seb, Sofyan, Etoiles, Mathieu)","SAUVE LE SHERIF ! 🤠 (Avec Djilsi, Maxime Biaggi, Seb, Sofyan, Etoiles, Mathieu)",False,COSMETIC_EXACTNESS,5TjFUj3JaLg,1:07:33,68,68,True,,MISSING_IMAGE,,https://www.youtube.com/watch?v=5TjFUj3JaLg
S2026E09,IN_SCOPE,2026-05-03,,False,,TIK TOK M'A FAIT ACHETER ÇA ! (j'ai failli tout cramer) #11,TIK TOK M'A FAIT ACHETER ÇA ! (j'ai failli tout cramer) #11,True,OK,HE9yP4drJ1w,45:34,46,46,True,,MISSING_IMAGE,,https://www.youtube.com/watch?v=HE9yP4drJ1w
S2026E08,IN_SCOPE,2026-04-19,,False,,ON NE DOIT PAS SE FAIRE RECALER ! (Avec Seb et Sofyan),ON NE DOIT PAS SE FAIRE RECALER ! (Avec Seb et Sofyan),True,OK,C_TvsFED5gY,58:46,59,59,True,,MISSING_IMAGE,,https://www.youtube.com/watch?v=C_TvsFED5gY
S2026E07,IN_SCOPE,2026-04-05,,False,,ON TESTE 30 FROMAGES BIZARRES ! (ft. McFly et Carlito),ON TESTE 30 FROMAGES BIZARRES ! (ft. McFly et Carlito),True,OK,sd88Ysxj2mU,1:03:59,64,64,True,,MISSING_IMAGE,,https://www.youtube.com/watch?v=sd88Ysxj2mU
S2026E06,IN_SCOPE,2026-03-22,,False,,"LE DILEMME PARFAIT (Avec Djilsi, Bigflo et Oli)","LE DILEMME PARFAIT (Avec Djilsi, Bigflo et Oli)",True,OK,fHHY1iAhflA,43:50,44,44,True,,MISSING_IMAGE,,https://www.youtube.com/watch?v=fHHY1iAhflA
S2026E05,IN_SCOPE,2026-03-08,,False,,TROUVE LE GÂTEAU ! (Avec @LenaSituations),TROUVE LE GÂTEAU ! (Avec @LenaSituations),True,OK,CtCrSfJUEJE,53:12,53,53,True,,MISSING_IMAGE,,https://www.youtube.com/watch?v=CtCrSfJUEJE
S2026E04,IN_SCOPE,2026-02-22,,False,,"TROUVE LA RÈGLE ! (Avec Djilsi, Maxime biaggi, Billy, Mathieu)","TROUVE LA RÈGLE ! (Avec Djilsi, Maxime biaggi, Billy, Mathieu)",True,OK,-LrVqwOwFqA,40:11,40,40,True,,MISSING_IMAGE,,https://www.youtube.com/watch?v=-LrVqwOwFqA
S2026E03,IN_SCOPE,2026-02-08,,False,,ON TESTE DES LIEUX NOTÉS 1 ÉTOILE ! (En Espagne) ★☆☆☆☆,ON TESTE DES LIEUX NOTÉS 1 ÉTOILE ! (En Espagne 🇪🇸 )  ★☆☆☆☆,False,PUNCTUATION_EMOJI_EXACTNESS,ADVJRnizFAM,1:15:06,75,75,True,,MISSING_IMAGE,,https://www.youtube.com/watch?v=ADVJRnizFAM
S2026E02,IN_SCOPE,2026-01-25,,False,,Il leur cachait ÇA depuis des années (100% positif),Il leur cachait ÇA depuis des années (100% positif),True,OK,8rXlqHueuPA,28:08,28,28,True,,MISSING_IMAGE,,https://www.youtube.com/watch?v=8rXlqHueuPA
S2026E01,IN_SCOPE,2026-01-11,,False,,ON REND FOU DES INCONNUS AU TELEPHONE ! (Avec @Djilsi),ON REND FOU DES INCONNUS AU TELEPHONE ! (Avec @Djilsi ),False,PUNCTUATION_EMOJI_EXACTNESS,mn1WK--10sk,27:43,28,28,True,,MISSING_IMAGE,,https://www.youtube.com/watch?v=mn1WK--10sk
S2025E22,IN_SCOPE,2025-12-21,,False,,TIK TOK M'A FAIT ACHETER ÇA ! (celui-ci est dingue) #10,TIK TOK M'A FAIT ACHETER ÇA ! (celui-ci est dingue) #10,True,OK,DRc7ISfv6GA,33:46,33,34,False,season finale,MISSING_IMAGE,,https://www.youtube.com/watch?v=DRc7ISfv6GA
S2025E21,IN_SCOPE,2025-12-07,,False,,"ON TESTE 29 FRUITS BIZARRES (ft. Amixem, Thomas Deseur)","ON TESTE 29 FRUITS BIZARRES (ft. Amixem, Thomas Deseur)",True,OK,AzkXGtDcMT0,1:05:51,66,66,True,,MISSING_IMAGE,,https://www.youtube.com/watch?v=AzkXGtDcMT0
S2025E20,IN_SCOPE,2025-11-23,,False,,MENOTTÉS SUR UNE ÎLE DÉSERTE (c'était impossible),MENOTTÉS SUR UNE ÎLE DÉSERTE (c'était impossible),True,OK,E7q68sE5Y94,1:02:10,62,62,True,,MISSING_IMAGE,,https://www.youtube.com/watch?v=E7q68sE5Y94
S2025E19,IN_SCOPE,2025-11-09,,False,,TROUVE LE GÂTEAU ! (Avec @inoxtag),TROUVE LE GÂTEAU ! (Avec @inoxtag),True,OK,Ld7XsKsSk-I,47:03,47,47,True,,MISSING_IMAGE,,https://www.youtube.com/watch?v=Ld7XsKsSk-I
S2025E18,IN_SCOPE,2025-10-26,,False,,24H DANS LE NOIR TOTAL ! (Version horreur),24H DANS LE NOIR TOTAL ! (Version horreur),True,OK,xzlb9hbp9iI,1:31:10,91,91,True,,MISSING_IMAGE,,https://www.youtube.com/watch?v=xzlb9hbp9iI
S2025E17,IN_SCOPE,2025-10-05,,False,,"ON INVENTE DES JEUX DE A à Z ! (ft. Mastu, Théodort, Raska)","ON INVENTE DES JEUX DE A à Z ! (ft. Mastu, Théodort, Raska)",True,OK,iijE15Njt5M,39:44,39,40,False,,MISSING_IMAGE,,https://www.youtube.com/watch?v=iijE15Njt5M
S2025E16,IN_SCOPE,2025-09-14,,False,,24H POUR RÉALISER 3 TRICKS !,24H POUR RÉALISER 3 TRICKS !,True,OK,OcCNH9gjJ1o,39:42,39,40,False,,MISSING_IMAGE,,https://www.youtube.com/watch?v=OcCNH9gjJ1o
S2025E15,IN_SCOPE,2025-08-31,,False,,"72H SANS POUVOIR DIRE ""NON"" (Avec Djilsi, Manas, Mathieu)","72H SANS POUVOIR DIRE ""NON"" (Avec Djilsi, Manas, Mathieu)",True,OK,qPaLkNHFA-A,1:19:19,79,79,True,,MISSING_IMAGE,,https://www.youtube.com/watch?v=qPaLkNHFA-A
S2025E14,IN_SCOPE,2025-07-27,,False,,"TROUVE LE CADAVRE ! (Avec Djilsi, Maxime Biaggi, Elian)","TROUVE LE CADAVRE ! (Avec Djilsi, Maxime Biaggi, Elian)",True,OK,XOt3UHMqZhg,43:20,43,43,True,,MISSING_IMAGE,,https://www.youtube.com/watch?v=XOt3UHMqZhg
S2025E13,IN_SCOPE,2025-07-13,,False,,ON REND FOU DES INCONNUS AU TELEPHONE ! (Avec Theodort),ON REND FOU DES INCONNUS AU TELEPHONE ! (Avec Theodort),True,OK,-2dgGW2nrH0,28:03,28,28,True,,MISSING_IMAGE,,https://www.youtube.com/watch?v=-2dgGW2nrH0
S2025E12,IN_SCOPE,2025-06-29,,False,,"TROUVE LE BUZZER ! (Avec Djilsi, Mcfly et Carlito)","TROUVE LE BUZZER ! (Avec Djilsi, Mcfly et Carlito)",True,OK,B4FMlrv88-A,43:25,43,43,True,,MISSING_IMAGE,,https://www.youtube.com/watch?v=B4FMlrv88-A
S2025E11,IN_SCOPE,2025-06-15,,False,,TIK TOK M'A FAIT ACHETER ÇA ! (celui-là est zinzin) #9,TIK TOK M'A FAIT ACHETER ÇA ! (celui-là est zinzin) #9,True,OK,yfSJqPKyIQ0,39:57,40,40,True,,MISSING_IMAGE,,https://www.youtube.com/watch?v=yfSJqPKyIQ0
S2025E10,IN_SCOPE,2025-06-01,,False,,ON TESTE DES LIEUX NOTÉS 1 ÉTOILE ! (En Belgique) ★☆☆☆☆,ON TESTE DES LIEUX NOTÉS 1 ÉTOILE ! (En Belgique 🇧🇪 )  ★☆☆☆☆,False,PUNCTUATION_EMOJI_EXACTNESS,W3f5B-tlKfw,51:56,52,52,True,,MISSING_IMAGE,,https://www.youtube.com/watch?v=W3f5B-tlKfw
S2025E09,IN_SCOPE,2025-05-18,,False,,QUI PEUT OBTENIR 100% DES VOTES ?,QUI PEUT OBTENIR 100% DES VOTES ?,True,OK,dL39mX1krA8,40:44,41,41,True,,MISSING_IMAGE,,https://www.youtube.com/watch?v=dL39mX1krA8
S2025E08,IN_SCOPE,2025-04-27,,False,,ON REND FOU DES INCONNUS AU TELEPHONE ! (Avec Maxime Biaggi),ON REND FOU DES INCONNUS AU TELEPHONE ! (Avec Maxime Biaggi),True,OK,GNk1iFhWgrM,26:08,26,26,True,,MISSING_IMAGE,,https://www.youtube.com/watch?v=GNk1iFhWgrM
S2025E07,IN_SCOPE,2025-04-13,,False,,DEVINE QUI C'EST ! (ft. @SEBFRIT),DEVINE QUI C'EST ! (ft. @SEBFRIT),True,OK,ZA8ejZZEgJ4,22:10,22,22,True,,MISSING_IMAGE,,https://www.youtube.com/watch?v=ZA8ejZZEgJ4
S2025E06,IN_SCOPE,2025-03-23,,False,,"QUI MENT LE MIEUX ? (Avec Elian, Baghera, Sofyan, Raska)","QUI MENT LE MIEUX ? (Avec Elian, Baghera, Sofyan, Raska)",True,OK,V1BvlES3qr8,32:03,32,32,True,,MISSING_IMAGE,,https://www.youtube.com/watch?v=V1BvlES3qr8
S2025E04,IN_SCOPE,2025-02-24,,False,,JOYCA - DISCOBEAST (LYRICS VIDEO),JOYCA - DISCOBEAST (LYRICS VIDEO),True,OK,Mo2HToQ3-S4,2:31,3,3,True,,MISSING_IMAGE,,https://www.youtube.com/watch?v=Mo2HToQ3-S4
S2025E03,IN_SCOPE,2025-02-23,,False,,Faire disque d'or avec MrBeast !,Faire disque d'or avec MrBeast !,True,OK,yW8SqDwk0Sg,14:11,14,14,True,,MISSING_IMAGE,,https://www.youtube.com/watch?v=yW8SqDwk0Sg
S2025E02,IN_SCOPE,2025-02-16,,False,,DORMIR DANS UNE VILLA À 10 000 000 $ !,DORMIR DANS UNE VILLA À 10 000 000 $ !,True,OK,-OvdeJVQwoc,34:35,35,35,True,,MISSING_IMAGE,,https://www.youtube.com/watch?v=-OvdeJVQwoc
S2025E01,IN_SCOPE,2025-01-26,,False,,"TROUVE LA RÈGLE ! (Avec McFly, Carlito, Elian)","TROUVE LA RÈGLE ! (Avec McFly, Carlito, Elian)",True,OK,ol144MIpscY,34:46,35,35,True,,MISSING_IMAGE,,https://www.youtube.com/watch?v=ol144MIpscY
S2024E27,IN_SCOPE,2024-12-15,,False,,ESSAYEZ DE NE PAS RIRE ! (Version Tik Tok) #5,ESSAYEZ DE NE PAS RIRE ! (Version Tik Tok) #5,True,OK,jnYMh9FfgKU,24:27,24,24,True,season finale,MISSING_IMAGE,,https://www.youtube.com/watch?v=jnYMh9FfgKU
S2024E26,IN_SCOPE,2024-12-01,,False,,On teste des lieux notés 1 étoile ! (En Pologne) ★☆☆☆☆,On teste des lieux notés 1 étoile ! (En Pologne 🇵🇱) ★☆☆☆☆,False,PUNCTUATION_EMOJI_EXACTNESS,h4fwCvsFE8Y,59:15,60,59,False,,MISSING_IMAGE,,https://www.youtube.com/watch?v=h4fwCvsFE8Y
S2024E25,IN_SCOPE,2024-11-17,,False,,TIK TOK M'A FAIT ACHETER ÇA ! (lui il est dangereux) #8,TIK TOK M'A FAIT ACHETER ÇA ! (lui il est dangereux) #8,True,OK,CUOKSTVM0Wg,25:01,25,25,True,,MISSING_IMAGE,,https://www.youtube.com/watch?v=CUOKSTVM0Wg
S2024E24,IN_SCOPE,2024-11-03,,False,,100 compétences mortelles... (j'ai testé les meilleures),100 compétences mortelles... (j'ai testé les meilleures),True,OK,-dleqUteur4,41:22,41,41,True,,MISSING_IMAGE,,https://www.youtube.com/watch?v=-dleqUteur4
S2024E23,IN_SCOPE,2024-10-27,,False,,On doit survivre à cette nuit... (Avec LeGrandJD et Elian),On doit survivre à cette nuit... (Avec LeGrandJD et Elian),True,OK,dn2XZVJrpIY,56:49,57,57,True,,MISSING_IMAGE,,https://www.youtube.com/watch?v=dn2XZVJrpIY
S2024E22,IN_SCOPE,2024-10-06,,False,,10H pour ouvrir le coffre fort le plus sécurisé au monde !,10H pour ouvrir le coffre fort le plus sécurisé au monde !,True,OK,PTJ3TuvyCZw,46:52,47,47,True,,MISSING_IMAGE,,https://www.youtube.com/watch?v=PTJ3TuvyCZw
S2024E21,IN_SCOPE,2024-09-29,,False,,J'AI CHERCHÉ DE L'OR DANS DES RIVIÈRES EN FRANCE !,J'AI CHERCHÉ DE L'OR DANS DES RIVIÈRES EN FRANCE !,True,OK,4Ubpu1OZchc,16:44,17,17,True,,MISSING_IMAGE,,https://www.youtube.com/watch?v=4Ubpu1OZchc
S2024E20,IN_SCOPE,2024-09-08,,False,,48H DANS LE NOIR TOTAL ! (Avec Djilsi et Manass) - Partie 2,48H DANS LE NOIR TOTAL ! (Avec Djilsi et Manass) - Partie 2,True,OK,4qiCWjOALF8,57:14,57,57,True,,MISSING_IMAGE,,https://www.youtube.com/watch?v=4qiCWjOALF8
S2024E19,IN_SCOPE,2024-09-01,,False,,48H DANS LE NOIR TOTAL ! (Sans connaître la maison) - Partie 1,48H DANS LE NOIR TOTAL ! (Sans connaître la maison) - Partie 1,True,OK,lgAsWB647rY,49:46,49,50,False,,MISSING_IMAGE,,https://www.youtube.com/watch?v=lgAsWB647rY
S2024E18,IN_SCOPE,2024-08-18,,False,,"TROUVE LE CADAVRE ! (Avec Mcfly, Carlito, Elian)","TROUVE LE CADAVRE ! (Avec Mcfly, Carlito, Elian)",True,OK,E4Y11Bm7Io8,43:55,44,44,True,,MISSING_IMAGE,,https://www.youtube.com/watch?v=E4Y11Bm7Io8
S2024E17,IN_SCOPE,2024-08-04,,False,,"LA PIRE COLOCATION ! (Avec Natoo, Baghera, Soso Maness, Grimkujow)","LA PIRE COLOCATION ! (Avec Natoo, Baghera, Soso Maness, Grimkujow)",True,OK,aLe36-7cngA,59:59,60,60,True,,MISSING_IMAGE,,https://www.youtube.com/watch?v=aLe36-7cngA
S2024E16,IN_SCOPE,2024-07-21,,False,,LES VIDÉOS QUE JE N'AI PAS PU SORTIR...,LES VIDÉOS QUE JE N'AI PAS PU SORTIR...,True,OK,VFCLyye0EuM,19:57,20,20,True,,MISSING_IMAGE,,https://www.youtube.com/watch?v=VFCLyye0EuM
S2024E15,IN_SCOPE,2024-07-07,,False,,48H DANS UN CAMPING-CAR DE LUXE !,48H DANS UN CAMPING-CAR DE LUXE !,True,OK,LWmmW9oa1JA,28:33,28,29,False,,MISSING_IMAGE,,https://www.youtube.com/watch?v=LWmmW9oa1JA
S2024E14,IN_SCOPE,2024-06-23,,False,,"LA PIRE COLOCATION ! (Avec Mastu, Théodort, Raska, Hctuan, Zafeel)","LA PIRE COLOCATION ! (Avec Mastu, Théodort, Raska, Hctuan, Zafeel)",True,OK,qKkd9O7u2EQ,54:37,54,55,False,,MISSING_IMAGE,,https://www.youtube.com/watch?v=qKkd9O7u2EQ
S2024E13,IN_SCOPE,2024-06-16,,False,,TIK TOK M'A FAIT ACHETER ÇA ! (j'y croyais pas) #7,TIK TOK M'A FAIT ACHETER ÇA ! (j'y croyais pas) #7,True,OK,EDf_kl00qRM,30:39,31,31,True,,MISSING_IMAGE,,https://www.youtube.com/watch?v=EDf_kl00qRM
S2024E12,IN_SCOPE,2024-05-26,,False,,ON TESTE DES LIEUX NOTÉS 1 ÉTOILE (En Italie) ! ★☆☆☆☆,ON TESTE DES LIEUX NOTÉS 1 ÉTOILE (En Italie 🇮🇹) ! ★☆☆☆☆,False,PUNCTUATION_EMOJI_EXACTNESS,9J1iPw_N1Vo,45:05,45,45,True,,MISSING_IMAGE,,https://www.youtube.com/watch?v=9J1iPw_N1Vo
S2024E11,IN_SCOPE,2024-05-12,,False,,"TROUVE LA RÈGLE ! (ft Djilsi, Seb, Sofyan, Manas)","TROUVE LA RÈGLE ! (ft Djilsi, Seb, Sofyan, Manas)",True,OK,H5x0I0jT7so,29:28,29,29,True,,MISSING_IMAGE,,https://www.youtube.com/watch?v=H5x0I0jT7so
S2024E10,IN_SCOPE,2024-04-28,,False,,QUI RESSEMBLE LE PLUS A SON ANIMAL ? (Avec @Maghla),QUI RESSEMBLE LE PLUS A SON ANIMAL ? (Avec ​⁠@Maghla ),False,PUNCTUATION_EMOJI_EXACTNESS,7btKqhqQ4yc,39:43,39,40,False,,MISSING_IMAGE,,https://www.youtube.com/watch?v=7btKqhqQ4yc
S2024E09,IN_SCOPE,2024-04-21,,False,,"LE JUSTE POIDS ! #2 (Avec Mastu, Zafeel)","LE JUSTE POIDS ! #2 (Avec Mastu, Zafeel)",True,OK,NPHgDVgIWeQ,32:44,32,33,False,,MISSING_IMAGE,,https://www.youtube.com/watch?v=NPHgDVgIWeQ
S2024E08,IN_SCOPE,2024-04-14,,False,,ENFERMÉ AVEC 100 CAMÉRAS CACHÉES !,ENFERMÉ AVEC 100 CAMÉRAS CACHÉES !,True,OK,QPqJF83lTCg,38:25,38,38,True,,MISSING_IMAGE,,https://www.youtube.com/watch?v=QPqJF83lTCg
S2024E07,IN_SCOPE,2024-03-31,,False,,24H DANS LE NOIR TOTAL ! (Sans connaître la maison),24H DANS LE NOIR TOTAL ! (Sans connaître la maison),True,OK,EXIdOATmVq8,45:03,45,45,True,,MISSING_IMAGE,,https://www.youtube.com/watch?v=EXIdOATmVq8
S2024E06,IN_SCOPE,2024-03-24,,False,,QUI FERA LA MEILLEURE LUGE ?,QUI FERA LA MEILLEURE LUGE ?,True,OK,IbCIJf_Jkzk,24:11,24,24,True,,MISSING_IMAGE,,https://www.youtube.com/watch?v=IbCIJf_Jkzk
S2024E05,IN_SCOPE,2024-03-10,,False,,ON TESTE DES LIEUX NOTÉS 1 ÉTOILE ! ★☆☆☆☆,ON TESTE DES LIEUX NOTÉS 1 ÉTOILE ! ★☆☆☆☆,True,OK,zOrawFeovxE,42:10,42,42,True,,MISSING_IMAGE,,https://www.youtube.com/watch?v=zOrawFeovxE
S2024E04,IN_SCOPE,2024-02-25,,False,,TIK TOK M'A FAIT ACHETER ÇA ! #6 (Jamais vu ça avant),TIK TOK M'A FAIT ACHETER ÇA ! #6 (Jamais vu ça avant),True,OK,4j92PHFnp3g,23:46,23,24,False,,MISSING_IMAGE,,https://www.youtube.com/watch?v=4j92PHFnp3g
S2024E03,IN_SCOPE,2024-02-11,,False,,LE JUSTE POIDS ! (Avec ​⁠​Mastu et ​⁠Theobabac),LE JUSTE POIDS ! (Avec ​⁠​Mastu et ​⁠Theobabac),True,OK,4NUPl6HdGUM,23:31,23,24,False,,MISSING_IMAGE,,https://www.youtube.com/watch?v=4NUPl6HdGUM
S2024E02,IN_SCOPE,2024-02-04,,False,,C'est la fin... Et maintenant ?,C'est la fin... Et maintenant ?,True,OK,rIDJne9hiuY,10:01,10,10,True,,MISSING_IMAGE,,https://www.youtube.com/watch?v=rIDJne9hiuY
S2024E01,IN_SCOPE,2024-01-14,,False,,"ON AFFRONTE DES LÉGENDES DU BOWLING ! (Avec Mastu, Theodort, Hctuan, Raska)","ON AFFRONTE DES LÉGENDES DU BOWLING ! (Avec Mastu, Theodort, Hctuan, Raska)",True,OK,S4BvET9AV-E,33:33,33,34,False,,MISSING_IMAGE,,https://www.youtube.com/watch?v=S4BvET9AV-E
S2023E35,IN_SCOPE,2023-12-24,,False,,5 SECONDES POUR RÉPONDRE ! #2,5 SECONDES POUR RÉPONDRE ! #2,True,OK,4FLdYE6CrdI,21:41,21,22,False,season finale,MISSING_IMAGE,,https://www.youtube.com/watch?v=4FLdYE6CrdI
S2023E33,IN_SCOPE,2023-12-03,,False,,BLINDTEST MOYEN-AGE ! (Avec Seb et Sofyan),BLINDTEST MOYEN-AGE ! (Avec Seb et Sofyan),True,OK,QXFuHrFzeiQ,45:54,46,46,True,,MISSING_IMAGE,,https://www.youtube.com/watch?v=QXFuHrFzeiQ
S2023E32,IN_SCOPE,2023-11-26,,False,,"5 SECONDES POUR RÉPONDRE ! (Ft Maghla, Cocotte, Gotaga)","5 SECONDES POUR RÉPONDRE ! (Ft Maghla, Cocotte, Gotaga)",True,OK,qK7XYw7Rtx8,32:46,33,33,True,,MISSING_IMAGE,,https://www.youtube.com/watch?v=qK7XYw7Rtx8
S2023E31,IN_SCOPE,2023-11-19,,False,,EST-CE QUE C'EST UNE OEUVRE D'ART ? (Feat @Mastu),EST-CE QUE C'EST UNE OEUVRE D'ART ? (Feat @Mastu ),False,PUNCTUATION_EMOJI_EXACTNESS,noJ4anUCKTU,22:16,22,22,True,,MISSING_IMAGE,,https://www.youtube.com/watch?v=noJ4anUCKTU
S2023E30,IN_SCOPE,2023-11-05,,False,,ON PARLE D'HORREUR ! (Et de nos histoires),ON PARLE D'HORREUR ! (Et de nos histoires),True,OK,pTjNp5sR2Kc,38:27,38,38,True,,MISSING_IMAGE,,https://www.youtube.com/watch?v=pTjNp5sR2Kc
S2023E29,IN_SCOPE,2023-10-29,,False,,"TROUVE LE GÂTEAU ! #3 (avec Mcfly, Carlito, GMK)","TROUVE LE GÂTEAU ! #3 (avec Mcfly, Carlito, GMK)",True,OK,sHRYBN9mspM,29:55,30,30,True,,MISSING_IMAGE,,https://www.youtube.com/watch?v=sHRYBN9mspM
S2023E28,IN_SCOPE,2023-10-22,,False,,"QUI NOUS IMPRESSIONNERA LE PLUS ? (Avec Naza, Seb, Theobabac)","QUI NOUS IMPRESSIONNERA LE PLUS ? (Avec Naza, Seb, Theobabac)",True,OK,PwjeKhejg0o,47:25,47,47,True,,MISSING_IMAGE,,https://www.youtube.com/watch?v=PwjeKhejg0o
S2023E27,IN_SCOPE,2023-10-01,,False,,LE HASARD DÉCIDE DE NOS INGRÉDIENTS ! (Avec Gurky),LE HASARD DÉCIDE DE NOS INGRÉDIENTS ! (Avec Gurky),True,OK,fEwdNGec3LQ,19:37,19,20,False,,MISSING_IMAGE,,https://www.youtube.com/watch?v=fEwdNGec3LQ
S2023E26,IN_SCOPE,2023-09-24,,False,,BLINDTEST MOYEN-ÂGE ! (Avec des musiques actuelles),BLINDTEST MOYEN-ÂGE ! (Avec des musiques actuelles),True,OK,KcgbgK8jtCQ,38:42,38,39,False,,MISSING_IMAGE,,https://www.youtube.com/watch?v=KcgbgK8jtCQ
S2023E25,IN_SCOPE,2023-09-17,,False,,CE FOUET VA PLUS VITE QU’UNE BALLE DE FUSIL ! (1235km/h),CE FOUET VA PLUS VITE QU’UNE BALLE DE FUSIL ! (1235km/h),True,OK,HmLXmIuX5mM,14:42,15,15,True,,MISSING_IMAGE,,https://www.youtube.com/watch?v=HmLXmIuX5mM
S2023E24,IN_SCOPE,2023-09-03,,False,,"1 MINUTE POUR CONVAINCRE ! (Avec Inoxtag, Theobabac)","1 MINUTE POUR CONVAINCRE ! (Avec Inoxtag, Theobabac)",True,OK,eW6wnyrLs_0,36:44,37,37,True,,MISSING_IMAGE,,https://www.youtube.com/watch?v=eW6wnyrLs_0
S2023E23,IN_SCOPE,2023-08-27,,False,,TIK TOK M'A FAIT ACHETER ÇA ! #5 (C'est une folie ça),TIK TOK M'A FAIT ACHETER ÇA ! #5 (C'est une folie ça),True,OK,MrE3zS0ecdE,21:45,22,22,True,,MISSING_IMAGE,,https://www.youtube.com/watch?v=MrE3zS0ecdE
S2023E22,IN_SCOPE,2023-08-06,,False,,"QUI A LA BONNE DÉFINITION ? (Avec Seb, Theobabac, Theo Juice)","QUI A LA BONNE DÉFINITION ? (Avec Seb, Theobabac, Theo Juice)",True,OK,EwPGmtM-e08,21:56,22,22,True,,MISSING_IMAGE,,https://www.youtube.com/watch?v=EwPGmtM-e08
S2023E21,IN_SCOPE,2023-07-23,,False,,"1 MINUTE POUR CONVAINCRE... (Avec Seb, Maghla, La Routine, Hibz)","1 MINUTE POUR CONVAINCRE... (Avec Seb, Maghla, La Routine, Hibz)",True,OK,TrVCGhLfORs,36:15,36,36,True,,MISSING_IMAGE,,https://www.youtube.com/watch?v=TrVCGhLfORs
S2023E20,IN_SCOPE,2023-07-16,,False,,IMPOSSIBLE QUE ÇA SOIT VRAI ! (et pourtant),IMPOSSIBLE QUE ÇA SOIT VRAI ! (et pourtant),True,OK,PsLffmRvz90,16:58,17,17,True,,MISSING_IMAGE,,https://www.youtube.com/watch?v=PsLffmRvz90
S2023E19,IN_SCOPE,2023-07-09,,False,,JE TENTE DES GLACES INSOLITES (Genre Insectes) #4,JE TENTE DES GLACES INSOLITES (Genre Insectes) #4,True,OK,gyaT14_x4LI,21:44,22,22,True,,MISSING_IMAGE,,https://www.youtube.com/watch?v=gyaT14_x4LI
S2023E18,IN_SCOPE,2023-06-25,,False,,TESTER DES RECETTES AMERICAINES HONTEUSES #2 (Merci Tik Tok),TESTER DES RECETTES AMERICAINES HONTEUSES #2 (Merci Tik Tok),True,OK,RzI6uDQebWA,30:12,30,30,True,,MISSING_IMAGE,,https://www.youtube.com/watch?v=RzI6uDQebWA
S2023E17,IN_SCOPE,2023-06-18,,False,,QUI A LE MEILLEUR TALENT ? (Avec Inox),QUI A LE MEILLEUR TALENT ? (Avec Inox),True,OK,46_spEH-rAc,31:02,31,31,True,,MISSING_IMAGE,,https://www.youtube.com/watch?v=46_spEH-rAc
S2023E16,IN_SCOPE,2023-06-04,,False,,PRODUIT DE LUXE OU COMMUN ? (Ft Mastu),PRODUIT DE LUXE OU COMMUN ? (Ft Mastu),True,OK,aBFMYoTXRFs,19:19,19,19,True,,MISSING_IMAGE,,https://www.youtube.com/watch?v=aBFMYoTXRFs
S2023E15,IN_SCOPE,2023-05-28,,False,,QUI FAIT QUOI ? Ft. Seb (8 métiers très peu communs),QUI FAIT QUOI ? Ft. Seb (8 métiers très peu communs),True,OK,_yvvMTfYlpI,25:51,26,26,True,,MISSING_IMAGE,,https://www.youtube.com/watch?v=_yvvMTfYlpI
S2023E14,IN_SCOPE,2023-05-14,,False,,ON SE CLASSE SELON DES QUESTIONS GÊNANTES !,ON SE CLASSE SELON DES QUESTIONS GÊNANTES !,True,OK,Vb1lEVj23xw,22:46,23,23,True,,MISSING_IMAGE,,https://www.youtube.com/watch?v=Vb1lEVj23xw
S2023E13,IN_SCOPE,2023-05-07,,False,,DÉFIER UN PRO SANS JOUER ! (Avec Gotaga),DÉFIER UN PRO SANS JOUER ! (Avec Gotaga),True,OK,ih3VodY5N7U,21:11,21,21,True,,MISSING_IMAGE,,https://www.youtube.com/watch?v=ih3VodY5N7U
S2023E12,IN_SCOPE,2023-04-30,,False,,ESSAYEZ DE NE PAS RIRE ! (Version Tik Tok) #4,ESSAYEZ DE NE PAS RIRE ! (Version Tik Tok) #4,True,OK,eLIp7IhX5SM,16:17,16,16,True,,MISSING_IMAGE,,https://www.youtube.com/watch?v=eLIp7IhX5SM
S2023E11,IN_SCOPE,2023-04-23,,False,,"50 OBJETS, 1 GÂTEAU ! (avec Mister V et Freddy Gladieux)","50 OBJETS, 1 GÂTEAU ! (avec Mister V et Freddy Gladieux)",True,OK,hduvYC4q7l0,26:40,26,27,False,,MISSING_IMAGE,,https://www.youtube.com/watch?v=hduvYC4q7l0
S2023E10,IN_SCOPE,2023-04-16,,False,,PORTRAIT ROBOT VS RÉALITÉ ! (Avec @Oceane),PORTRAIT ROBOT VS RÉALITÉ ! (Avec @Oceane),True,OK,huHDtrzMUpI,16:40,17,17,True,,MISSING_IMAGE,,https://www.youtube.com/watch?v=huHDtrzMUpI
S2023E09,IN_SCOPE,2023-04-02,,False,,PROTÈGE TON OEUF ! (Avec Sofyan et Maxime Biaggi),PROTÈGE TON OEUF ! (Avec Sofyan et Maxime Biaggi),True,OK,heNJkov7FJE,15:06,15,15,True,,MISSING_IMAGE,,https://www.youtube.com/watch?v=heNJkov7FJE
S2023E08,IN_SCOPE,2023-03-19,,False,,30 000 000€ POUR EN ARRIVER LÀ,30 000 000€ POUR EN ARRIVER LÀ,True,OK,QJSoXYpPgt4,23:35,23,24,False,,MISSING_IMAGE,,https://www.youtube.com/watch?v=QJSoXYpPgt4
S2023E07,IN_SCOPE,2023-03-05,,False,,RÉUSSIR 3 TRICKS EN 24H ! (Sans abandonner),RÉUSSIR 3 TRICKS EN 24H ! (Sans abandonner),True,OK,bN1HupQmfrY,17:06,17,17,True,,MISSING_IMAGE,,https://www.youtube.com/watch?v=bN1HupQmfrY
S2023E06,IN_SCOPE,2023-02-26,,False,,TESTER DES RECETTES AMERICAINES HONTEUSES (Merci TikTok),TESTER DES RECETTES AMERICAINES HONTEUSES (Merci TikTok),True,OK,VV58YxLldHY,18:24,18,18,True,,MISSING_IMAGE,,https://www.youtube.com/watch?v=VV58YxLldHY
S2023E05,IN_SCOPE,2023-02-19,,False,,"TOUS CONTRE LE VENTILATEUR ! (Avec Inox, Theobabac, Sofyan)","TOUS CONTRE LE VENTILATEUR ! (Avec Inox, Theobabac, Sofyan)",True,OK,0MrqvOQ2jJo,14:49,14,15,False,,MISSING_IMAGE,,https://www.youtube.com/watch?v=0MrqvOQ2jJo
S2023E04,IN_SCOPE,2023-02-12,,False,,"DORMIR AU HASARD EN EUROPE AVEC 0,00€ (Avec @legrandjd)","DORMIR AU HASARD EN EUROPE AVEC 0,00€ (Avec @legrandjd)",True,OK,Ru0tZh6--qY,35:58,36,36,True,,MISSING_IMAGE,,https://www.youtube.com/watch?v=Ru0tZh6--qY
S2023E03,IN_SCOPE,2023-01-29,,False,,TROUVE LE GÂTEAU ! #2 (Avec @Squeezie),TROUVE LE GÂTEAU ! #2 (Avec @Squeezie),True,OK,owiX7-bGQEo,27:43,28,28,True,,MISSING_IMAGE,,https://www.youtube.com/watch?v=owiX7-bGQEo
S2023E02,IN_SCOPE,2023-01-22,,False,,L'ACTIVITÉ LA PLUS SATISFAISANTE ! (Tufting Gun),L'ACTIVITÉ LA PLUS SATISFAISANTE ! (Tufting Gun),True,OK,iatlF6Awbao,17:50,18,18,True,,MISSING_IMAGE,,https://www.youtube.com/watch?v=iatlF6Awbao
S2023E01,IN_SCOPE,2023-01-08,,False,,VOUS FINIREZ AVEC LE SOURIRE ! (100% positivité),VOUS FINIREZ AVEC LE SOURIRE  ! (100% positivité),False,COSMETIC_EXACTNESS,WokLYyxp9Zs,14:11,14,14,True,,MISSING_IMAGE,,https://www.youtube.com/watch?v=WokLYyxp9Zs
S2022E54,IN_SCOPE,2022-12-20,,False,,LE FEAT LÉGENDAIRE (Avec Mister V) #JOYCAR Ep 3,LE FEAT LÉGENDAIRE (Avec Mister V) #JOYCAR Ep 3,True,OK,c4Go4awhnc8,22:14,22,22,True,season finale,MISSING_IMAGE,,https://www.youtube.com/watch?v=c4Go4awhnc8
S2022E53,IN_SCOPE,2022-12-11,,False,,TIK TOK M'A FAIT ACHETER ÇA ! #4 (Lui est dangereux),TIK TOK M'A FAIT ACHETER ÇA ! #4 (Lui est dangereux),True,OK,VRpQewhzsD8,19:58,20,20,True,,MISSING_IMAGE,,https://www.youtube.com/watch?v=VRpQewhzsD8
S2022E52,IN_SCOPE,2022-12-04,,False,,ESSAYEZ DE NE PAS RIRE ! (Version Tik Tok) #3,ESSAYEZ DE NE PAS RIRE ! (Version Tik Tok) #3,True,OK,9VdYvW-R9r8,15:53,16,16,True,,MISSING_IMAGE,,https://www.youtube.com/watch?v=9VdYvW-R9r8
S2022E51,IN_SCOPE,2022-11-27,,False,,VIVRE COMME LES SIMS (Pendant 24h),VIVRE COMME LES SIMS (Pendant 24h),True,OK,M9NE2WsjCks,19:13,19,19,True,,MISSING_IMAGE,,https://www.youtube.com/watch?v=M9NE2WsjCks
S2022E50,IN_SCOPE,2022-11-20,,False,,MON VRAI SALAIRE YOUTUBE (En public),MON VRAI SALAIRE YOUTUBE (En public),True,OK,CmL57ifUstQ,16:00,16,16,True,,MISSING_IMAGE,,https://www.youtube.com/watch?v=CmL57ifUstQ
S2022E49,IN_SCOPE,2022-11-06,,False,,"QUI EST LE COMPLICE ? (Avec @SEBFRIT, @TheoBabac)","QUI EST LE COMPLICE ? (Avec @SEBFRIT, @TheoBabac)",True,OK,AEUJUDGNBCM,21:14,21,21,True,,MISSING_IMAGE,,https://www.youtube.com/watch?v=AEUJUDGNBCM
S2022E48,IN_SCOPE,2022-10-30,,False,,VOICI LE VRAI FUTUR ! (Et on le teste),VOICI LE VRAI FUTUR ! (Et on le teste),True,OK,vmJR4Lyk1Pg,16:32,16,17,False,,MISSING_IMAGE,,https://www.youtube.com/watch?v=vmJR4Lyk1Pg
S2022E47,IN_SCOPE,2022-10-23,,False,,"10 ABONNÉS, 1 CUBE, 50 000€ (Il faut faire des choix)","10 ABONNÉS, 1 CUBE, 50 000€ (Il faut faire des choix)",True,OK,pL0QOV0OU90,40:59,40,41,False,,MISSING_IMAGE,,https://www.youtube.com/watch?v=pL0QOV0OU90
S2022E46,IN_SCOPE,2022-10-16,,False,,L'HISTOIRE DE MON CRASH À 200Km/h ! (J'ai eu très peur),L'HISTOIRE DE MON CRASH À 200Km/h ! (J'ai eu très peur),True,OK,-GSBwSxTB2I,16:15,16,16,True,,MISSING_IMAGE,,https://www.youtube.com/watch?v=-GSBwSxTB2I
S2022E45,IN_SCOPE,2022-10-02,,False,,C’EST QUOI CE BORDEL ?????,C’EST QUOI CE BORDEL ?????,True,OK,aXAAs82Sp5A,11:49,11,12,False,,MISSING_IMAGE,,https://www.youtube.com/watch?v=aXAAs82Sp5A
S2022E44,IN_SCOPE,2022-09-29,,False,,ESSAYEZ DE NE PAS RIRE : IRL,ESSAYEZ DE NE PAS RIRE : IRL,True,OK,bbwuqjKA3Qg,19:36,19,20,False,,MISSING_IMAGE,,https://www.youtube.com/watch?v=bbwuqjKA3Qg
S2022E43,IN_SCOPE,2022-09-25,,False,,"PARTIR AU HASARD EN FRANCE AVEC 0,00€ ! (Avec @Mastu)","PARTIR AU HASARD EN FRANCE AVEC 0,00€ ! 🎯(Avec @Mastu )",False,PUNCTUATION_EMOJI_EXACTNESS,Xj5U0xAL7zw,26:51,26,27,False,,MISSING_IMAGE,,https://www.youtube.com/watch?v=Xj5U0xAL7zw
S2022E42,IN_SCOPE,2022-09-18,,False,,OBÉIR À DES INCONNUS SUR WHATSAPP (Pour les démasquer),OBÉIR À DES INCONNUS SUR WHATSAPP (Pour les démasquer),True,OK,vaoajPl4COc,31:47,31,32,False,,MISSING_IMAGE,,https://www.youtube.com/watch?v=vaoajPl4COc
S2022E41,IN_SCOPE,2022-09-11,,False,,VISITER LES QUARTIERS DANGEREUX DE LAS VEGAS ! (C'est un délire),VISITER LES QUARTIERS DANGEREUX DE LAS VEGAS ! (C'est un délire🥶),False,COSMETIC_EXACTNESS,kOryR7YzM80,32:27,32,32,True,,MISSING_IMAGE,,https://www.youtube.com/watch?v=kOryR7YzM80
S2022E40,IN_SCOPE,2022-09-04,,False,,ON A FAIT MONTER LA CHALEUR DANS LE VAN ! (Avec @BiancaCostaoff) #JOYCAR Ep 2,ON A FAIT MONTER LA CHALEUR DANS LE VAN ! (Avec @BiancaCostaoff) #JOYCAR Ep 2,True,OK,d4dWLLi64e0,19:42,19,20,False,,MISSING_IMAGE,,https://www.youtube.com/watch?v=d4dWLLi64e0
S2022E39,IN_SCOPE,2022-08-28,,False,,TIK TOK M’A FAIT ACHETER ÇA ! #3 (Y'a des dingueries),TIK TOK M’A FAIT ACHETER ÇA ! #3 (Y'a des dingueries),True,OK,Ig7ZlCfWOtw,23:05,23,23,True,,MISSING_IMAGE,,https://www.youtube.com/watch?v=Ig7ZlCfWOtw
S2022E38,IN_SCOPE,2022-08-14,,False,,TRANSFORMER UN VAN EN STUDIO MUSIQUE ! (j’invite @Tayc) #JOYCAR Ep 1,TRANSFORMER UN VAN EN STUDIO MUSIQUE ! (j’invite @Tayc) #JOYCAR Ep 1,True,OK,b0IIYBn1GLI,22:21,22,22,True,,MISSING_IMAGE,,https://www.youtube.com/watch?v=b0IIYBn1GLI
S2022E37,IN_SCOPE,2022-08-07,,False,,TROUVE LE GÂTEAU ! (Avec @SEBFRIT),TROUVE LE GÂTEAU ! 🍰 (Avec @SEBFRIT ),False,PUNCTUATION_EMOJI_EXACTNESS,ILCHmPlEVWA,23:19,23,23,True,,MISSING_IMAGE,,https://www.youtube.com/watch?v=ILCHmPlEVWA
S2022E36,IN_SCOPE,2022-07-24,,False,,ÇA M'A RENDU FOU ! (Mais vraiment),ÇA M'A RENDU FOU ! (Mais vraiment),True,OK,xPyxvWmh05I,14:49,15,15,True,,MISSING_IMAGE,,https://www.youtube.com/watch?v=xPyxvWmh05I
S2022E35,IN_SCOPE,2022-07-17,,False,,ESSAYEZ DE NE PAS RIRE (Version Tik Tok) #2,ESSAYEZ DE NE PAS RIRE (Version Tik Tok) #2,True,OK,7eGwBTGLq44,14:36,15,15,True,,MISSING_IMAGE,,https://www.youtube.com/watch?v=7eGwBTGLq44
S2022E34,IN_SCOPE,2022-07-10,,False,,COMMENT ÇA A PU ARRIVER ? (WTF),COMMENT ÇA A PU ARRIVER ? (WTF),True,OK,PZC6qdnh1w4,12:03,12,12,True,,MISSING_IMAGE,,https://www.youtube.com/watch?v=PZC6qdnh1w4
S2022E33,IN_SCOPE,2022-07-03,,False,,JE TENTE DES GLACES INSOLITES (Genre Durian) #3,JE TENTE DES GLACES INSOLITES (Genre Durian) #3,True,OK,YCMl6r74r_A,23:48,24,24,True,,MISSING_IMAGE,,https://www.youtube.com/watch?v=YCMl6r74r_A
S2022E32,IN_SCOPE,2022-06-30,,False,,LE DERNIER QUI SORT GAGNE 1000€ (Surströmming extrême),LE DERNIER QUI SORT GAGNE 1000€ (Surströmming extrême),True,OK,IA0IKzI5MTE,23:59,24,24,True,,MISSING_IMAGE,,https://www.youtube.com/watch?v=IA0IKzI5MTE
S2022E31,IN_SCOPE,2022-06-26,,False,,VOUS M’AVEZ RENDU FOU ! (Cache-Cache en visio),VOUS M’AVEZ RENDU FOU ! (Cache-Cache en visio),True,OK,5ITicki0Ct0,19:13,19,19,True,,MISSING_IMAGE,,https://www.youtube.com/watch?v=5ITicki0Ct0
S2022E30,IN_SCOPE,2022-06-12,,False,,QUI LANCE LE PLUS LOIN ? (Avec @inoxtag et une championne de Bodybuilding),QUI LANCE LE PLUS LOIN ? (Avec @inoxtag et une championne de Bodybuilding),True,OK,M1PSY5gBMZE,15:02,15,15,True,,MISSING_IMAGE,,https://www.youtube.com/watch?v=M1PSY5gBMZE
S2022E29,IN_SCOPE,2022-06-05,,False,,ÇA FASCINE OU ÇA MET MAL (ça dépend un peu je sais pas trop),ÇA FASCINE OU ÇA MET MAL (ça dépend un peu je sais pas trop),True,OK,OSQKThfBjXc,10:39,11,11,True,,MISSING_IMAGE,,https://www.youtube.com/watch?v=OSQKThfBjXc
S2022E28,IN_SCOPE,2022-06-02,,False,,J’AI FAIT DE LA M*RDE À 185km/h (Genre 7 tête à queue),J’AI FAIT DE LA M*RDE À 185km/h (Genre 7 tête à queue),True,OK,HRQ05BzrdyU,18:43,18,19,False,,MISSING_IMAGE,,https://www.youtube.com/watch?v=HRQ05BzrdyU
S2022E27,IN_SCOPE,2022-05-29,,False,,JOYCA - LOAT (Feat Cjae) - CLIP ANIMÉ,JOYCA - LOAT (Feat Cjae) - CLIP ANIMÉ,True,OK,mywgLTFbm9I,4:52,4,5,False,,MISSING_IMAGE,,https://www.youtube.com/watch?v=mywgLTFbm9I
S2022E26,IN_SCOPE,2022-05-22,,False,,LA PIRE NUIT DE MA VIE ! (On m'a fait vivre des dingueries),LA PIRE NUIT DE MA VIE ! (On m'a fait vivre des dingueries),True,OK,PDnLzKQ6ppw,19:11,19,19,True,,MISSING_IMAGE,,https://www.youtube.com/watch?v=PDnLzKQ6ppw
S2022E25,IN_SCOPE,2022-05-15,,False,,Quelqu'un est caché ici... (je dois le trouver),Quelqu'un est caché ici... (je dois le trouver),True,OK,fL7UbwadD3s,17:05,17,17,True,,MISSING_IMAGE,,https://www.youtube.com/watch?v=fL7UbwadD3s
S2022E24,IN_SCOPE,2022-05-08,,False,,"0,000713% DE CHANCES QUE ÇA ARRIVE !","0,000713% DE CHANCES QUE ÇA ARRIVE !",True,OK,aGQB0cIC3_g,10:41,10,11,False,,MISSING_IMAGE,,https://www.youtube.com/watch?v=aGQB0cIC3_g
S2022E23,IN_SCOPE,2022-05-01,,False,,TIK TOK M’A FAIT ACHETER ÇA ! (Chaque objet est trop cher),TIK TOK M’A FAIT ACHETER ÇA ! (Chaque objet est trop cher),True,OK,irmjkT-cu9I,19:33,19,20,False,,MISSING_IMAGE,,https://www.youtube.com/watch?v=irmjkT-cu9I
S2022E22,IN_SCOPE,2022-04-28,,False,,RÉVEILLER MCFLY À 2H00 PAR SURPRISE (Mauvaise idée),RÉVEILLER MCFLY À 2H00 PAR SURPRISE (Mauvaise idée),True,OK,XH0ETI9URE0,21:06,21,21,True,,MISSING_IMAGE,,https://www.youtube.com/watch?v=XH0ETI9URE0
S2022E21,IN_SCOPE,2022-04-24,,False,,LE HASARD DÉCIDE DE NOS INGREDIENTS ! (Les plats n'ont aucun sens) @TheoBabac,LE HASARD DÉCIDE DE NOS INGREDIENTS ! (Les plats n'ont aucun sens) @TheoBabac,True,OK,vc0OCwAqjgc,19:52,19,20,False,,MISSING_IMAGE,,https://www.youtube.com/watch?v=vc0OCwAqjgc
S2022E20,IN_SCOPE,2022-04-17,,False,,VOUS NE POURREZ JAMAIS ADOPTER CE CHAT !,VOUS NE POURREZ JAMAIS ADOPTER CE CHAT !,True,OK,by8DtmgByNA,16:45,17,17,True,,MISSING_IMAGE,,https://www.youtube.com/watch?v=by8DtmgByNA
S2022E19,IN_SCOPE,2022-04-03,,False,,"VOUS AVEZ BESOIN DE ÇA, ET MOI AUSSI !","VOUS AVEZ BESOIN DE ÇA, ET MOI AUSSI !",True,OK,ALflL3BgANw,19:19,20,19,False,,MISSING_IMAGE,,https://www.youtube.com/watch?v=ALflL3BgANw
S2022E18,IN_SCOPE,2022-04-01,,False,,"J'AI TOUT CHANGÉ ! (Ma tête, ma voiture, les vlogs)","J'AI TOUT CHANGÉ ! (Ma tête, ma voiture, les vlogs)",True,OK,T5BftbY3-xY,22:57,22,23,False,,MISSING_IMAGE,,https://www.youtube.com/watch?v=T5BftbY3-xY
S2022E17,IN_SCOPE,2022-03-27,,False,,"ON A PAS EU QUE DES BONNES IDÉES (Nous, les humains)","ON A PAS EU QUE DES BONNES IDÉES 🤔 (Nous, les humains)",False,COSMETIC_EXACTNESS,NVmU4yLkLdo,15:28,15,15,True,,MISSING_IMAGE,,https://www.youtube.com/watch?v=NVmU4yLkLdo
S2022E16,IN_SCOPE,2022-03-20,,False,,"J’AI AIDÉ LA POLICE AVEC CETTE HACHE (oui, j’ai filmé)","J’AI AIDÉ LA POLICE AVEC CETTE HACHE 🪓 (oui, j’ai filmé)",False,COSMETIC_EXACTNESS,c2LT9kkSIW0,12:20,12,12,True,,MISSING_IMAGE,,https://www.youtube.com/watch?v=c2LT9kkSIW0
S2022E15,IN_SCOPE,2022-03-13,,False,,ON REPRODUIT DES PHOTOS D’INCONNUS À L'IDENTIQUE ! (Avec @SEBFRIT),ON REPRODUIT DES PHOTOS D’INCONNUS À L'IDENTIQUE ! (Avec @SEBFRIT),True,OK,AmZPfUFQaQ4,21:12,21,21,True,,MISSING_IMAGE,,https://www.youtube.com/watch?v=AmZPfUFQaQ4
S2022E14,IN_SCOPE,2022-03-06,,False,,POURQUOI VOUS AVEZ FILMÉ ÇA ?,POURQUOI VOUS AVEZ FILMÉ ÇA ?,True,OK,PMIsBULem_I,9:42,9,10,False,,MISSING_IMAGE,,https://www.youtube.com/watch?v=PMIsBULem_I
S2022E13,IN_SCOPE,2022-02-27,,False,,J'AI TESTÉ DES LUNETTES AUX EFFETS EXTRÊMES !,J'AI TESTÉ DES LUNETTES AUX EFFETS EXTRÊMES !,True,OK,04k4UvHXCbM,13:48,13,14,False,,MISSING_IMAGE,,https://www.youtube.com/watch?v=04k4UvHXCbM
S2022E12,IN_SCOPE,2022-02-24,,False,,JE DEVIENS POM POM GIRL (J'ai pas eu le choix),JE DEVIENS POM POM GIRL (J'ai pas eu le choix),True,OK,tnuLlMauv4s,12:03,12,12,True,,MISSING_IMAGE,,https://www.youtube.com/watch?v=tnuLlMauv4s
S2022E11,IN_SCOPE,2022-02-20,,False,,DES ÉTRANGERS JUGENT MES 3 CLIPS (qui sont un peu spéciaux),DES ÉTRANGERS JUGENT MES 3 CLIPS (qui sont un peu spéciaux),True,OK,OtG3Zx9kUMg,11:04,11,11,True,,MISSING_IMAGE,,https://www.youtube.com/watch?v=OtG3Zx9kUMg
S2022E10,IN_SCOPE,2022-02-17,,False,,ON A TOUS DÉJÀ VOULU FAIRE ÇA,ON A TOUS DÉJÀ VOULU FAIRE ÇA,True,OK,WQwjtDEKqBc,12:40,12,13,False,,MISSING_IMAGE,,https://www.youtube.com/watch?v=WQwjtDEKqBc
S2022E09,IN_SCOPE,2022-02-13,,False,,ON RAPPELLE DES TÉLÉPHONES ROSES (Avec @Mastu),ON RAPPELLE DES TÉLÉPHONES ROSES 🍑 (Avec @Mastu),False,COSMETIC_EXACTNESS,vo_qvS_w4wM,16:39,16,17,False,,MISSING_IMAGE,,https://www.youtube.com/watch?v=vo_qvS_w4wM
S2022E08,IN_SCOPE,2022-02-10,,False,,On appelle les numéros de nos dates de naissance !,On appelle les numéros de nos dates de naissance !,True,OK,YL7OA-8EQrc,15:42,15,16,False,,MISSING_IMAGE,,https://www.youtube.com/watch?v=YL7OA-8EQrc
S2022E07,IN_SCOPE,2022-02-03,,False,,ON A ACHETÉ UNE MAISON Y'A UN AN (vous vous souvenez ?),ON A ACHETÉ UNE MAISON Y'A UN AN (vous vous souvenez ?),True,OK,MWV78PGq-qU,16:34,16,17,False,,MISSING_IMAGE,,https://www.youtube.com/watch?v=MWV78PGq-qU
S2022E06,IN_SCOPE,2022-01-30,,False,,LES LIVES TIK TOK C’EST VRAIMENT UNE DINGUERIE (j’ai lâché 500€),LES LIVES TIK TOK C’EST VRAIMENT UNE DINGUERIE 😭 (j’ai lâché 500€),False,COSMETIC_EXACTNESS,zZJUZeQ2uSM,14:10,15,14,False,,MISSING_IMAGE,,https://www.youtube.com/watch?v=zZJUZeQ2uSM
S2022E05,IN_SCOPE,2022-01-27,,False,,JE VOUS PRÉSENTE MA NOUVELLE RECRUE !,JE VOUS PRÉSENTE MA NOUVELLE RECRUE !,True,OK,dhIHsLNVgpw,15:42,15,16,False,,MISSING_IMAGE,,https://www.youtube.com/watch?v=dhIHsLNVgpw
S2022E04,IN_SCOPE,2022-01-23,,False,,NE VOUS FAITES JAMAIS SOIGNER PAR CET HOMME !,NE VOUS FAITES JAMAIS SOIGNER PAR CET HOMME !,True,OK,m7gHh675H9w,18:19,18,18,True,,MISSING_IMAGE,,https://www.youtube.com/watch?v=m7gHh675H9w
S2022E03,IN_SCOPE,2022-01-16,,False,,ELLE A OSÉ FAIRE ÇA SUR SCÈNE (et sur quelqu'un),ELLE A OSÉ FAIRE ÇA SUR SCÈNE (et sur quelqu'un),True,OK,WyUHAU30gSk,14:23,14,14,True,,MISSING_IMAGE,,https://www.youtube.com/watch?v=WyUHAU30gSk
S2022E02,IN_SCOPE,2022-01-09,,False,,MON HUMEUR PENDANT 2 ANS,MON HUMEUR PENDANT 2 ANS,True,OK,1ZvIcq0wl6A,15:56,15,16,False,,MISSING_IMAGE,,https://www.youtube.com/watch?v=1ZvIcq0wl6A
S2022E01,IN_SCOPE,2022-01-07,,False,,ON A PASSÉ LE NOUVEL AN AU LOAT !,ON A PASSÉ LE NOUVEL AN AU LOAT !,True,OK,MoLEGqF1zqc,11:30,11,12,False,,MISSING_IMAGE,,https://www.youtube.com/watch?v=MoLEGqF1zqc
S2021E63,IN_SCOPE,2021-12-31,,False,,L'ENQUÊTE QUI A FAILLI RUINER NOËL...,L'ENQUÊTE QUI A FAILLI RUINER NOËL...,True,OK,Nn0hw9RwXWw,14:14,25,14,False,season finale,MISSING_IMAGE,,https://www.youtube.com/watch?v=Nn0hw9RwXWw
S2021E62,IN_SCOPE,2021-12-26,,False,,LE PREMIER QUI ME TROUVE GAGNE UN CADEAU ! (8000€),LE PREMIER QUI ME TROUVE GAGNE UN CADEAU ! 🎁 (8000€),False,COSMETIC_EXACTNESS,PG3z3MiDRog,24:49,25,25,True,,MISSING_IMAGE,,https://www.youtube.com/watch?v=PG3z3MiDRog
S2021E61,IN_SCOPE,2021-12-19,,False,,VOS PARTICULARITES PHYSIQUES #3 (Ultimate edition),VOS PARTICULARITES PHYSIQUES #3 (Ultimate edition),True,OK,tSwnQWW_8BE,13:10,13,13,True,,MISSING_IMAGE,,https://www.youtube.com/watch?v=tSwnQWW_8BE
S2021E60,IN_SCOPE,2021-12-16,,False,,L'UN D'ENTRE EUX A TENTÉ DE ME SÉDUIRE,L'UN D'ENTRE EUX A TENTÉ DE ME SÉDUIRE,True,OK,zMHdir_ea38,15:10,15,15,True,,MISSING_IMAGE,,https://www.youtube.com/watch?v=zMHdir_ea38
S2021E59,IN_SCOPE,2021-12-12,,False,,LA PLUS BELLE TRANSFORMATION ! (107m2 de détente),LA PLUS BELLE TRANSFORMATION ! (107m2 de détente),True,OK,1Tuhcv5QS0s,14:51,15,15,True,,MISSING_IMAGE,,https://www.youtube.com/watch?v=1Tuhcv5QS0s
S2021E58,IN_SCOPE,2021-12-09,,False,,J'AI DÉPENSÉ 200€ À LA FOIRE (Voilà ce qu'on a gagné),J'AI DÉPENSÉ 200€ À LA FOIRE (Voilà ce qu'on a gagné),True,OK,eL2Fj-CyPPY,17:59,18,18,True,,MISSING_IMAGE,,https://www.youtube.com/watch?v=eL2Fj-CyPPY
S2021E57,IN_SCOPE,2021-12-02,,False,,"ON A CRÉÉ LE BURGER ULTIME ! (KFC, Mcdo, Burger King)","ON A CRÉÉ LE BURGER ULTIME ! (KFC, Mcdo, Burger King)",True,OK,ETU87txKJ3Y,15:36,16,16,True,,MISSING_IMAGE,,https://www.youtube.com/watch?v=ETU87txKJ3Y
S2021E56,IN_SCOPE,2021-11-28,,False,,J'AI ACHETÉ DES FAUX MUSCLES ULTRA RÉALISTES ! (Et un masque horrible),J'AI ACHETÉ DES FAUX MUSCLES ULTRA RÉALISTES ! (Et un masque horrible),True,OK,mVhTeHDNNbQ,16:52,17,17,True,,MISSING_IMAGE,,https://www.youtube.com/watch?v=mVhTeHDNNbQ
S2021E55,IN_SCOPE,2021-11-25,,False,,ON A FAIT UNE DINGUERIE (avec DJ Bens) #VLOAT 14,ON A FAIT UNE DINGUERIE (avec DJ Bens) #VLOAT 14,True,OK,Bsnk1m0SPsw,13:03,13,13,True,,MISSING_IMAGE,,https://www.youtube.com/watch?v=Bsnk1m0SPsw
S2021E54,IN_SCOPE,2021-11-21,,False,,NE VOUS ENDORMEZ JAMAIS DEVANT YOUTUBE…,NE VOUS ENDORMEZ JAMAIS DEVANT YOUTUBE…,True,OK,h8PwKII04mk,17:00,17,17,True,,MISSING_IMAGE,,https://www.youtube.com/watch?v=h8PwKII04mk
S2021E53,IN_SCOPE,2021-11-18,,False,,CE POISSON EST DANGEREUX #VLOAT 13,CE POISSON EST DANGEREUX ⚠️ #VLOAT 13,False,PUNCTUATION_EMOJI_EXACTNESS,Sd6hNjirkhs,11:56,12,12,True,,MISSING_IMAGE,,https://www.youtube.com/watch?v=Sd6hNjirkhs
S2021E52,IN_SCOPE,2021-11-14,,False,,PÊCHER UN THON À LA MAIN !,PÊCHER UN THON À LA MAIN !,True,OK,3zveGm9Hul8,18:35,19,19,True,,MISSING_IMAGE,,https://www.youtube.com/watch?v=3zveGm9Hul8
S2021E51,IN_SCOPE,2021-11-11,,False,,LE LOAT EST HANTÉ #VLOAT 12,LE LOAT EST HANTÉ #VLOAT 12,True,OK,2Qg9GCD0pPk,16:06,16,16,True,,MISSING_IMAGE,,https://www.youtube.com/watch?v=2Qg9GCD0pPk
S2021E50,IN_SCOPE,2021-11-07,,False,,ESSAYEZ DE NE PAS RIRE ! (Version Tik Tok),ESSAYEZ DE NE PAS RIRE ! (Version Tik Tok),True,OK,Fp3g5K1u7So,12:52,13,13,True,,MISSING_IMAGE,,https://www.youtube.com/watch?v=Fp3g5K1u7So
S2021E49,IN_SCOPE,2021-11-04,,False,,FAUT QU'ON ARRÊTE AVEC ÇA... #VLOAT 11,FAUT QU'ON ARRÊTE AVEC ÇA... #VLOAT 11,True,OK,szgi6jcziQo,14:31,15,15,True,,MISSING_IMAGE,,https://www.youtube.com/watch?v=szgi6jcziQo
S2021E48,IN_SCOPE,2021-10-28,,False,,"TU RÉUSSIS, ON TE PAYE LE PLEIN ! #VLOAT 10","TU RÉUSSIS, ON TE PAYE LE PLEIN ! 🚗 #VLOAT 10",False,COSMETIC_EXACTNESS,yLl3naaLuRA,18:21,18,18,True,,MISSING_IMAGE,,https://www.youtube.com/watch?v=yLl3naaLuRA
S2021E47,IN_SCOPE,2021-10-24,,False,,ILS ONT DES OBSESSIONS ÉTRANGES…,ILS ONT DES OBSESSIONS ÉTRANGES…🤔,False,COSMETIC_EXACTNESS,Mcudi-O3kTE,13:11,13,13,True,,MISSING_IMAGE,,https://www.youtube.com/watch?v=Mcudi-O3kTE
S2021E46,IN_SCOPE,2021-10-21,,False,,48H À PARIS ! (J’ai croisé du monde) #VLOAT 9,48H À PARIS ! (J’ai croisé du monde) #VLOAT 9,True,OK,QoUTj-HP1Ig,9:32,9,10,False,,MISSING_IMAGE,,https://www.youtube.com/watch?v=QoUTj-HP1Ig
S2021E45,IN_SCOPE,2021-10-17,,False,,VENTRIGLISSE EXTREME ! (Dans le local),VENTRIGLISSE EXTREME ! (Dans le local),True,OK,uwJf8O1Skks,16:50,16,17,False,,MISSING_IMAGE,,https://www.youtube.com/watch?v=uwJf8O1Skks
S2021E44,IN_SCOPE,2021-10-14,,False,,J'AI ACHETÉ LE MEILLEUR GADGET #VLOAT 8,J'AI ACHETÉ LE MEILLEUR GADGET 😭 #VLOAT 8,False,COSMETIC_EXACTNESS,_1YesysRHHs,12:04,12,12,True,,MISSING_IMAGE,,https://www.youtube.com/watch?v=_1YesysRHHs
S2021E43,IN_SCOPE,2021-10-10,,False,,DEVINEZ QUI SONT CES YOUTUBEURS ! (Feat @TheoBabac),DEVINEZ QUI SONT CES YOUTUBEURS ! (Feat @TheoBabac),True,OK,_bXBajqzVFo,14:07,14,14,True,,MISSING_IMAGE,,https://www.youtube.com/watch?v=_bXBajqzVFo
S2021E42,IN_SCOPE,2021-10-07,,False,,ENCORE UN NOUVEAU DECOR ? (oui) #VLOAT 7,ENCORE UN NOUVEAU DECOR ? (oui) #VLOAT 7,True,OK,LX2E5pi105E,18:59,19,19,True,,MISSING_IMAGE,,https://www.youtube.com/watch?v=LX2E5pi105E
S2021E41,IN_SCOPE,2021-09-30,,False,,ON A FAIT TOUT ÇA POUR RIEN… #VLOAT 6,ON A FAIT TOUT ÇA POUR RIEN… 🙄 #VLOAT 6,False,COSMETIC_EXACTNESS,taUfC_Pe0Zw,14:06,14,14,True,,MISSING_IMAGE,,https://www.youtube.com/watch?v=taUfC_Pe0Zw
S2021E40,IN_SCOPE,2021-09-26,,False,,MON PASSÉ SOMBRE EN TÉLÉRÉALITÉ (J'AVAIS 17 ANS),MON PASSÉ SOMBRE EN TÉLÉRÉALITÉ (J'AVAIS 17 ANS),True,OK,by9rqjRA3Jw,22:45,22,23,False,,MISSING_IMAGE,,https://www.youtube.com/watch?v=by9rqjRA3Jw
S2021E39,IN_SCOPE,2021-09-23,,False,,ON A EU UN CHAUFFEUR UN PEU TROP À L'AISE #VLOAT 5,ON A EU UN CHAUFFEUR UN PEU TROP À L'AISE #VLOAT 5,True,OK,Dyw_o2q3vx0,19:43,19,20,False,,MISSING_IMAGE,,https://www.youtube.com/watch?v=Dyw_o2q3vx0
S2021E38,IN_SCOPE,2021-09-19,,False,,VOUS M'AVEZ CHOQUÉ (Mais genre vraiment),VOUS M'AVEZ CHOQUÉ (Mais genre vraiment),True,OK,zTfqdWVNm1w,20:49,21,21,True,,MISSING_IMAGE,,https://www.youtube.com/watch?v=zTfqdWVNm1w
S2021E37,IN_SCOPE,2021-09-16,,False,,MON CHAT NEVADA A EU UN PROBLÈME... #VLOAT 4,MON CHAT NEVADA A EU UN PROBLÈME... #VLOAT 4,True,OK,QNPVZqWL8OQ,25:44,25,26,False,,MISSING_IMAGE,,https://www.youtube.com/watch?v=QNPVZqWL8OQ
S2021E36,IN_SCOPE,2021-09-12,,False,,"IL FALLAIT BIEN QUE J’EN PARLE ! (La Redbox, tout ça)","IL FALLAIT BIEN QUE J’EN PARLE ! (La Redbox, tout ça)",True,OK,B1tvlvBCYM8,19:48,20,20,True,,MISSING_IMAGE,,https://www.youtube.com/watch?v=B1tvlvBCYM8
S2021E35,IN_SCOPE,2021-09-09,,False,,UN ABONNÉ S'EST INCRUSTÉ AU LOAT... #VLOAT 3,UN ABONNÉ S'EST INCRUSTÉ AU LOAT... #VLOAT 3,True,OK,YZR8PhRtIoU,22:46,22,23,False,,MISSING_IMAGE,,https://www.youtube.com/watch?v=YZR8PhRtIoU
S2021E34,IN_SCOPE,2021-09-05,,False,,CETTE VIDÉO TE RENDRA HEUREUX (Vous êtes pas prêts),CETTE VIDÉO TE RENDRA HEUREUX (Vous êtes pas prêts),True,OK,Po90sbKt63k,13:40,13,14,False,,MISSING_IMAGE,,https://www.youtube.com/watch?v=Po90sbKt63k
S2021E33,IN_SCOPE,2021-09-02,,False,,LA PLUS BELLE MEUF DU LOAT (Gwenaëlle miam) #VLOAT 2,LA PLUS BELLE MEUF DU LOAT (Gwenaëlle miam) #VLOAT 2,True,OK,u1UZ_cGTazY,30:36,30,31,False,,MISSING_IMAGE,,https://www.youtube.com/watch?v=u1UZ_cGTazY
S2021E32,IN_SCOPE,2021-08-29,,False,,ON SE RELOOK AVEC @gaellegarciadiaz1 ! (3 tenues chacun),ON SE RELOOK AVEC @gaellegarciadiaz1 ! ( 3 tenues chacun),False,PUNCTUATION_EMOJI_EXACTNESS,s0lrDSKqXpU,19:23,19,19,True,,MISSING_IMAGE,,https://www.youtube.com/watch?v=s0lrDSKqXpU
S2021E31,IN_SCOPE,2021-08-26,,False,,LA NAISSANCE DU LOAT ! (Avec les galères) #VLOAT 1,LA NAISSANCE DU LOAT ! (Avec les galères 😭) #VLOAT 1,False,PUNCTUATION_EMOJI_EXACTNESS,CC734Ux0DPY,41:52,42,42,True,,MISSING_IMAGE,,https://www.youtube.com/watch?v=CC734Ux0DPY
S2021E30,IN_SCOPE,2021-08-22,,False,,MON NOUVEAU STUDIO AU LOAT ! (Pouaaaaah),MON NOUVEAU STUDIO AU LOAT ! (Pouaaaaah),True,OK,xk-FStPbJvA,16:22,16,16,True,,MISSING_IMAGE,,https://www.youtube.com/watch?v=xk-FStPbJvA
S2021E29,IN_SCOPE,2021-08-14,,False,,JE VOUS CACHE ÇA DEPUIS 2 ANS,JE VOUS CACHE ÇA DEPUIS 2 ANS,True,OK,REiOJ7Q9NwE,12:27,12,12,True,,MISSING_IMAGE,,https://www.youtube.com/watch?v=REiOJ7Q9NwE
S2021E28,IN_SCOPE,2021-08-08,,False,,J’AI (encore) PAYÉ POUR ÇA ?! (Ça valait le coup),J’AI (encore) PAYÉ POUR ÇA ?! (Ça valait le coup),True,OK,Sd5ZUw6Le5I,25:33,25,26,False,,MISSING_IMAGE,,https://www.youtube.com/watch?v=Sd5ZUw6Le5I
S2021E27,IN_SCOPE,2021-08-01,,False,,JE TENTE DES GLACES INSOLITES (Genre Kebab) #2,JE TENTE DES GLACES INSOLITES (Genre Kebab) #2,True,OK,S7BYtBO1ebY,27:34,27,28,False,,MISSING_IMAGE,,https://www.youtube.com/watch?v=S7BYtBO1ebY
S2021E26,IN_SCOPE,2021-07-25,,False,,EST CE QUE C'EST DÉJÀ ARRIVÉ ?,EST CE QUE C'EST DÉJÀ ARRIVÉ ?,True,OK,a_jKqpF9cwU,14:39,14,15,False,,MISSING_IMAGE,,https://www.youtube.com/watch?v=a_jKqpF9cwU
S2021E25,IN_SCOPE,2021-07-18,,False,,LA PARTIE DE BOWLING LA PLUS CHÈRE ! (8000€),LA PARTIE DE BOWLING LA PLUS CHÈRE ! (8000€),True,OK,iNLE-hKcUQo,31:24,31,31,True,,MISSING_IMAGE,,https://www.youtube.com/watch?v=iNLE-hKcUQo
S2021E24,IN_SCOPE,2021-07-04,,False,,LA VÉRITÉ SUR MON STUDIO... (j'ai un peu honte),LA VÉRITÉ SUR MON STUDIO... (j'ai un peu honte),True,OK,-2qQNoUEBDc,14:16,14,14,True,,MISSING_IMAGE,,https://www.youtube.com/watch?v=-2qQNoUEBDc
S2021E23,IN_SCOPE,2021-06-27,,False,,TOUTES CES CHOSES SONT DÉRANGEANTES...,TOUTES CES CHOSES SONT DÉRANGEANTES...,True,OK,kkDWKfESuv4,12:24,12,12,True,,MISSING_IMAGE,,https://www.youtube.com/watch?v=kkDWKfESuv4
S2021E22,IN_SCOPE,2021-06-20,,False,,ON FAIT DES PARIS DANS LES RUES AVEC @inoxtag,ON FAIT DES PARIS DANS LES RUES AVEC @inoxtag,True,OK,YRQhAKIg_cQ,24:20,24,24,True,,MISSING_IMAGE,,https://www.youtube.com/watch?v=YRQhAKIg_cQ
S2021E21,IN_SCOPE,2021-06-13,,False,,40 MINUTES POUR UN SON DE L'ÉTÉ + MINI CLIP (C’était tendu),40 MINUTES POUR UN SON DE L'ÉTÉ + MINI CLIP (C’était tendu),True,OK,tnD2i0FR494,11:57,12,12,True,,MISSING_IMAGE,,https://www.youtube.com/watch?v=tnD2i0FR494
S2021E20,IN_SCOPE,2021-06-06,,False,,ON APPELLE DES TELEPHONES ROSES AVEC @Mastu,ON APPELLE DES TELEPHONES ROSES AVEC @Mastu 🍑😏,False,COSMETIC_EXACTNESS,CpHMXNYkJj4,22:30,22,23,False,,MISSING_IMAGE,,https://www.youtube.com/watch?v=CpHMXNYkJj4
S2021E19,IN_SCOPE,2021-05-23,,False,,J’OFFRE UNE VOITURE À MES PARENTS ! (En surprise),J’OFFRE UNE VOITURE À MES PARENTS ! (En surprise),True,OK,nuwUPk7eEMs,22:49,23,23,True,,MISSING_IMAGE,,https://www.youtube.com/watch?v=nuwUPk7eEMs
S2021E18,IN_SCOPE,2021-05-16,,False,,JE DÉBARQUE CHEZ VOUS À L'IMPROVISTE (et je vous régale),JE DÉBARQUE CHEZ VOUS À L'IMPROVISTE (et je vous régale),True,OK,L-nUJVkbF8M,51:51,52,52,True,,MISSING_IMAGE,,https://www.youtube.com/watch?v=L-nUJVkbF8M
S2021E17,IN_SCOPE,2021-05-09,,False,,ILS SONT TROP LOIN POUR NOUS...,ILS SONT TROP LOIN POUR NOUS...,True,OK,aLJUmImUIJs,12:53,13,13,True,,MISSING_IMAGE,,https://www.youtube.com/watch?v=aLJUmImUIJs
S2021E16,IN_SCOPE,2021-05-02,,False,,J’AI ÉTÉ OPÉRÉ DES TEST*CULES (Sheeeeesh),J’AI ÉTÉ OPÉRÉ DES TEST*CULES (Sheeeeesh),True,OK,e7QBUCf_Xwc,18:55,19,19,True,,MISSING_IMAGE,,https://www.youtube.com/watch?v=e7QBUCf_Xwc
S2021E15,IN_SCOPE,2021-04-25,,False,,VOUS AVEZ VRAIMENT ÇA CHEZ VOUS ?!,VOUS AVEZ VRAIMENT ÇA CHEZ VOUS ?!,True,OK,aMfu60vnMIg,12:17,12,12,True,,MISSING_IMAGE,,https://www.youtube.com/watch?v=aMfu60vnMIg
S2021E14,IN_SCOPE,2021-04-11,,False,,C'EST DÉRANGEANT ÇA ? (Oui),C'EST DÉRANGEANT ÇA ? (Oui),True,OK,PiQwfDSlDvM,13:18,13,13,True,,MISSING_IMAGE,,https://www.youtube.com/watch?v=PiQwfDSlDvM
S2021E13,IN_SCOPE,2021-04-04,,False,,QUI DE NOUS 2 ? (Soft et Extreme) Feat @Mastu,QUI DE NOUS 2 ? (Soft et Extreme) Feat @Mastu,True,OK,6csbbD49h68,15:49,16,16,True,,MISSING_IMAGE,,https://www.youtube.com/watch?v=6csbbD49h68
S2021E12,IN_SCOPE,2021-03-28,,False,,J'ARRIVE TOUJOURS PAS À DÉFINIR CES VIDEOS,J'ARRIVE TOUJOURS PAS À DÉFINIR CES VIDEOS 🤔,False,COSMETIC_EXACTNESS,URGU_Q1kcOQ,11:33,11,12,False,,MISSING_IMAGE,,https://www.youtube.com/watch?v=URGU_Q1kcOQ
S2021E11,IN_SCOPE,2021-03-21,,False,,TIKTOK M'A FAIT ACHETER ÇA ?! (et d'autres trucs),TIKTOK M'A FAIT ACHETER ÇA ?! (et d'autres trucs),True,OK,xolMhYTvDuU,14:47,15,15,True,,MISSING_IMAGE,,https://www.youtube.com/watch?v=xolMhYTvDuU
S2021E10,IN_SCOPE,2021-03-14,,False,,ON LAISSE LE HASARD CHOISIR NOS INGRÉDIENTS ! (On aurait pas du) @Mastu,ON LAISSE LE HASARD CHOISIR NOS INGRÉDIENTS ! (On aurait pas du) @Mastu,True,OK,Xt7tfAYxrdY,25:55,26,26,True,,MISSING_IMAGE,,https://www.youtube.com/watch?v=Xt7tfAYxrdY
S2021E09,IN_SCOPE,2021-03-07,,False,,COMMENT NE PAS ÊTRE FASCINÉ ???,COMMENT NE PAS ÊTRE FASCINÉ ??? 😯,False,COSMETIC_EXACTNESS,DMax2FpDKVc,11:33,11,12,False,,MISSING_IMAGE,,https://www.youtube.com/watch?v=DMax2FpDKVc
S2021E08,IN_SCOPE,2021-02-28,,False,,ON FAIT (pas) UN HIT Feat. @Squeezie,ON FAIT (pas) UN HIT Feat. @Squeezie,True,OK,XBezEiXAYtU,19:08,20,19,False,,MISSING_IMAGE,,https://www.youtube.com/watch?v=XBezEiXAYtU
S2021E07,IN_SCOPE,2021-02-21,,False,,J'AI TENTÉ DE FAIRE UN GÂTEAU (Pour les 4 millions),J'AI TENTÉ DE FAIRE UN GÂTEAU (Pour les 4 millions),True,OK,kBsB96sjrSU,21:29,21,21,True,,MISSING_IMAGE,,https://www.youtube.com/watch?v=kBsB96sjrSU
S2021E06,IN_SCOPE,2021-02-14,,False,,VOUS AUREZ LE SOURIRE APRÈS ÇA ! (C'est obligé),VOUS AUREZ LE SOURIRE APRÈS ÇA ! (C'est obligé),True,OK,EAmVA2XCIP0,16:05,16,16,True,,MISSING_IMAGE,,https://www.youtube.com/watch?v=EAmVA2XCIP0
S2021E05,IN_SCOPE,2021-02-07,,False,,CE JEU EST INCROYABLE ! Feat @SEBFRIT,CE JEU EST INCROYABLE ! Feat @SEBFRIT,True,OK,DO8toBgwkLI,22:43,22,23,False,,MISSING_IMAGE,,https://www.youtube.com/watch?v=DO8toBgwkLI
S2021E04,IN_SCOPE,2021-01-31,,False,,JE RÉAGIS À VOS TIK TOK SUR MOI ! (et sur mes sons),JE RÉAGIS À VOS TIK TOK SUR MOI ! (et sur mes sons),True,OK,76wKj97gg5Q,15:07,15,15,True,,MISSING_IMAGE,,https://www.youtube.com/watch?v=76wKj97gg5Q
S2021E03,IN_SCOPE,2021-01-24,,False,,J’AI FAIT UNE DINGUERIE ! (Trop satisfaisant),J’AI FAIT UNE DINGUERIE ! (Trop satisfaisant),True,OK,9E0bTKTMv5I,21:38,21,22,False,,MISSING_IMAGE,,https://www.youtube.com/watch?v=9E0bTKTMv5I
S2021E02,IN_SCOPE,2021-01-17,,False,,MAIS COMMENT ÇA A PU ARRIVER ?! (Y'avait 0% de chance),MAIS COMMENT ÇA A PU ARRIVER ?! (Y'avait 0% de chance),True,OK,-313pKeFDI4,12:23,12,12,True,,MISSING_IMAGE,,https://www.youtube.com/watch?v=-313pKeFDI4
S2021E01,IN_SCOPE,2021-01-10,,False,,JE FAIS 3 SONS POUR TIK TOK (des minis sons t’as capté),JE FAIS 3 SONS POUR TIK TOK (des minis sons t’as capté),True,OK,_xnoXWIUx_g,10:28,10,10,True,,MISSING_IMAGE,,https://www.youtube.com/watch?v=_xnoXWIUx_g
S2020E53,IN_SCOPE,2020-12-27,,False,,AVANT DE FINIR L’ANNÉE...,AVANT DE FINIR L’ANNÉE...,True,OK,OsqQATxhzVA,12:42,12,13,False,season finale,MISSING_IMAGE,,https://www.youtube.com/watch?v=OsqQATxhzVA
S2020E52,IN_SCOPE,2020-12-20,,False,,IL Y AURA ÇA DANS NOTRE TÊTE !?,IL Y AURA ÇA DANS NOTRE TÊTE !?,True,OK,TJb2qDUaxxA,16:09,16,16,True,,MISSING_IMAGE,,https://www.youtube.com/watch?v=TJb2qDUaxxA
S2020E51,IN_SCOPE,2020-12-13,,False,,LÀ ÇA VA TROP LOIN !,LÀ ÇA VA TROP LOIN !,True,OK,VhKQ_PVPRLw,13:44,13,14,False,,MISSING_IMAGE,,https://www.youtube.com/watch?v=VhKQ_PVPRLw
S2020E50,IN_SCOPE,2020-12-06,,False,,J'AI TATOUÉ MON FRÈRE ! (et Il m'a tatoué aussi),J'AI TATOUÉ MON FRÈRE ! (et Il m'a tatoué aussi),True,OK,MZf8hrstW3s,16:22,16,16,True,,MISSING_IMAGE,,https://www.youtube.com/watch?v=MZf8hrstW3s
S2020E49,IN_SCOPE,2020-11-29,,False,,"JUSTE PRIX (On devine, on achète) Ft. @Mastu","JUSTE PRIX (On devine, on achète) Ft. @Mastu",True,OK,834_wXbY3Aw,19:21,19,19,True,,MISSING_IMAGE,,https://www.youtube.com/watch?v=834_wXbY3Aw
S2020E48,IN_SCOPE,2020-11-22,,False,,VOUS ÊTES VRAIMENT DES ALIENS (Vos particularités physiques #2),VOUS ÊTES VRAIMENT DES ALIENS (Vos particularités physiques #2),True,OK,xuFQidDfmEc,13:17,13,13,True,,MISSING_IMAGE,,https://www.youtube.com/watch?v=xuFQidDfmEc
S2020E47,IN_SCOPE,2020-11-15,,False,,FAIRE UN SON EN 3 JOURS (Avec @Mastu),FAIRE UN SON EN 3 JOURS (Avec @Mastu ),False,PUNCTUATION_EMOJI_EXACTNESS,MuK5LVC_C10,16:48,17,17,True,,MISSING_IMAGE,,https://www.youtube.com/watch?v=MuK5LVC_C10
S2020E46,IN_SCOPE,2020-11-10,,False,,JOYCA - CLASH ASSASSINS (Feat Mastu),JOYCA - CLASH ASSASSINS (Feat Mastu),True,OK,n12P2nzoUkQ,3:53,4,4,True,,MISSING_IMAGE,,https://www.youtube.com/watch?v=n12P2nzoUkQ
S2020E45,IN_SCOPE,2020-11-08,,False,,IL FALLAIT QUE JE TEST ÇA ! (Grave satisfaisant),IL FALLAIT QUE JE TEST ÇA ! (Grave satisfaisant),True,OK,I-o6ngK9ktw,21:15,21,21,True,,MISSING_IMAGE,,https://www.youtube.com/watch?v=I-o6ngK9ktw
S2020E44,IN_SCOPE,2020-11-01,,False,,VOS MEILLEURS DIY !,VOS MEILLEURS DIY ! ✨,False,COSMETIC_EXACTNESS,0zmGFL_ZUyw,13:40,13,14,False,,MISSING_IMAGE,,https://www.youtube.com/watch?v=0zmGFL_ZUyw
S2020E43,IN_SCOPE,2020-10-25,,False,,J'AI PAYÉ POUR ÇA !? (et je regrette pas),J'AI PAYÉ POUR ÇA !? (et je regrette pas),True,OK,f68JKy5PH8o,17:35,17,18,False,,MISSING_IMAGE,,https://www.youtube.com/watch?v=f68JKy5PH8o
S2020E42,IN_SCOPE,2020-10-11,,False,,FAUT QU'ON PARLE DE ÇA... (La tecktonik),FAUT QU'ON PARLE DE ÇA... (La tecktonik),True,OK,9xuZ_l9bXxA,17:34,17,18,False,,MISSING_IMAGE,,https://www.youtube.com/watch?v=9xuZ_l9bXxA
S2020E41,IN_SCOPE,2020-10-04,,False,,JE VOULAIS JUSTE RIRE AVEC VOS TIK TOK,JE VOULAIS JUSTE RIRE AVEC VOS TIK TOK,True,OK,2ub7qzFwR2o,9:52,10,10,True,,MISSING_IMAGE,,https://www.youtube.com/watch?v=2ub7qzFwR2o
S2020E40,IN_SCOPE,2020-09-27,,False,,ILS SONT PIRES QUE MOI... (ça me rassure),ILS SONT PIRES QUE MOI... (ça me rassure),True,OK,riyLW9ZsDl8,11:40,11,12,False,,MISSING_IMAGE,,https://www.youtube.com/watch?v=riyLW9ZsDl8
S2020E39,IN_SCOPE,2020-09-20,,False,,MA NOUVELLE MEILLEURE AMIE ! (elle me fait peur),MA NOUVELLE MEILLEURE AMIE ! (elle me fait peur),True,OK,mlZnRWBQCtw,14:48,15,15,True,,MISSING_IMAGE,,https://www.youtube.com/watch?v=mlZnRWBQCtw
S2020E38,IN_SCOPE,2020-09-13,,False,,"ON PART SUR UNE ÎLE DESERTE ! (Avec @Mastu, @Ne0xi et @R4SK4)","ON PART SUR UNE ÎLE DESERTE ! (Avec @Mastu, @Ne0xi et @R4SK4 )",False,PUNCTUATION_EMOJI_EXACTNESS,9KfufWEy4kM,16:13,16,16,True,,MISSING_IMAGE,,https://www.youtube.com/watch?v=9KfufWEy4kM
S2020E37,IN_SCOPE,2020-09-06,,False,,FAKE NEWS OU VRAIES NEWS ? (c'est abusé) Feat @Mastu,FAKE NEWS OU VRAIES NEWS ? (c'est abusé) Feat @Mastu,True,OK,I025aivigOs,20:56,21,21,True,,MISSING_IMAGE,,https://www.youtube.com/watch?v=I025aivigOs
S2020E36,IN_SCOPE,2020-08-30,,False,,"SUIS-JE MEILLEUR QU'UN CHIMPANZÉ ? (Non, et vous non plus)","SUIS-JE MEILLEUR QU'UN CHIMPANZÉ ? (Non, et vous non plus)",True,OK,2g-JQ8dHElY,15:05,15,15,True,,MISSING_IMAGE,,https://www.youtube.com/watch?v=2g-JQ8dHElY
S2020E35,IN_SCOPE,2020-08-23,,False,,MON NOUVEL APPARTEMENT ! (House tour),MON NOUVEL APPARTEMENT ! (House tour),True,OK,TD9mOPz1Aeg,15:32,16,16,True,,MISSING_IMAGE,,https://www.youtube.com/watch?v=TD9mOPz1Aeg
S2020E34,IN_SCOPE,2020-08-16,,False,,LES HUMAINS VONT TROP LOIN !,LES HUMAINS VONT TROP LOIN !,True,OK,SGg-AW7Sgzw,14:10,14,14,True,,MISSING_IMAGE,,https://www.youtube.com/watch?v=SGg-AW7Sgzw
S2020E33,IN_SCOPE,2020-08-09,,False,,VOS SOIRÉES QUI ONT FAILLI (TRÈS) MAL FINIR ! (Feat Amixem),VOS SOIRÉES QUI ONT FAILLI (TRÈS) MAL FINIR ! (Feat Amixem),True,OK,DTs12U36x54,22:09,22,22,True,,MISSING_IMAGE,,https://www.youtube.com/watch?v=DTs12U36x54
S2020E32,IN_SCOPE,2020-08-02,,False,,JE TENTE DE FAIRE DES GLACES INSOLITES (Genre Big Mac),JE TENTE DE FAIRE DES GLACES INSOLITES (Genre Big Mac),True,OK,hGDDKVkrb5c,19:46,19,20,False,,MISSING_IMAGE,,https://www.youtube.com/watch?v=hGDDKVkrb5c
S2020E31,IN_SCOPE,2020-07-26,,False,,FAIRE UN HIT AVEC ÇA ? (et sur un thème imposé),FAIRE UN HIT AVEC ÇA ? (et sur un thème imposé),True,OK,KVER4pCgYuM,11:08,11,11,True,,MISSING_IMAGE,,https://www.youtube.com/watch?v=KVER4pCgYuM
S2020E30,IN_SCOPE,2020-07-19,,False,,BATTLE DE RECHERCHES GOOGLE ! (Avec @Mastu),BATTLE DE RECHERCHES GOOGLE ! (Avec @Mastu ),False,PUNCTUATION_EMOJI_EXACTNESS,iP4FJbqZylQ,13:54,14,14,True,,MISSING_IMAGE,,https://www.youtube.com/watch?v=iP4FJbqZylQ
S2020E29,IN_SCOPE,2020-07-12,,False,,J'ARRIVE PAS À DÉFINIR CES VIDEOS (mais j'aime bien),J'ARRIVE PAS À DÉFINIR CES VIDEOS 🧐 (mais j'aime bien),False,COSMETIC_EXACTNESS,3KpaosWi8Ms,11:13,11,11,True,,MISSING_IMAGE,,https://www.youtube.com/watch?v=3KpaosWi8Ms
S2020E28,IN_SCOPE,2020-07-05,,False,,C'EST MA NOUVELLE PASSION ! (J'abuse un peu),C'EST MA NOUVELLE PASSION ! (J'abuse un peu),True,OK,cVRxophRkzk,17:47,18,18,True,,MISSING_IMAGE,,https://www.youtube.com/watch?v=cVRxophRkzk
S2020E27,IN_SCOPE,2020-06-28,,False,,"JE DÉCOUVRE MON ""TYPE"" ! (Test Ennéagramme)","JE DÉCOUVRE MON ""TYPE"" ! (Test Ennéagramme)",True,OK,J42lCV5AnPM,14:07,14,14,True,,MISSING_IMAGE,,https://www.youtube.com/watch?v=J42lCV5AnPM
S2020E26,IN_SCOPE,2020-06-21,,False,,ILS PEUVENT RUINER TA JOURNÉE (Tout en restant mignons),ILS PEUVENT RUINER TA JOURNÉE (Tout en restant mignons),True,OK,XYKeon4tSeU,11:23,11,11,True,,MISSING_IMAGE,,https://www.youtube.com/watch?v=XYKeon4tSeU
S2020E25,IN_SCOPE,2020-06-14,,False,,OSEREZ-VOUS ME DÉFIER ? (Blindtest années 2000),OSEREZ-VOUS ME DÉFIER ? (Blindtest années 2000),True,OK,z5yWtX1PB2U,16:55,17,17,True,,MISSING_IMAGE,,https://www.youtube.com/watch?v=z5yWtX1PB2U
S2020E24,IN_SCOPE,2020-06-08,,False,,CES ADDICTIONS SONT ÉTRANGES...,CES ADDICTIONS SONT ÉTRANGES... 🧐,False,COSMETIC_EXACTNESS,2J4KL2WOT9c,14:05,14,14,True,,MISSING_IMAGE,,https://www.youtube.com/watch?v=2J4KL2WOT9c
S2020E23,IN_SCOPE,2020-05-31,,False,,J'AURAIS PRÉFÉRÉ NE PAS LE SAVOIR,J'AURAIS PRÉFÉRÉ NE PAS LE SAVOIR,True,OK,DpD8OoBQoBQ,14:00,14,14,True,,MISSING_IMAGE,,https://www.youtube.com/watch?v=DpD8OoBQoBQ
S2020E22,IN_SCOPE,2020-05-24,,False,,"J'AI BIEN AIMÉ LE CONFINEMENT ! (enfin, pas totalement)","J'AI BIEN AIMÉ LE CONFINEMENT ! (enfin, pas totalement)",True,OK,uAjnnehj5Hs,17:15,17,17,True,,MISSING_IMAGE,,https://www.youtube.com/watch?v=uAjnnehj5Hs
S2020E21,IN_SCOPE,2020-05-17,,False,,JOYCA - NEED U,JOYCA - NEED U,True,OK,8rRL7R3f-Jk,3:00,3,3,True,,MISSING_IMAGE,,https://www.youtube.com/watch?v=8rRL7R3f-Jk
S2020E20,IN_SCOPE,2020-05-10,,False,,C'EST POSSIBLE ÇA ? (WTF),C'EST POSSIBLE ÇA ? (WTF),True,OK,fgZcAwAu4CM,14:52,15,15,True,,MISSING_IMAGE,,https://www.youtube.com/watch?v=fgZcAwAu4CM
S2020E19,IN_SCOPE,2020-05-03,,False,,TOUT ÇA ÉTAIT RESTÉ CACHÉ ! (parfois c'est pas plus mal),TOUT ÇA ÉTAIT RESTÉ CACHÉ ! (parfois c'est pas plus mal),True,OK,aPiH8HiCF6E,14:59,15,15,True,,MISSING_IMAGE,,https://www.youtube.com/watch?v=aPiH8HiCF6E
S2020E18,IN_SCOPE,2020-04-26,,False,,CES SITUATIONS N'ARRIVERONT JAMAIS ! (Troom Troom) #2,CES SITUATIONS N'ARRIVERONT JAMAIS ! (Troom Troom) #2,True,OK,JWFMOIeEsH8,13:46,13,14,False,,MISSING_IMAGE,,https://www.youtube.com/watch?v=JWFMOIeEsH8
S2020E17,IN_SCOPE,2020-04-19,,False,,JE DÉCOUVRE DES INSTRUMENTS AVEC VOUS ! (J'essaye d'en jouer),JE DÉCOUVRE DES INSTRUMENTS AVEC VOUS ! (J'essaye d'en jouer),True,OK,by_TQ4aoiPU,16:01,16,16,True,,MISSING_IMAGE,,https://www.youtube.com/watch?v=by_TQ4aoiPU
S2020E16,IN_SCOPE,2020-04-12,,False,,JE VOULAIS LE FAIRE DEPUIS LONGTEMPS (et ça valait le coup),JE VOULAIS LE FAIRE DEPUIS LONGTEMPS (et ça valait le coup),True,OK,2Ya-Rfp8OEA,19:58,20,20,True,,MISSING_IMAGE,,https://www.youtube.com/watch?v=2Ya-Rfp8OEA
S2020E15,IN_SCOPE,2020-04-05,,False,,VOUS NE SAVIEZ PAS TOUT ÇA !? (moi non plus),VOUS NE SAVIEZ PAS TOUT ÇA !? (moi non plus),True,OK,rv0CKDoCEiQ,14:08,14,14,True,,MISSING_IMAGE,,https://www.youtube.com/watch?v=rv0CKDoCEiQ
S2020E14,IN_SCOPE,2020-03-28,,False,,JOYCA - CONFINÉS,JOYCA - CONFINÉS,True,OK,QXp8RcObYSs,3:20,3,3,True,,MISSING_IMAGE,,https://www.youtube.com/watch?v=QXp8RcObYSs
S2020E13,IN_SCOPE,2020-03-22,,False,,ON A BIEN BESOIN DE ÇA (100% POSITIVITÉ),ON A BIEN BESOIN DE ÇA 😌 (100% POSITIVITÉ),False,COSMETIC_EXACTNESS,uP-T_kgTlU0,14:01,14,14,True,,MISSING_IMAGE,,https://www.youtube.com/watch?v=uP-T_kgTlU0
S2020E12,IN_SCOPE,2020-03-15,,False,,PRODUIT DE LUXE OU COMMUN ? #3 (Ft @Amixem),PRODUIT DE LUXE OU COMMUN ? #3 (Ft @Amixem ),False,PUNCTUATION_EMOJI_EXACTNESS,Fk4Kk2m4ans,14:43,14,15,False,,MISSING_IMAGE,,https://www.youtube.com/watch?v=Fk4Kk2m4ans
S2020E11,IN_SCOPE,2020-03-09,,False,,JOYCA - Millionaire,JOYCA - Millionaire,True,OK,kaMeEfffXL0,2:49,3,3,True,,MISSING_IMAGE,,https://www.youtube.com/watch?v=kaMeEfffXL0
S2020E10,IN_SCOPE,2020-03-08,,False,,JE VOUS PRÉSENTE MON CHATEAU !,JE VOUS PRÉSENTE MON CHATEAU !,True,OK,AzptOkX7S9w,17:15,17,17,True,,MISSING_IMAGE,,https://www.youtube.com/watch?v=AzptOkX7S9w
S2020E09,IN_SCOPE,2020-03-01,,False,,CES SITUATIONS N'ARRIVERONT JAMAIS ! (Troom troom),CES SITUATIONS N'ARRIVERONT JAMAIS ! (Troom troom),True,OK,in5UqXw_W3Q,15:20,15,15,True,,MISSING_IMAGE,,https://www.youtube.com/watch?v=in5UqXw_W3Q
S2020E08,IN_SCOPE,2020-02-23,,False,,JE VOUS PRÉSENTE MON CHAT (il est un peu spécial),JE VOUS PRÉSENTE MON CHAT (il est un peu spécial),True,OK,g-uEDP6-_gM,11:01,11,11,True,,MISSING_IMAGE,,https://www.youtube.com/watch?v=g-uEDP6-_gM
S2020E07,IN_SCOPE,2020-02-16,,False,,CETTE VIDEO TE DONNERA LE SOURIRE (100% positivité),CETTE VIDEO TE DONNERA LE SOURIRE (100% positivité),True,OK,cqNnglMXFvQ,13:48,14,14,True,,MISSING_IMAGE,,https://www.youtube.com/watch?v=cqNnglMXFvQ
S2020E06,IN_SCOPE,2020-02-09,,False,,"VOUS ÊTES BIZARRES... (pas toujours, mais quand même)","VOUS ÊTES BIZARRES... 🤔 (pas toujours, mais quand même)",False,COSMETIC_EXACTNESS,4SoRvwVVHEo,15:20,15,15,True,,MISSING_IMAGE,,https://www.youtube.com/watch?v=4SoRvwVVHEo
S2020E05,IN_SCOPE,2020-02-02,,False,,BATTLE DE JINGLE ! (Avec vos thèmes imposés) Ft. @Mastu,BATTLE DE JINGLE ! (Avec vos thèmes imposés) Ft. @Mastu,True,OK,REweKmw8lmg,23:10,23,23,True,,MISSING_IMAGE,,https://www.youtube.com/watch?v=REweKmw8lmg
S2020E04,IN_SCOPE,2020-01-26,,False,,VOUS PARLEZ PENDANT QUE VOUS DORMEZ !?,VOUS PARLEZ PENDANT QUE VOUS DORMEZ !?,True,OK,1THZSfIziuY,10:16,10,10,True,,MISSING_IMAGE,,https://www.youtube.com/watch?v=1THZSfIziuY
S2020E03,IN_SCOPE,2020-01-19,,False,,VOUS LE SAVIEZ ÇA ?,VOUS LE SAVIEZ ÇA ?,True,OK,YsaFUMd89ug,12:44,12,13,False,,MISSING_IMAGE,,https://www.youtube.com/watch?v=YsaFUMd89ug
S2020E02,IN_SCOPE,2020-01-12,,False,,LES PIRES REPRISES MUSICALES #2 (Feat. Amixem),LES PIRES REPRISES MUSICALES #2 (Feat. Amixem),True,OK,5AGvdR0Wu-w,15:32,15,16,False,,MISSING_IMAGE,,https://www.youtube.com/watch?v=5AGvdR0Wu-w
S2020E01,IN_SCOPE,2020-01-05,,False,,CE RÉSEAU M'A EU... (Tik Tok),CE RÉSEAU M'A EU... (Tik Tok),True,OK,Iq6pUEUDUzM,14:24,14,14,True,,MISSING_IMAGE,,https://www.youtube.com/watch?v=Iq6pUEUDUzM
S2019E47,IN_SCOPE,2019-12-29,,False,,INDEX CHALLENGE (Ft. @Mastu),INDEX CHALLENGE 👆 (Ft. @Mastu ),False,PUNCTUATION_EMOJI_EXACTNESS,hdSAKpyK048,18:36,19,19,True,season finale,MISSING_IMAGE,,https://www.youtube.com/watch?v=hdSAKpyK048
S2019E46,IN_SCOPE,2019-12-22,,False,,CES TUTOS N'ONT AUCUN SENS ! #4,CES TUTOS N'ONT AUCUN SENS ! 🤯#4,False,COSMETIC_EXACTNESS,m4qQfVKztNU,14:12,14,14,True,,MISSING_IMAGE,,https://www.youtube.com/watch?v=m4qQfVKztNU
S2019E45,IN_SCOPE,2019-12-15,,False,,DEVINEZ LA SUITE DE CES PUBS !,DEVINEZ LA SUITE DE CES PUBS !,True,OK,6zg_1iG3HSA,15:09,15,15,True,,MISSING_IMAGE,,https://www.youtube.com/watch?v=6zg_1iG3HSA
S2019E44,IN_SCOPE,2019-12-08,,False,,JE RÉPONDS A VOS QUESTIONS !,JE RÉPONDS A VOS QUESTIONS !,True,OK,Jz0nUrB69E0,14:35,15,15,True,,MISSING_IMAGE,,https://www.youtube.com/watch?v=Jz0nUrB69E0
S2019E43,IN_SCOPE,2019-12-01,,False,,ENCORE PLUS DE POSITIVITÉ ! (on en a besoin),ENCORE PLUS DE POSITIVITÉ ! (on en a besoin),True,OK,_9641wPJIrc,15:17,15,15,True,,MISSING_IMAGE,,https://www.youtube.com/watch?v=_9641wPJIrc
S2019E42,IN_SCOPE,2019-11-24,,False,,J'AI GALÉRÉ PENDANT 3 HEURES ! (Mais le résultat est cool),J'AI GALÉRÉ PENDANT 3 HEURES ! (Mais le résultat est cool),True,OK,RGNzIqqKvtM,14:29,14,14,True,,MISSING_IMAGE,,https://www.youtube.com/watch?v=RGNzIqqKvtM
S2019E41,IN_SCOPE,2019-11-17,,False,,LE MEILLEUR SETUP GAMING ! (ft. Julien Lepers),LE MEILLEUR SETUP GAMING ! (ft. Julien Lepers),True,OK,J5tAek2_5Go,28:26,28,28,True,,MISSING_IMAGE,,https://www.youtube.com/watch?v=J5tAek2_5Go
S2019E40,IN_SCOPE,2019-11-10,,False,,VOUS ÊTES DES ALIENS ! (Vos particularités physiques),VOUS ÊTES DES ALIENS ! (Vos particularités physiques),True,OK,evkES9DyxSk,12:35,13,13,True,,MISSING_IMAGE,,https://www.youtube.com/watch?v=evkES9DyxSk
S2019E39,IN_SCOPE,2019-11-03,,False,,CETTE VIDEO EST PEU INTÉRESSANTE (mais divertissante),CETTE VIDEO EST PEU INTÉRESSANTE (mais divertissante),True,OK,YlpCvcNADlw,10:00,10,10,True,,MISSING_IMAGE,,https://www.youtube.com/watch?v=YlpCvcNADlw
S2019E38,IN_SCOPE,2019-10-27,,False,,DUEL DE MOTS ! Ft. Mastu (Lequel est le plus recherché ?),DUEL DE MOTS ! Ft. Mastu (Lequel est le plus recherché ?),True,OK,b8Dq5Tasw4M,16:01,16,16,True,,MISSING_IMAGE,,https://www.youtube.com/watch?v=b8Dq5Tasw4M
S2019E37,IN_SCOPE,2019-10-20,,False,,LE MEILLEUR BLIND TEST ! (Le perdant compte des trous),LE MEILLEUR BLIND TEST ! (Le perdant compte des trous),True,OK,oeVE4Simacs,21:29,21,21,True,,MISSING_IMAGE,,https://www.youtube.com/watch?v=oeVE4Simacs
S2019E36,IN_SCOPE,2019-10-13,,False,,J'AI FAIT DU PORTE À PORTE AVANT YOUTUBE (et d'autres trucs pas ouf),J'AI FAIT DU PORTE À PORTE AVANT YOUTUBE (et d'autres trucs pas ouf),True,OK,_1pBxfwkuKM,13:57,14,14,True,,MISSING_IMAGE,,https://www.youtube.com/watch?v=_1pBxfwkuKM
S2019E35,IN_SCOPE,2019-10-06,,False,,CETTE VIDÉO VA VOUS FAIRE DU BIEN ! (100% positivité),CETTE VIDÉO VA VOUS FAIRE DU BIEN ! (100% positivité),True,OK,mJJ3TdCQ_I4,11:23,11,11,True,,MISSING_IMAGE,,https://www.youtube.com/watch?v=mJJ3TdCQ_I4
S2019E34,IN_SCOPE,2019-09-29,,False,,J'APPELLE DES VOYANTES ! #2,J'APPELLE DES VOYANTES ! #2 🔮,False,COSMETIC_EXACTNESS,530-y8ociDg,16:59,17,17,True,,MISSING_IMAGE,,https://www.youtube.com/watch?v=530-y8ociDg
S2019E33,IN_SCOPE,2019-09-15,,False,,C'ÉTAIT MIEUX AVANT ? (Pas vraiment non),C'ÉTAIT MIEUX AVANT ? (Pas vraiment non),True,OK,WtUv0CpnkX8,16:28,16,16,True,,MISSING_IMAGE,,https://www.youtube.com/watch?v=WtUv0CpnkX8
S2019E32,IN_SCOPE,2019-09-08,,False,,PRODUIT DE LUXE OU COMMUN ? #2 (Ft Amixem),PRODUIT DE LUXE OU COMMUN ? #2 (Ft Amixem),True,OK,53qnZSIr_pk,19:22,19,19,True,,MISSING_IMAGE,,https://www.youtube.com/watch?v=53qnZSIr_pk
S2019E31,IN_SCOPE,2019-09-01,,False,,CES TUTOS N'ONT AUCUN SENS ! #3,CES TUTOS N'ONT AUCUN SENS ! 🤯#3,False,COSMETIC_EXACTNESS,zwTq1L6iFpk,13:19,13,13,True,,MISSING_IMAGE,,https://www.youtube.com/watch?v=zwTq1L6iFpk
S2019E30,IN_SCOPE,2019-08-18,,False,,COMMENT FÊTER SON ANNIVERSAIRE SEUL ?,COMMENT FÊTER SON ANNIVERSAIRE SEUL ? 🎉,False,COSMETIC_EXACTNESS,gWmmmYRimdw,10:09,10,10,True,,MISSING_IMAGE,,https://www.youtube.com/watch?v=gWmmmYRimdw
S2019E29,IN_SCOPE,2019-08-10,,False,,Joyca - Haut de Gamme (Feat. Boostee),Joyca - Haut de Gamme (Feat. Boostee),True,OK,7HIu0U1wlwk,2:44,3,3,True,,MISSING_IMAGE,,https://www.youtube.com/watch?v=7HIu0U1wlwk
S2019E28,IN_SCOPE,2019-08-04,,False,,JE PARODIE BYE BYE ET MIRADOR ! (Without Music),JE PARODIE BYE BYE ET MIRADOR ! (Without Music),True,OK,s1AON2lU5A8,13:17,13,13,True,,MISSING_IMAGE,,https://www.youtube.com/watch?v=s1AON2lU5A8
S2019E27,IN_SCOPE,2019-07-28,,False,,"LE JOUR OÙ JE L'AI RENCONTRÉE ! (Oui, c'est une girafe)","LE JOUR OÙ JE L'AI RENCONTRÉE ! (Oui, c'est une girafe)",True,OK,7isjNi1MDmA,18:19,18,18,True,,MISSING_IMAGE,,https://www.youtube.com/watch?v=7isjNi1MDmA
S2019E26,IN_SCOPE,2019-07-21,,False,,CETTE SERIE POURRAIT BIEN DEVENIR RÉALITÉ...#2 (Et c'est toujours aussi flippant),CETTE SERIE POURRAIT BIEN DEVENIR RÉALITÉ...#2 (Et c'est toujours aussi flippant),True,OK,D6_mbQE02qw,15:56,15,16,False,,MISSING_IMAGE,,https://www.youtube.com/watch?v=D6_mbQE02qw
S2019E25,IN_SCOPE,2019-07-14,,False,,CES REALITY SHOW SONT... DOUTEUX (ou juste drôles),CES REALITY SHOW SONT... DOUTEUX (ou juste drôles),True,OK,G1ZPW7TmfsY,12:49,12,13,False,,MISSING_IMAGE,,https://www.youtube.com/watch?v=G1ZPW7TmfsY
S2019E24,IN_SCOPE,2019-07-07,,False,,LA COURSE DE RADEAUX LA PLUS EXTRÊME (Pas du tout...),LA COURSE DE RADEAUX LA PLUS EXTRÊME (Pas du tout...),True,OK,50a9119mfq8,13:50,13,14,False,,MISSING_IMAGE,,https://www.youtube.com/watch?v=50a9119mfq8
S2019E23,IN_SCOPE,2019-06-30,,False,,UNE JOURNÉE POUR CONSTRUIRE UN RADEAU ! (Et c'était pas gagné...),UNE JOURNÉE POUR CONSTRUIRE UN RADEAU ! (Et c'était pas gagné...),True,OK,0NcpmF11W9o,19:57,19,20,False,,MISSING_IMAGE,,https://www.youtube.com/watch?v=0NcpmF11W9o
S2019E22,IN_SCOPE,2019-06-19,,False,,J'Y AI PASSÉ DES HEURES ! (Mais ça valait le coup),J'Y AI PASSÉ DES HEURES ! (Mais ça valait le coup),True,OK,-78KNa6Ut8w,10:14,10,10,True,,MISSING_IMAGE,,https://www.youtube.com/watch?v=-78KNa6Ut8w
S2019E21,IN_SCOPE,2019-06-09,,False,,CETTE SÉRIE POURRAIT BIEN DEVENIR RÉALITÉ... (Et c'est flippant),CETTE SÉRIE POURRAIT BIEN DEVENIR RÉALITÉ... (Et c'est flippant),True,OK,DxZDYyLonjo,15:05,15,15,True,,MISSING_IMAGE,,https://www.youtube.com/watch?v=DxZDYyLonjo
S2019E20,IN_SCOPE,2019-06-02,,False,,CES QUESTIONS QUI NOUS RENDENT FOUS !,CES QUESTIONS QUI NOUS RENDENT FOUS !,True,OK,NA3OKQ1YxoE,14:20,14,14,True,,MISSING_IMAGE,,https://www.youtube.com/watch?v=NA3OKQ1YxoE
S2019E19,IN_SCOPE,2019-05-19,,False,,CES TUTOS N'ONT AUCUN SENS ! #2,CES TUTOS N'ONT AUCUN SENS ! 🤯#2,False,COSMETIC_EXACTNESS,oVw5Rx7ZMU0,12:50,12,13,False,,MISSING_IMAGE,,https://www.youtube.com/watch?v=oVw5Rx7ZMU0
S2019E18,IN_SCOPE,2019-05-12,,False,,BOÎTE À MENSONGES CHALLENGE - JOYCA,BOÎTE À MENSONGES CHALLENGE - JOYCA,True,OK,w39bjfSPOBY,13:45,13,14,False,,MISSING_IMAGE,,https://www.youtube.com/watch?v=w39bjfSPOBY
S2019E17,IN_SCOPE,2019-05-05,,False,,CES STYLES MUSICAUX SONT IMPROBABLES...,CES STYLES MUSICAUX SONT IMPROBABLES... 🤷‍♂️,False,PUNCTUATION_EMOJI_EXACTNESS,HSeWUgQ-2vA,11:34,11,12,False,,MISSING_IMAGE,,https://www.youtube.com/watch?v=HSeWUgQ-2vA
S2019E16,IN_SCOPE,2019-04-28,,False,,LE MEILLEUR BLINDTEST ! (Le perdant n'est pas prêt),LE MEILLEUR BLINDTEST ! (Le perdant n'est pas prêt),True,OK,fzl8gQ198j4,17:16,17,17,True,,MISSING_IMAGE,,https://www.youtube.com/watch?v=fzl8gQ198j4
S2019E15,IN_SCOPE,2019-04-13,,False,,C'EST LA FIN... - L'AVENTURE MÉDIÉVALE #3,C'EST LA FIN... - L'AVENTURE MÉDIÉVALE #3,True,OK,fA8R5BWUhHY,25:53,25,26,False,,MISSING_IMAGE,,https://www.youtube.com/watch?v=fA8R5BWUhHY
S2019E14,IN_SCOPE,2019-04-07,,False,,J'APPELLE DES VOYANTES !,J'APPELLE DES VOYANTES ! 🔮,False,COSMETIC_EXACTNESS,Z477FUmxidY,17:45,17,18,False,,MISSING_IMAGE,,https://www.youtube.com/watch?v=Z477FUmxidY
S2019E13,IN_SCOPE,2019-03-31,,False,,C'EST BIENTÔT LA FIN DU MONDE ? (non),C'EST BIENTÔT LA FIN DU MONDE ? (non),True,OK,LBVnRzZ3ATA,15:12,15,15,True,,MISSING_IMAGE,,https://www.youtube.com/watch?v=LBVnRzZ3ATA
S2019E12,IN_SCOPE,2019-03-24,,False,,JOYCA - PARTY END,JOYCA - PARTY END,True,OK,ar4UwBAlLo0,2:44,2,3,False,,MISSING_IMAGE,,https://www.youtube.com/watch?v=ar4UwBAlLo0
S2019E11,IN_SCOPE,2019-03-17,,False,,ON PARODIE NOTRE CLIP ! (Feat Amixem),ON PARODIE NOTRE CLIP ! (Feat Amixem),True,OK,cVZGDg1M3Fg,13:34,13,14,False,,MISSING_IMAGE,,https://www.youtube.com/watch?v=cVZGDg1M3Fg
S2019E10,IN_SCOPE,2019-03-10,,False,,CES TUTOS N'ONT AUCUN SENS !,CES TUTOS N'ONT AUCUN SENS ! 🤯,False,COSMETIC_EXACTNESS,JG4LKgruqIk,13:15,13,13,True,,MISSING_IMAGE,,https://www.youtube.com/watch?v=JG4LKgruqIk
S2019E09,IN_SCOPE,2019-03-04,,False,,LES MEILLEURES HALLUCINATIONS AUDITIVES ! #2,LES MEILLEURES HALLUCINATIONS AUDITIVES ! #2,True,OK,qpZ9Un_mBnA,21:16,21,21,True,,MISSING_IMAGE,,https://www.youtube.com/watch?v=qpZ9Un_mBnA
S2019E08,IN_SCOPE,2019-02-24,,False,,J'AI PARTICIPÉ À UNE TÉLÉRÉALITÉ... (CONCOURS DE DJ),J'AI PARTICIPÉ À UNE TÉLÉRÉALITÉ... (CONCOURS DE DJ),True,OK,9N5SYSxFMaA,18:28,18,18,True,,MISSING_IMAGE,,https://www.youtube.com/watch?v=9N5SYSxFMaA
S2019E07,IN_SCOPE,2019-02-18,,False,,VOUS RISQUEZ DE ME DETESTER !,VOUS RISQUEZ DE ME DETESTER !,True,OK,cnKHYz-y3y4,11:34,10,12,False,,CONFIRMED_OFFICIAL_THUMBNAIL,https://artworks.thetvdb.com/banners/episodes/335805/7051441.jpg,https://www.youtube.com/watch?v=cnKHYz-y3y4
S2019E06,IN_SCOPE,2019-02-10,,False,,VOS QUESTIONS SUR LA REDBOX ! (Et sur moi aussi),VOS QUESTIONS SUR LA REDBOX ! (Et sur moi aussi),True,OK,GPa5JO-i-dI,12:52,10,13,False,,MISSING_IMAGE,,https://www.youtube.com/watch?v=GPa5JO-i-dI
S2019E05,IN_SCOPE,2019-02-03,,False,,VEGEDREAM - RAMENEZ LE GREC À LA MAISON (PARODIE),VEGEDREAM - RAMENEZ LE GREC À LA MAISON (PARODIE),True,OK,RAY2SjsOQE4,4:24,10,4,False,,MISSING_IMAGE,,https://www.youtube.com/watch?v=RAY2SjsOQE4
S2019E04,IN_SCOPE,2019-01-27,,False,,UN ABONNÉ M’A OFFERT UN OBJET INCROYABLE !,UN ABONNÉ M’A OFFERT UN OBJET INCROYABLE !,True,OK,YGyiVXd0-Ks,14:08,10,14,False,,CONFIRMED_OFFICIAL_THUMBNAIL,https://artworks.thetvdb.com/banners/episodes/335805/7051435.jpg,https://www.youtube.com/watch?v=YGyiVXd0-Ks
S2019E03,IN_SCOPE,2019-01-20,,False,,FAIRE UNE MUSIQUE AVEC SON PET ! (Feat Mastu),FAIRE UNE MUSIQUE AVEC SON PET ! (Feat Mastu),True,OK,MmURfYA564A,15:00,10,15,False,,CONFIRMED_OFFICIAL_THUMBNAIL,https://artworks.thetvdb.com/banners/episodes/335805/7002511.jpg,https://www.youtube.com/watch?v=MmURfYA564A
S2019E02,IN_SCOPE,2019-01-13,,False,,CET OBJET EST SURPRENANT !,CET OBJET EST SURPRENANT !,True,OK,QBdjsBn-gsY,11:20,10,11,False,,CONFIRMED_OFFICIAL_THUMBNAIL,https://artworks.thetvdb.com/banners/episodes/335805/6989830.jpg,https://www.youtube.com/watch?v=QBdjsBn-gsY
S2019E01,IN_SCOPE,2019-01-06,,False,,LE PIRE BLINDTEST ! (Feat Laink & Terracid),LE PIRE BLINDTEST ! (Feat Laink & Terracid),True,OK,bsPKglRnM_0,13:51,10,14,False,,MISSING_IMAGE,,https://www.youtube.com/watch?v=bsPKglRnM_0
S2018E54,IN_SCOPE,2018-12-30,,False,,BEST OF 2018 !,BEST OF 2018 !,True,OK,hS-qVsj-AGI,7:40,10,8,False,season finale,MISSING_IMAGE,,https://www.youtube.com/watch?v=hS-qVsj-AGI
S2018E53,IN_SCOPE,2018-12-28,,False,,JE N'EN PEUX PLUS !,JE N'EN PEUX PLUS !,True,OK,PuouyAxt2C0,9:05,10,9,False,,CONFIRMED_OFFICIAL_THUMBNAIL,https://artworks.thetvdb.com/banners/episodes/335805/6967602.jpg,https://www.youtube.com/watch?v=PuouyAxt2C0
S2018E52,IN_SCOPE,2018-12-23,,False,,CETTE VIDEO VA TE RETOURNER LE CERVEAU !,CETTE VIDEO VA TE RETOURNER LE CERVEAU !,True,OK,VezJJf64nKU,16:07,10,16,False,,CONFIRMED_OFFICIAL_THUMBNAIL,https://artworks.thetvdb.com/banners/episodes/335805/6952717.jpg,https://www.youtube.com/watch?v=VezJJf64nKU
S2018E51,IN_SCOPE,2018-12-16,,False,,LES PIRES REPRISES MUSICALES ! Feat. Amixem,LES PIRES REPRISES MUSICALES ! Feat. Amixem,True,OK,tmD-xZPYSmA,16:16,10,16,False,,MISSING_IMAGE,,https://www.youtube.com/watch?v=tmD-xZPYSmA
S2018E50,IN_SCOPE,2018-12-09,,False,,CET ABONNÉ M'A CHOQUÉ !,CET ABONNÉ M'A CHOQUÉ !,True,OK,ASAGt7eYzVc,20:11,10,20,False,,CONFIRMED_OFFICIAL_THUMBNAIL,https://artworks.thetvdb.com/banners/episodes/335805/6933304.jpg,https://www.youtube.com/watch?v=ASAGt7eYzVc
S2018E49,IN_SCOPE,2018-12-02,,False,,JE NE VOUS AI JAMAIS PARLÉ DE ÇA !,JE NE VOUS AI JAMAIS PARLÉ DE ÇA !,True,OK,DZWHvuwsKi0,15:18,10,15,False,,CONFIRMED_OFFICIAL_THUMBNAIL,https://artworks.thetvdb.com/banners/episodes/335805/6924710.jpg,https://www.youtube.com/watch?v=DZWHvuwsKi0
S2018E48,IN_SCOPE,2018-11-23,,False,,J’AI CRU QUE JE N’ALLAIS PAS Y ARRIVER !,J’AI CRU QUE JE N’ALLAIS PAS Y ARRIVER !,True,OK,aYzFVuvKS8c,24:23,10,24,False,,PRESENT_ORIGIN_UNPROVEN,https://artworks.thetvdb.com/banners/episodes/335805/6915047.jpg,https://www.youtube.com/watch?v=aYzFVuvKS8c
S2018E47,IN_SCOPE,2018-11-16,,False,,ESSAYEZ DE LES RECONNAÎTRE ! (92% IMPOSSIBLE),ESSAYEZ DE LES RECONNAÎTRE ! (92% IMPOSSIBLE),True,OK,5EwiK85vvnw,12:55,10,13,False,,CONFIRMED_OFFICIAL_THUMBNAIL,https://artworks.thetvdb.com/banners/episodes/335805/6907022.jpg,https://www.youtube.com/watch?v=5EwiK85vvnw
S2018E46,IN_SCOPE,2018-11-09,,False,,"J'AI GAGNÉ CE CHÂTEAU AU POKER ! (oui, vraiment)","J'AI GAGNÉ CE CHÂTEAU AU POKER ! (oui, vraiment)",True,OK,8VYeWET-QdM,16:42,10,17,False,,CONFIRMED_OFFICIAL_THUMBNAIL,https://artworks.thetvdb.com/banners/episodes/335805/6898787.jpg,https://www.youtube.com/watch?v=8VYeWET-QdM
S2018E45,IN_SCOPE,2018-11-03,,False,,TOUT ÇA POUR UNE MUSIQUE...,TOUT ÇA POUR UNE MUSIQUE...,True,OK,YcA22cpEYGA,14:22,10,14,False,,MISSING_IMAGE,,https://www.youtube.com/watch?v=YcA22cpEYGA
S2018E44,IN_SCOPE,2018-10-27,,False,,ON CRITIQUE MES ABONNÉS !,ON CRITIQUE MES ABONNÉS !,True,OK,Q6n-jU4OASg,14:04,10,14,False,,PRESENT_ORIGIN_UNPROVEN,https://artworks.thetvdb.com/banners/episodes/335805/6880904.jpg,https://www.youtube.com/watch?v=Q6n-jU4OASg
S2018E42,IN_SCOPE,2018-10-12,,False,,JE DÉCOUVRE LA RÉALITÉ VIRTUELLE !,JE DÉCOUVRE LA RÉALITÉ VIRTUELLE !,True,OK,CoJlNAL5_P4,13:47,10,14,False,,PRESENT_ORIGIN_UNPROVEN,https://artworks.thetvdb.com/banners/episodes/335805/6864882.jpg,https://www.youtube.com/watch?v=CoJlNAL5_P4
S2018E41,IN_SCOPE,2018-10-05,,False,,"LE QUIZZ DE L'IMPOSSIBLE ! (Ft.Mastu, Neoxi, Artishow, Amixem)","LE QUIZZ DE L'IMPOSSIBLE ! (Ft.Mastu, Neoxi, Artishow, Amixem)",True,OK,oNBZevIY_1M,20:44,10,21,False,,CONFIRMED_OFFICIAL_THUMBNAIL,https://artworks.thetvdb.com/banners/episodes/335805/6864880.jpg,https://www.youtube.com/watch?v=oNBZevIY_1M
S2018E40,IN_SCOPE,2018-09-28,,False,,J’APPELLE DES TÉLÉPHONES ROSE,J’APPELLE DES TÉLÉPHONES ROSE,True,OK,lIEvGN2F33A,14:21,10,14,False,,CONFIRMED_OFFICIAL_THUMBNAIL,https://artworks.thetvdb.com/banners/episodes/335805/6843927.jpg,https://www.youtube.com/watch?v=lIEvGN2F33A
S2018E39,IN_SCOPE,2018-09-21,,False,,JE REALISE LE RÊVE DE MASTU !,JE REALISE LE RÊVE DE MASTU !,True,OK,BEYCRIlgPGw,18:07,10,18,False,,CONFIRMED_OFFICIAL_THUMBNAIL,https://artworks.thetvdb.com/banners/episodes/335805/6837092.jpg,https://www.youtube.com/watch?v=BEYCRIlgPGw
S2018E38,IN_SCOPE,2018-09-14,,False,,1 HEURE DE STRESS POUR...,1 HEURE DE STRESS POUR...,True,OK,bglx5WYH0Lo,13:02,10,13,False,,CONFIRMED_OFFICIAL_THUMBNAIL,https://artworks.thetvdb.com/banners/episodes/335805/6827729.jpg,https://www.youtube.com/watch?v=bglx5WYH0Lo
S2018E37,IN_SCOPE,2018-09-07,,False,,PRODUIT DE LUXE OU COMMUN ? (Ft Amixem),PRODUIT DE LUXE OU COMMUN ? (Ft Amixem),True,OK,8zo2SXEsPtU,18:34,10,19,False,,MISSING_IMAGE,,https://www.youtube.com/watch?v=8zo2SXEsPtU
S2018E36,IN_SCOPE,2018-08-31,,False,,COMMENT J'EN SUIS ARRIVÉ LÀ...,COMMENT J'EN SUIS ARRIVÉ LÀ...,True,OK,xqZOqVq7ttQ,19:56,10,20,False,,CONFIRMED_OFFICIAL_THUMBNAIL,https://artworks.thetvdb.com/banners/episodes/335805/6812069.jpg,https://www.youtube.com/watch?v=xqZOqVq7ttQ
S2018E35,IN_SCOPE,2018-08-24,,False,,ON ANIME VOS TWEETS ! (Ft MyFuckinMess),ON ANIME VOS TWEETS ! (Ft MyFuckinMess),True,OK,P4X9aSw1_bg,12:03,10,12,False,,MISSING_IMAGE,,https://www.youtube.com/watch?v=P4X9aSw1_bg
S2018E34,IN_SCOPE,2018-08-17,,False,,DUEL DE BLAGUES ! (EDITION SLOGANS),DUEL DE BLAGUES ! (EDITION SLOGANS),True,OK,UUD37YbbV3U,23:22,10,23,False,,CONFIRMED_OFFICIAL_THUMBNAIL,https://artworks.thetvdb.com/banners/episodes/335805/6802863.jpg,https://www.youtube.com/watch?v=UUD37YbbV3U
S2018E33,IN_SCOPE,2018-08-12,,False,,JE VISITE UN CHANTIER INTERDIT !,JE VISITE UN CHANTIER INTERDIT !,True,OK,OFfaf-hvr7c,16:10,10,16,False,,CONFIRMED_OFFICIAL_THUMBNAIL,https://artworks.thetvdb.com/banners/episodes/335805/6791200.jpg,https://www.youtube.com/watch?v=OFfaf-hvr7c
S2018E32,IN_SCOPE,2018-08-03,,False,,ÊTES-VOUS INTELLIGENT ?,ÊTES-VOUS INTELLIGENT ?,True,OK,jG-PmHV2O9o,12:28,10,12,False,,MISSING_IMAGE,,https://www.youtube.com/watch?v=jG-PmHV2O9o
S2018E31,IN_SCOPE,2018-07-27,,False,,CETTE VIDÉO TE RENDRA VIEUX !,CETTE VIDÉO TE RENDRA VIEUX !,True,OK,v2mG0QnTIbA,14:35,10,15,False,,CONFIRMED_OFFICIAL_THUMBNAIL,https://artworks.thetvdb.com/banners/episodes/335805/6773982.jpg,https://www.youtube.com/watch?v=v2mG0QnTIbA
S2018E30,IN_SCOPE,2018-07-22,,False,,COMBIEN COUTE MON STUDIO ?,COMBIEN COUTE MON STUDIO ?,True,OK,NenDnWKwlmw,17:19,10,17,False,,MISSING_IMAGE,,https://www.youtube.com/watch?v=NenDnWKwlmw
S2018E29,IN_SCOPE,2018-07-13,,False,,ON PARIE SUR YOUTUBE ! (Ft Neoxi),ON PARIE SUR YOUTUBE ! (Ft Neoxi),True,OK,ljjWfjsL0oA,16:51,10,17,False,,CONFIRMED_OFFICIAL_THUMBNAIL,https://artworks.thetvdb.com/banners/episodes/335805/6761589.jpg,https://www.youtube.com/watch?v=ljjWfjsL0oA
S2018E28,IN_SCOPE,2018-07-08,,False,,"NOS PIRES ANECDOTES ! (Ft. Vodk, Mahdi ba, Neoxi, Mastu)","NOS PIRES ANECDOTES ! (Ft. Vodk, Mahdi ba, Neoxi, Mastu)",True,OK,jtyu7RzqLBo,13:32,10,14,False,,MISSING_IMAGE,,https://www.youtube.com/watch?v=jtyu7RzqLBo
S2018E27,IN_SCOPE,2018-06-29,,False,,JE VOUS DEVOILE ENFIN MON DECOR !,JE VOUS DEVOILE ENFIN MON DECOR !,True,OK,u0YDeccq5ZY,17:14,10,17,False,,CONFIRMED_OFFICIAL_THUMBNAIL,https://artworks.thetvdb.com/banners/episodes/335805/6761587.jpg,https://www.youtube.com/watch?v=u0YDeccq5ZY
S2018E26,IN_SCOPE,2018-06-22,,False,,J'AI RISQUÉ MA VIE POUR CETTE VIDEO !,J'AI RISQUÉ MA VIE POUR CETTE VIDEO !,True,OK,5r3vX2DUmHw,7:07,10,7,False,,CONFIRMED_OFFICIAL_THUMBNAIL,https://artworks.thetvdb.com/banners/episodes/335805/6736819.jpg,https://www.youtube.com/watch?v=5r3vX2DUmHw
S2018E25,IN_SCOPE,2018-06-17,,False,,ON PARODIE DES CLIPS ! (Feat Amixem),ON PARODIE DES CLIPS ! (Feat Amixem),True,OK,_EU-uU1ZvTY,17:50,10,18,False,,MISSING_IMAGE,,https://www.youtube.com/watch?v=_EU-uU1ZvTY
S2018E24,IN_SCOPE,2018-06-08,,False,,"BELLA CIAO, DANS 10 STYLES DIFFERENTS","BELLA CIAO, DANS 10 STYLES DIFFERENTS",True,OK,3yWFNvQUv5c,4:40,10,5,False,,CONFIRMED_OFFICIAL_THUMBNAIL,https://artworks.thetvdb.com/banners/episodes/335805/6722492.jpg,https://www.youtube.com/watch?v=3yWFNvQUv5c
S2018E22,IN_SCOPE,2018-05-29,,False,,LA MEILLEURE HALLUCINATION AUDITIVE !,LA MEILLEURE HALLUCINATION AUDITIVE !,True,OK,m82fNSMjERE,7:34,10,8,False,,MISSING_IMAGE,,https://www.youtube.com/watch?v=m82fNSMjERE
S2018E21,IN_SCOPE,2018-05-25,,False,,JE REMIX VOS IDÉES ! #3,JE REMIX VOS IDÉES ! #3,True,OK,pSCl71hi45k,6:44,10,7,False,,CONFIRMED_OFFICIAL_THUMBNAIL,https://artworks.thetvdb.com/banners/episodes/335805/6707164.jpg,https://www.youtube.com/watch?v=pSCl71hi45k
S2018E20,IN_SCOPE,2018-05-18,,False,,JOYCA - Heart & Soul Feat Boostee (Clip Officiel),JOYCA - Heart & Soul Feat Boostee (Clip Officiel),True,OK,L-lJ4XJOCP4,2:43,10,3,False,,MISSING_IMAGE,,https://www.youtube.com/watch?v=L-lJ4XJOCP4
S2018E19,IN_SCOPE,2018-05-12,,False,,C'EST QUOI CE JEU ?!,C'EST QUOI CE JEU ?!,True,OK,XY0sDieXjSw,14:29,10,14,False,,CONFIRMED_OFFICIAL_THUMBNAIL,https://artworks.thetvdb.com/banners/episodes/335805/6688600.jpg,https://www.youtube.com/watch?v=XY0sDieXjSw
S2018E18,IN_SCOPE,2018-05-04,,False,,DEMANDER SON CHEMIN AU JAPON AVEC GOOGLE TRADUCTION !,DEMANDER SON CHEMIN AU JAPON AVEC GOOGLE TRADUCTION !,True,OK,yWMd3Y1QX88,12:50,10,13,False,,CONFIRMED_OFFICIAL_THUMBNAIL,https://artworks.thetvdb.com/banners/episodes/335805/6688599.jpg,https://www.youtube.com/watch?v=yWMd3Y1QX88
S2018E16,IN_SCOPE,2018-04-27,,False,,LE PIRE DÉCOR DE LA REDBOX...,LE PIRE DÉCOR DE LA REDBOX...,True,OK,Z0eJhhos8W8,14:20,10,14,False,,CONFIRMED_OFFICIAL_THUMBNAIL,https://artworks.thetvdb.com/banners/episodes/335805/6677148.jpg,https://www.youtube.com/watch?v=Z0eJhhos8W8
S2018E15,IN_SCOPE,2018-04-22,,False,,JOYCA - HIGH (CLIP OFFICIEL),JOYCA - HIGH (CLIP OFFICIEL),True,OK,Icey1kz5qWk,3:37,10,4,False,,CONFIRMED_OFFICIAL_THUMBNAIL,https://artworks.thetvdb.com/banners/episodes/335805/6661580.jpg,https://www.youtube.com/watch?v=Icey1kz5qWk
S2018E14,IN_SCOPE,2018-04-13,,False,,VOUS TROUVEZ MES SOSIES !,VOUS TROUVEZ MES SOSIES !,True,OK,094ndbmijKg,8:13,10,8,False,,CONFIRMED_OFFICIAL_THUMBNAIL,https://artworks.thetvdb.com/banners/episodes/335805/6648084.jpg,https://www.youtube.com/watch?v=094ndbmijKg
S2018E13,IN_SCOPE,2018-04-04,,False,,MON RÊVE DE GOSSE ! (Ft CYR!L),MON RÊVE DE GOSSE ! (Ft CYR!L),True,OK,mZAf4lRYNxw,10:20,10,10,True,,CONFIRMED_OFFICIAL_THUMBNAIL,https://artworks.thetvdb.com/banners/episodes/335805/6633920.jpg,https://www.youtube.com/watch?v=mZAf4lRYNxw
S2018E11,IN_SCOPE,2018-03-30,,False,,LE MEILLEUR MOYEN DE CASSER UN IPHONE X !,LE MEILLEUR MOYEN DE CASSER UN IPHONE X !,True,OK,fiSwpAlCl0g,13:45,10,14,False,,CONFIRMED_OFFICIAL_THUMBNAIL,https://artworks.thetvdb.com/banners/episodes/335805/6626687.jpg,https://www.youtube.com/watch?v=fiSwpAlCl0g
S2018E10,IN_SCOPE,2018-03-23,,False,,LES PIRES CHANSONS #4 !,LES PIRES CHANSONS #4 !,True,OK,eZEfzLf5zCY,12:09,10,12,False,,CONFIRMED_OFFICIAL_THUMBNAIL,https://artworks.thetvdb.com/banners/episodes/335805/6614718.jpg,https://www.youtube.com/watch?v=eZEfzLf5zCY
S2018E09,IN_SCOPE,2018-03-16,,False,,JE CHANGE DE NOM !,JE CHANGE DE NOM !,True,OK,Ua0HpNgFEdw,7:23,10,7,False,,CONFIRMED_OFFICIAL_THUMBNAIL,https://artworks.thetvdb.com/banners/episodes/335805/6614717.jpg,https://www.youtube.com/watch?v=Ua0HpNgFEdw
S2018E08,IN_SCOPE,2018-03-11,,False,,J'AI JOUÉ DANS UN FILM !,J'AI JOUÉ DANS UN FILM !,True,OK,JN_rfagFBhI,11:07,10,11,False,,MISSING_IMAGE,,https://www.youtube.com/watch?v=JN_rfagFBhI
S2018E07,IN_SCOPE,2018-02-24,,False,,FAIRE UN BEAT AVEC... UN CAMION DE POMPIER !,FAIRE UN BEAT AVEC... UN CAMION DE POMPIER !,True,OK,BKGJDvUD5mE,4:10,10,4,False,,CONFIRMED_OFFICIAL_THUMBNAIL,https://artworks.thetvdb.com/banners/episodes/335805/6572115.jpg,https://www.youtube.com/watch?v=BKGJDvUD5mE
S2018E06,IN_SCOPE,2018-02-17,,False,,MES PIRES MUSIQUES ! #2,MES PIRES MUSIQUES ! #2,True,OK,NcOmVLnaeFk,9:47,10,10,True,,CONFIRMED_OFFICIAL_THUMBNAIL,https://artworks.thetvdb.com/banners/episodes/335805/6559528.jpg,https://www.youtube.com/watch?v=NcOmVLnaeFk
S2018E05,IN_SCOPE,2018-02-09,,False,,LES MEILLEURES HALLUCINATIONS AUDITIVES !,LES MEILLEURES HALLUCINATIONS AUDITIVES !,True,OK,FUn_9zDAYlU,12:37,10,13,False,,MISSING_IMAGE,,https://www.youtube.com/watch?v=FUn_9zDAYlU
S2018E03,IN_SCOPE,2018-01-27,,False,,J'AI RÉALISÉ LE RÊVE DE MON PÈRE !,J'AI RÉALISÉ LE RÊVE DE MON PÈRE !,True,OK,EJn7j5TG0Ac,11:25,10,11,False,,CONFIRMED_OFFICIAL_THUMBNAIL,https://artworks.thetvdb.com/banners/episodes/335805/6526406.jpg,https://www.youtube.com/watch?v=EJn7j5TG0Ac
S2018E02,IN_SCOPE,2018-01-18,,False,,J'ARRÊTE LES PARODIES ?,J'ARRÊTE LES PARODIES ?,True,OK,YRFo65i--t8,5:54,10,6,False,,CONFIRMED_OFFICIAL_THUMBNAIL,https://artworks.thetvdb.com/banners/episodes/335805/6515443.jpg,https://www.youtube.com/watch?v=YRFo65i--t8
S2018E01,IN_SCOPE,2018-01-06,,False,,CHANTEUR BOURRÉ SIMULATOR !,CHANTEUR BOURRÉ SIMULATOR !,True,OK,q1ySf55xk8k,12:10,10,12,False,,CONFIRMED_OFFICIAL_THUMBNAIL,https://artworks.thetvdb.com/banners/episodes/335805/6492903.jpg,https://www.youtube.com/watch?v=q1ySf55xk8k
S2017E60,IN_SCOPE,2017-12-25,,False,,J'AI CRAQUÉ !,J'AI CRAQUÉ !,True,OK,kM7xGFCPqeQ,8:09,10,8,False,season finale,CONFIRMED_OFFICIAL_THUMBNAIL,https://artworks.thetvdb.com/banners/episodes/335805/6467822.jpg,https://www.youtube.com/watch?v=kM7xGFCPqeQ
S2017E59,IN_SCOPE,2017-12-22,,False,,BIENVENUE DANS MON STUDIO ! (SETUP 2017),BIENVENUE DANS MON STUDIO ! (SETUP 2017),True,OK,2zEjWRpCVsQ,10:57,10,11,False,,CONFIRMED_OFFICIAL_THUMBNAIL,https://artworks.thetvdb.com/banners/episodes/335805/6465607.jpg,https://www.youtube.com/watch?v=2zEjWRpCVsQ
S2017E58,IN_SCOPE,2017-12-15,,False,,ON CRÉE DES HALLUCINATIONS AUDITIVES !,ON CRÉE DES HALLUCINATIONS AUDITIVES !,True,OK,XHjZPOwD-gA,14:35,10,15,False,,CONFIRMED_OFFICIAL_THUMBNAIL,https://artworks.thetvdb.com/banners/episodes/335805/6454527.jpg,https://www.youtube.com/watch?v=XHjZPOwD-gA
S2017E57,IN_SCOPE,2017-12-08,,False,,JE REMIX VOS IDÉES ! #2,JE REMIX VOS IDÉES ! #2,True,OK,uFbmXoc20K0,6:28,10,6,False,,CONFIRMED_OFFICIAL_THUMBNAIL,https://artworks.thetvdb.com/banners/episodes/335805/6447525.jpg,https://www.youtube.com/watch?v=uFbmXoc20K0
S2017E55,IN_SCOPE,2017-11-22,,False,,LE MONDE DE DISNEY ! Feat BOOSTEE (CLIP),LE MONDE DE DISNEY ! Feat BOOSTEE (CLIP),True,OK,n9qhyS-DKuw,2:03,10,2,False,,CONFIRMED_OFFICIAL_THUMBNAIL,https://artworks.thetvdb.com/banners/episodes/335805/6420985.jpg,https://www.youtube.com/watch?v=n9qhyS-DKuw
S2017E54,IN_SCOPE,2017-11-20,,False,,LA VERITÉ SUR DISNEY ! Feat BOOSTEE (CHANSON),LA VERITÉ SUR DISNEY ! Feat BOOSTEE (CHANSON),True,OK,1ZdWFeUiW78,10:16,10,10,True,,CONFIRMED_OFFICIAL_THUMBNAIL,https://artworks.thetvdb.com/banners/episodes/335805/6419762.jpg,https://www.youtube.com/watch?v=1ZdWFeUiW78
S2017E53,IN_SCOPE,2017-11-13,,False,,CE JEU TE REND FOU !,CE JEU TE REND FOU !,True,OK,mpQ0KZe_S5I,7:14,10,7,False,,MISSING_IMAGE,,https://www.youtube.com/watch?v=mpQ0KZe_S5I
S2017E52,IN_SCOPE,2017-11-06,,False,,FAIRE UN BEAT AVEC DES TANKS ! (Ft. AMIXEM),FAIRE UN BEAT AVEC DES TANKS ! (Ft. AMIXEM),True,OK,bCpSr00NL3Q,12:12,10,12,False,,CONFIRMED_OFFICIAL_THUMBNAIL,https://artworks.thetvdb.com/banners/episodes/335805/6398814.jpg,https://www.youtube.com/watch?v=bCpSr00NL3Q
S2017E51,IN_SCOPE,2017-10-28,,False,,LES PIRES CHANSONS #3,LES PIRES CHANSONS #3,True,OK,Dl50q7ldpIM,10:52,10,11,False,,CONFIRMED_OFFICIAL_THUMBNAIL,https://artworks.thetvdb.com/banners/episodes/335805/6385533.jpg,https://www.youtube.com/watch?v=Dl50q7ldpIM
S2017E50,IN_SCOPE,2017-10-20,,False,,JE FAIS CHANTER GOOGLE TRADUCTION !,JE FAIS CHANTER GOOGLE TRADUCTION !,True,OK,iLLx7Fj5RBM,7:15,10,7,False,,MISSING_IMAGE,,https://www.youtube.com/watch?v=iLLx7Fj5RBM
S2017E49,IN_SCOPE,2017-10-13,,False,,FAIRE UN BEAT AVEC... DES MEDOC !,FAIRE UN BEAT AVEC... DES MEDOC !,True,OK,SxqePhbbqFc,4:08,10,4,False,,CONFIRMED_OFFICIAL_THUMBNAIL,https://artworks.thetvdb.com/banners/episodes/335805/6360886.jpg,https://www.youtube.com/watch?v=SxqePhbbqFc
S2017E47,IN_SCOPE,2017-09-29,,False,,NISKA - BOBO (PARODIE),NISKA - BOBO (PARODIE),True,OK,Xc8g-XELrFY,3:23,10,3,False,,MISSING_IMAGE,,https://www.youtube.com/watch?v=Xc8g-XELrFY
S2017E45,IN_SCOPE,2017-09-15,,False,,MES PIRES MUSIQUES...,MES PIRES MUSIQUES...,True,OK,iL1hS2ArmA4,10:50,10,11,False,,CONFIRMED_OFFICIAL_THUMBNAIL,https://artworks.thetvdb.com/banners/episodes/335805/6342955.jpg,https://www.youtube.com/watch?v=iL1hS2ArmA4
S2017E44,IN_SCOPE,2017-09-08,,False,,CE JEU EST BEAUCOUP TROP DRÔLE !,CE JEU EST BEAUCOUP TROP DRÔLE !,True,OK,09dGdkTiJiI,11:45,10,12,False,,CONFIRMED_OFFICIAL_THUMBNAIL,https://artworks.thetvdb.com/banners/episodes/335805/6342954.jpg,https://www.youtube.com/watch?v=09dGdkTiJiI
S2017E42,IN_SCOPE,2017-08-27,,False,,FAIRE UN BEAT AVEC... UNE VOITURE !,FAIRE UN BEAT AVEC... UNE VOITURE !,True,OK,CUNgyGncvYQ,5:44,10,6,False,,CONFIRMED_OFFICIAL_THUMBNAIL,https://artworks.thetvdb.com/banners/episodes/335805/6342952.jpg,https://www.youtube.com/watch?v=CUNgyGncvYQ
S2017E41,IN_SCOPE,2017-08-19,,False,,VOS QUESTIONS GÊNANTES...,VOS QUESTIONS GÊNANTES...,True,OK,JDYvZxewN4A,8:20,10,8,False,,CONFIRMED_OFFICIAL_THUMBNAIL,https://artworks.thetvdb.com/banners/episodes/335805/6342951.jpg,https://www.youtube.com/watch?v=JDYvZxewN4A
S2017E38,IN_SCOPE,2017-07-29,,False,,LES PIRES CHANSONS #2,LES PIRES CHANSONS #2,True,OK,PbE61YArEh0,10:02,10,10,True,,CONFIRMED_OFFICIAL_THUMBNAIL,https://artworks.thetvdb.com/banners/episodes/335805/6342948.jpg,https://www.youtube.com/watch?v=PbE61YArEh0
S2017E37,IN_SCOPE,2017-07-22,,False,,YOUTUNES - Y FAIT CHAUD DANS LE CIEL (CLIP),YOUTUNES - Y FAIT CHAUD DANS LE CIEL (CLIP),True,OK,jVXsSqKFRkY,3:01,10,3,False,,MISSING_IMAGE,,https://www.youtube.com/watch?v=jVXsSqKFRkY
S2017E36,IN_SCOPE,2017-07-11,,False,,J'AI FAIT RAPPER PEWDIEPIE !,J'AI FAIT RAPPER PEWDIEPIE !,True,OK,xX0iR550jLM,3:36,10,4,False,,MISSING_IMAGE,,https://www.youtube.com/watch?v=xX0iR550jLM
S2017E35,IN_SCOPE,2017-07-07,,False,,LE CASQUE LE PLUS CHER DU MONDE ! (55 000€),LE CASQUE LE PLUS CHER DU MONDE ! (55 000€),True,OK,jHNkQ03CkME,8:51,10,9,False,,CONFIRMED_OFFICIAL_THUMBNAIL,https://artworks.thetvdb.com/banners/episodes/335805/6342945.jpg,https://www.youtube.com/watch?v=jHNkQ03CkME
S2017E33,IN_SCOPE,2017-06-24,,False,,AMIXEM ME PRANK ! (JE DECIDE DE CONTINUER À VIVRE),AMIXEM ME PRANK ! (JE DECIDE DE CONTINUER À VIVRE),True,OK,jNkdJJhouso,9:02,10,9,False,,MISSING_IMAGE,,https://www.youtube.com/watch?v=jNkdJJhouso
S2017E32,IN_SCOPE,2017-06-21,,False,,CETTE CHAMBRE PEUT TE RENDRE FOU !,CETTE CHAMBRE PEUT TE RENDRE FOU !,True,OK,NBWFyeSgydQ,10:24,10,10,True,,CONFIRMED_OFFICIAL_THUMBNAIL,https://artworks.thetvdb.com/banners/episodes/335805/6342942.jpg,https://www.youtube.com/watch?v=NBWFyeSgydQ
S2017E31,IN_SCOPE,2017-06-15,,False,,FAIRE UN BEAT AVEC... UN HAND SPINNER !,FAIRE UN BEAT AVEC... UN HAND SPINNER !,True,OK,X8USGzRRhfw,4:39,10,5,False,,MISSING_IMAGE,,https://www.youtube.com/watch?v=X8USGzRRhfw
S2017E30,IN_SCOPE,2017-06-06,,False,,LUIS FONSI - J'VAIS VOUS PECHO (PARODIE),LUIS FONSI - J'VAIS VOUS PECHO (PARODIE),True,OK,rBPrIwwMYAw,3:02,10,3,False,,MISSING_IMAGE,,https://www.youtube.com/watch?v=rBPrIwwMYAw
S2017E29,IN_SCOPE,2017-06-02,,False,,YOUTUNES - DOUBLE CIAO Ft BONEZI (CLIP),YOUTUNES - DOUBLE CIAO Ft  BONEZI (CLIP),False,COSMETIC_EXACTNESS,H95GSdCZWCE,2:07,10,2,False,,MISSING_IMAGE,,https://www.youtube.com/watch?v=H95GSdCZWCE
S2017E27,IN_SCOPE,2017-05-29,,False,,JE REMIXE VOS IDÉES !,JE REMIXE VOS IDÉES !,True,OK,vDTr4wGhdbE,6:00,10,6,False,,CONFIRMED_OFFICIAL_THUMBNAIL,https://artworks.thetvdb.com/banners/episodes/335805/6342925.jpg,https://www.youtube.com/watch?v=vDTr4wGhdbE
S2017E24,IN_SCOPE,2017-05-08,,False,,LES MEILLEURS RAPPEURS DE YOUTUBE !,LES MEILLEURS RAPPEURS DE YOUTUBE !,True,OK,s5gGAelZWPk,10:38,10,11,False,,CONFIRMED_OFFICIAL_THUMBNAIL,https://artworks.thetvdb.com/banners/episodes/335805/6342921.jpg,https://www.youtube.com/watch?v=s5gGAelZWPk
S2017E23,IN_SCOPE,2017-05-01,,False,,JE FAIS CHANTER 13 YOUTUBEURS ! (REMIX),JE FAIS CHANTER 13 YOUTUBEURS ! (REMIX),True,OK,tGufW8H-Nk0,2:12,10,2,False,,MISSING_IMAGE,,https://www.youtube.com/watch?v=tGufW8H-Nk0
S2017E22,IN_SCOPE,2017-04-24,,False,,LES PIRES CHANSONS !,LES PIRES CHANSONS !,True,OK,6ijQ_exzIfU,10:11,10,10,True,,CONFIRMED_OFFICIAL_THUMBNAIL,https://artworks.thetvdb.com/banners/episodes/335805/6342917.jpg,https://www.youtube.com/watch?v=6ijQ_exzIfU
S2017E21,IN_SCOPE,2017-04-17,,False,,J'AI RENCONTRÉ YOUSSOUPHA !,J'AI RENCONTRÉ YOUSSOUPHA !,True,OK,I98ru7UIRqI,15:25,10,15,False,,MISSING_IMAGE,,https://www.youtube.com/watch?v=I98ru7UIRqI
S2017E20,IN_SCOPE,2017-04-10,,False,,ILS JUGENT MES VIDEOS !,ILS JUGENT MES VIDEOS !,True,OK,HOmd4mYroig,8:04,10,8,False,,MISSING_IMAGE,,https://www.youtube.com/watch?v=HOmd4mYroig
S2017E18,IN_SCOPE,2017-03-28,,False,,MC FLY & CARLITO Ft FLOBER - CA M'INTERESSE PAS ! (REMIX),MC FLY & CARLITO Ft FLOBER - CA M'INTERESSE PAS ! (REMIX),True,OK,5XUzzH7Io3Y,2:28,10,2,False,,MISSING_IMAGE,,https://www.youtube.com/watch?v=5XUzzH7Io3Y
S2017E17,IN_SCOPE,2017-03-18,,False,,ON CHANTE EN IMPRO AVEC DE L'AUTOTUNE !,ON CHANTE EN IMPRO AVEC DE L'AUTOTUNE !,True,OK,jEwsneWOOuM,7:57,10,8,False,,MISSING_IMAGE,,https://www.youtube.com/watch?v=jEwsneWOOuM
S2017E16,IN_SCOPE,2017-03-14,,False,,FAIRE UN BEAT AVEC... DU PAPIER,FAIRE UN BEAT AVEC... DU PAPIER,True,OK,UiVBadwjci4,4:42,10,5,False,,MISSING_IMAGE,,https://www.youtube.com/watch?v=UiVBadwjci4
S2017E15,IN_SCOPE,2017-03-06,,False,,AMIXEM - LES PIRES INSTRUMENTS (REMIX),AMIXEM - LES PIRES INSTRUMENTS (REMIX),True,OK,UIBBXjmdMew,4:17,10,4,False,,MISSING_IMAGE,,https://www.youtube.com/watch?v=UIBBXjmdMew
S2017E14,IN_SCOPE,2017-03-01,,False,,CE CHAT EST UNE MUSIQUE !,CE CHAT EST UNE MUSIQUE !,True,OK,pB-7dTUJUB8,3:45,10,4,False,,CONFIRMED_OFFICIAL_THUMBNAIL,https://artworks.thetvdb.com/banners/episodes/335805/6342907.jpg,https://www.youtube.com/watch?v=pB-7dTUJUB8
S2017E13,IN_SCOPE,2017-02-22,,False,,KEBLACK - MAQUILLÉE (PARODIE),KEBLACK - MAQUILLÉE (PARODIE),True,OK,GayXNrb-TK4,2:50,10,3,False,,MISSING_IMAGE,,https://www.youtube.com/watch?v=GayXNrb-TK4
S2017E12,IN_SCOPE,2017-02-16,,False,,J'AI MALTRAITÉ CET ENFANT ! (REMIX),J'AI MALTRAITÉ CET ENFANT ! (REMIX),True,OK,38Rk-eVzcbM,3:05,10,3,False,,CONFIRMED_OFFICIAL_THUMBNAIL,https://artworks.thetvdb.com/banners/episodes/335805/6342904.jpg,https://www.youtube.com/watch?v=38Rk-eVzcbM
S2017E11,IN_SCOPE,2017-02-11,,False,,COMMENT FAIRE UN HIT ?,COMMENT FAIRE UN HIT ?,True,OK,fGJ5Oe096Rk,10:43,10,11,False,,CONFIRMED_OFFICIAL_THUMBNAIL,https://artworks.thetvdb.com/banners/episodes/335805/6342903.jpg,https://www.youtube.com/watch?v=fGJ5Oe096Rk
S2017E09,IN_SCOPE,2017-02-06,,False,,FAIRE UN BEAT AVEC... UNE GUITARE !,FAIRE UN BEAT AVEC... UNE GUITARE !,True,OK,DEPgLb0WW6Y,3:59,10,4,False,,MISSING_IMAGE,,https://www.youtube.com/watch?v=DEPgLb0WW6Y
S2017E08,IN_SCOPE,2017-02-02,,False,,FAROD - LE JEU A PLANTÉ ! (REMIX),FAROD - LE JEU A PLANTÉ ! (REMIX),True,OK,zPUW-V677lw,2:21,10,2,False,,MISSING_IMAGE,,https://www.youtube.com/watch?v=zPUW-V677lw
S2017E07,IN_SCOPE,2017-01-30,,False,,J'AI BESOIN DE VOUS ! (ANNONCE VIDEO 300K),J'AI BESOIN DE VOUS ! (ANNONCE VIDEO 300K),True,OK,zWxrakJHGdI,1:15,10,1,False,,CONFIRMED_OFFICIAL_THUMBNAIL,https://artworks.thetvdb.com/banners/episodes/335805/6342880.jpg,https://www.youtube.com/watch?v=zWxrakJHGdI
S2017E06,IN_SCOPE,2017-01-26,,False,,FAIRE UN BEAT AVEC... YOUTUBE !,FAIRE UN BEAT AVEC... YOUTUBE !,True,OK,6ClPXK2k-gU,7:15,10,7,False,,MISSING_IMAGE,,https://www.youtube.com/watch?v=6ClPXK2k-gU
S2017E05,IN_SCOPE,2017-01-21,,False,,FAIRE UN BEAT AVEC... UN VERRE !,FAIRE UN BEAT AVEC... UN VERRE !,True,OK,7n0e-2vjvVk,2:57,10,3,False,,MISSING_IMAGE,,https://www.youtube.com/watch?v=7n0e-2vjvVk
S2017E03,IN_SCOPE,2017-01-13,,False,,PANORMAL - HEWEW (REMIX),PANORMAL - HEWEW (REMIX),True,OK,N7IkGehW6eE,2:29,10,2,False,,MISSING_IMAGE,,https://www.youtube.com/watch?v=N7IkGehW6eE
S2017E02,IN_SCOPE,2017-01-09,,False,,LE BOTTLE FLIP CHALLENGE LE PLUS LONG DU MONDE !,LE BOTTLE FLIP CHALLENGE LE PLUS LONG DU MONDE !,True,OK,OcupZA_om5w,10:11,10,10,True,,CONFIRMED_OFFICIAL_THUMBNAIL,https://artworks.thetvdb.com/banners/episodes/335805/6342812.jpg,https://www.youtube.com/watch?v=OcupZA_om5w
S2017E01,IN_SCOPE,2017-01-01,,False,,ON A FAIT UN CLIP AVEC TAUPE 10 !,ON A FAIT UN CLIP AVEC TAUPE 10 !,True,OK,YwZLDATiapE,10:46,10,11,False,,CONFIRMED_OFFICIAL_THUMBNAIL,https://artworks.thetvdb.com/banners/episodes/335805/6342814.jpg,https://www.youtube.com/watch?v=YwZLDATiapE
S2016E38,IN_SCOPE,2016-12-29,,False,,JE FAIS DANSER 100.000 PERSONNES !,JE FAIS DANSER 100.000 PERSONNES !,True,OK,XefPEgQBZLA,7:24,10,7,False,season finale,MISSING_IMAGE,,https://www.youtube.com/watch?v=XefPEgQBZLA
S2016E36,IN_SCOPE,2016-12-20,,False,,"SQUEEZIE, IBRA TV, SUPERKONAR - POCE BLO (REMIX)","SQUEEZIE, IBRA TV, SUPERKONAR - POCE BLO (REMIX)",True,OK,w3RjWUHOcZs,2:15,10,2,False,,CONFIRMED_OFFICIAL_THUMBNAIL,https://artworks.thetvdb.com/banners/episodes/335805/6342800.jpg,https://www.youtube.com/watch?v=w3RjWUHOcZs
S2016E35,IN_SCOPE,2016-12-16,,False,,PARODIE TOP 5 DES CLIPS DE NOËL !,PARODIE TOP 5 DES CLIPS DE NOËL !,True,OK,5vSasqSX90g,6:29,10,6,False,,CONFIRMED_OFFICIAL_THUMBNAIL,https://artworks.thetvdb.com/banners/episodes/335805/6342796.jpg,https://www.youtube.com/watch?v=5vSasqSX90g
S2016E34,IN_SCOPE,2016-12-09,,False,,PNL & SCH - GESTES DE PREMIERS SECOURS ( PARODIE ),PNL & SCH - GESTES DE PREMIERS SECOURS ( PARODIE ),True,OK,aIHPx6GjEo4,3:52,10,4,False,,MISSING_IMAGE,,https://www.youtube.com/watch?v=aIHPx6GjEo4
S2016E33,IN_SCOPE,2016-12-01,,False,,LA MUSIQUE QUI LIT DANS TES PENSÉES !,LA MUSIQUE QUI LIT DANS TES PENSÉES !,True,OK,kjcBI6TKASQ,2:40,10,3,False,,CONFIRMED_OFFICIAL_THUMBNAIL,https://artworks.thetvdb.com/banners/episodes/335805/6342792.jpg,https://www.youtube.com/watch?v=kjcBI6TKASQ
S2016E32,IN_SCOPE,2016-11-22,,False,,ON VISITE UNE SPA !,ON VISITE UNE SPA !,True,OK,p7NiIzO8Maw,9:55,10,10,True,,MISSING_IMAGE,,https://www.youtube.com/watch?v=p7NiIzO8Maw
S2016E31,IN_SCOPE,2016-11-18,,False,,SOPRANO - T'ES UN BEAUF (PARODIE),SOPRANO - T'ES UN BEAUF (PARODIE),True,OK,LAfLD0GPBXM,2:53,10,3,False,,MISSING_IMAGE,,https://www.youtube.com/watch?v=LAfLD0GPBXM
S2016E30,IN_SCOPE,2016-11-15,,False,,CBGAMES - OH BEBE (INSTRUMENTAL NO COPYRIGHT),CBGAMES - OH BEBE (INSTRUMENTAL NO COPYRIGHT),True,OK,XXfCTdtKDJk,3:10,10,3,False,,MISSING_IMAGE,,https://www.youtube.com/watch?v=XXfCTdtKDJk
S2016E29,IN_SCOPE,2016-11-08,,False,,CBGAMES - OH BÉBÉ (REMIX),CBGAMES - OH BÉBÉ (REMIX),True,OK,b65vzV698os,3:19,10,3,False,,MISSING_IMAGE,,https://www.youtube.com/watch?v=b65vzV698os
S2016E28,IN_SCOPE,2016-11-01,,False,,YOUTUNES - MY LITTLE WORLD (NO COPYRIGHT),YOUTUNES - MY LITTLE WORLD (NO COPYRIGHT),True,OK,fKKD5G8Blvo,3:18,10,3,False,,MISSING_IMAGE,,https://www.youtube.com/watch?v=fKKD5G8Blvo
S2016E27,IN_SCOPE,2016-10-25,,False,,JE FAIS DU YOUTUBE DRAMA !,JE FAIS DU YOUTUBE DRAMA !,True,OK,Yu092kgt8pE,3:45,10,4,False,,MISSING_IMAGE,,https://www.youtube.com/watch?v=Yu092kgt8pE
S2016E26,IN_SCOPE,2016-10-21,,False,,MATHIEU SOMMET - ILS SONT COOLS (INSTRUMENTAL),MATHIEU SOMMET - ILS SONT COOLS (INSTRUMENTAL),True,OK,xXbwja9LI5g,3:26,10,3,False,,MISSING_IMAGE,,https://www.youtube.com/watch?v=xXbwja9LI5g
S2016E25,IN_SCOPE,2016-10-18,,False,,YOUTUNES - ANUBIS (MUSIQUE NO COPYRIGHT),YOUTUNES - ANUBIS (MUSIQUE NO COPYRIGHT),True,OK,HouKo4qk1tA,3:10,10,3,False,,MISSING_IMAGE,,https://www.youtube.com/watch?v=HouKo4qk1tA
S2016E24,IN_SCOPE,2016-10-12,,False,,Pen Pineapple Apple Pen PPAP (YOUTUNES REMIX),Pen Pineapple Apple Pen PPAP (YOUTUNES REMIX),True,OK,MEz9XuHBPV4,3:20,10,3,False,,MISSING_IMAGE,,https://www.youtube.com/watch?v=MEz9XuHBPV4
S2016E23,IN_SCOPE,2016-10-10,,False,,MATHIEU SOMMET - ILS SONT COOLS (REMIX),MATHIEU SOMMET  - ILS SONT COOLS (REMIX),False,COSMETIC_EXACTNESS,xrrX4qBIQ1o,3:29,10,3,False,,MISSING_IMAGE,,https://www.youtube.com/watch?v=xrrX4qBIQ1o
S2016E22,IN_SCOPE,2016-10-04,,False,,DE LA MUSIQUE NO COPYRIGHT ? (+ ANNONCE FAQ),DE LA MUSIQUE NO COPYRIGHT ? (+ ANNONCE FAQ),True,OK,zH3rXQM_1Pg,3:27,10,3,False,,MISSING_IMAGE,,https://www.youtube.com/watch?v=zH3rXQM_1Pg
S2016E21,IN_SCOPE,2016-09-26,,False,,YOUTUNES FEAT NOU - JE VOUS ECLATE LES BITES (REMIX),YOUTUNES FEAT NOU - JE VOUS ECLATE LES BITES (REMIX),True,OK,aJcv8Pe_9rg,2:39,10,3,False,,MISSING_IMAGE,,https://www.youtube.com/watch?v=aJcv8Pe_9rg
S2016E20,IN_SCOPE,2016-09-21,,False,,NORMAN - J'AURAI DES MUSCLES (REMIX),NORMAN - J'AURAI DES MUSCLES (REMIX),True,OK,st7NoAenjqM,3:01,10,3,False,,MISSING_IMAGE,,https://www.youtube.com/watch?v=st7NoAenjqM
S2016E19,IN_SCOPE,2016-09-13,,False,,YOUTUNES - J'AIME LES CHATS (MUSIQUE),YOUTUNES - J'AIME LES CHATS (MUSIQUE),True,OK,JOfqoq3_mEE,2:11,10,2,False,,MISSING_IMAGE,,https://www.youtube.com/watch?v=JOfqoq3_mEE
S2016E18,IN_SCOPE,2016-09-10,,False,,WANKIL STUDIO - CORENTIN (INSTRUMENTAL),WANKIL STUDIO - CORENTIN (INSTRUMENTAL),True,OK,XU8Ea7luoV8,2:47,10,3,False,,MISSING_IMAGE,,https://www.youtube.com/watch?v=XU8Ea7luoV8
S2016E17,IN_SCOPE,2016-09-06,,False,,WANKIL STUDIO - CORENTIN (REMIX),WANKIL STUDIO - CORENTIN (REMIX),True,OK,-UKCyiM6EAg,2:44,10,3,False,,MISSING_IMAGE,,https://www.youtube.com/watch?v=-UKCyiM6EAg
S2016E16,IN_SCOPE,2016-08-23,,False,,QUI EST YOUTUNES ?,QUI EST YOUTUNES ?,True,OK,1MlwYaH5OYg,4:14,10,4,False,,MISSING_IMAGE,,https://www.youtube.com/watch?v=1MlwYaH5OYg
S2016E15,IN_SCOPE,2016-08-17,,False,,FULL METAL JACKET - MON CUL (REMIX),FULL METAL JACKET - MON CUL (REMIX),True,OK,t3CYIm1JjLw,2:26,10,2,False,,MISSING_IMAGE,,https://www.youtube.com/watch?v=t3CYIm1JjLw
S2016E14,IN_SCOPE,2016-08-04,,False,,YOUTUNES - RAP POKEMON GO (MUSIQUE),YOUTUNES - RAP POKEMON GO (MUSIQUE),True,OK,mCy_QUWfadI,2:50,10,3,False,,MISSING_IMAGE,,https://www.youtube.com/watch?v=mCy_QUWfadI
S2016E13,IN_SCOPE,2016-07-23,,False,,SUP3RKONAR - MON HOMME IDEAL (REMIX),SUP3RKONAR - MON HOMME IDEAL (REMIX),True,OK,Vi8U9TQ_Ab4,2:53,10,3,False,,MISSING_IMAGE,,https://www.youtube.com/watch?v=Vi8U9TQ_Ab4
S2016E12,IN_SCOPE,2016-07-12,,False,,TIBO INSHAPE - ENORME ET SECHE ! (REMIX),TIBO INSHAPE - ENORME ET SECHE ! (REMIX),True,OK,In5MNx1sicc,2:24,10,2,False,,MISSING_IMAGE,,https://www.youtube.com/watch?v=In5MNx1sicc
S2016E11,IN_SCOPE,2016-07-05,,False,,YOUTUNES - QUAND TU PARS PAS EN VACANCES (MUSIQUE),YOUTUNES - QUAND TU PARS PAS EN VACANCES (MUSIQUE),True,OK,iyRbE0ZLxMA,3:07,10,3,False,,MISSING_IMAGE,,https://www.youtube.com/watch?v=iyRbE0ZLxMA
S2016E10,IN_SCOPE,2016-07-01,,False,,YOUTUNES - 100.000 ABONNES ! (REMIX),YOUTUNES - 100.000 ABONNES ! (REMIX),True,OK,bNxPJav5NfY,6:31,10,7,False,,MISSING_IMAGE,,https://www.youtube.com/watch?v=bNxPJav5NfY
S2016E09,IN_SCOPE,2016-06-28,,False,,LE BLED'ART - LA MERGUEZ ACADEMY (REMIX),LE BLED'ART - LA MERGUEZ ACADEMY (REMIX),True,OK,T3gSMb16do8,2:46,10,3,False,,MISSING_IMAGE,,https://www.youtube.com/watch?v=T3gSMb16do8
S2016E08,IN_SCOPE,2016-06-25,,False,,FAQ #2 - QUESTIONS + ANNONCE VIDEO SPECIALE,FAQ #2 - QUESTIONS + ANNONCE VIDEO SPECIALE,True,OK,Iox5y3Ry0Gg,6:23,10,6,False,,MISSING_IMAGE,,https://www.youtube.com/watch?v=Iox5y3Ry0Gg
S2016E07,IN_SCOPE,2016-06-21,,False,,ANTOINE DANIEL - LE BOSS FINAL DES INTERNETS (REMIX),ANTOINE DANIEL - LE BOSS FINAL DES INTERNETS (REMIX),True,OK,cfTjxh5J6qU,3:23,10,3,False,,MISSING_IMAGE,,https://www.youtube.com/watch?v=cfTjxh5J6qU
S2016E06,IN_SCOPE,2016-06-14,,False,,AMIXEM - AMIXEM DIE PIE (REMIX),AMIXEM - AMIXEM DIE PIE (REMIX),True,OK,Ck7cT5t0I68,2:10,10,2,False,,MISSING_IMAGE,,https://www.youtube.com/watch?v=Ck7cT5t0I68
S2016E05,IN_SCOPE,2016-06-10,,False,,YOUTUNES - MA PREMIERE FAQ + REACTION,YOUTUNES - MA PREMIERE FAQ + REACTION,True,OK,BexGaGbXB4Q,7:48,10,8,False,,MISSING_IMAGE,,https://www.youtube.com/watch?v=BexGaGbXB4Q
S2016E04,IN_SCOPE,2016-06-07,,False,,PASCAL & RICHARD - MAMAN (REMIX),PASCAL & RICHARD - MAMAN (REMIX),True,OK,we3r6hO0Lqw,1:58,2,2,True,,MISSING_IMAGE,,https://www.youtube.com/watch?v=we3r6hO0Lqw
S2016E03,IN_SCOPE,2016-06-01,,False,,SQUEEZIE - CE PETIT COTE KAWAII (REMIX),SQUEEZIE  - CE PETIT COTE KAWAII (REMIX),False,COSMETIC_EXACTNESS,NIKPZS3ji8M,1:52,10,2,False,,MISSING_IMAGE,,https://www.youtube.com/watch?v=NIKPZS3ji8M
S2016E02,IN_SCOPE,2016-05-26,,False,,CYPRIEN - WILLIAM EST GENTIL (REMIX),CYPRIEN - WILLIAM EST GENTIL (REMIX),True,OK,qyfTF1UHX3M,2:16,2,2,True,,MISSING_IMAGE,,https://www.youtube.com/watch?v=qyfTF1UHX3M
S2016E01,IN_SCOPE,2016-05-24,,False,,MANUEL VALLS - NOUS L'ASSUMONS // LOI TRAVAIL (REMIX),MANUEL VALLS - NOUS L'ASSUMONS // LOI TRAVAIL (REMIX),True,OK,wM3jVu71SXk,2:16,2,2,True,,MISSING_IMAGE,,https://www.youtube.com/watch?v=wM3jVu71SXk
