code,reference_scope,tvdb_date,youtube_date,date_verified,date_exact,tvdb_title,youtube_title,title_exact,title_status,youtube_id,youtube_duration,tvdb_runtime_minutes,expected_runtime_minutes,runtime_exact,season_flag,image_status,tvdb_artwork,youtube_url
S2026E39,AFTER_REFERENCE,2026-09-30,,False,,LES PIRES BOULETTES AU TRAVAIL ! #4 (ça a mal tourné...),LES PIRES BOULETTES AU TRAVAIL ! #4 (ça a mal tourné...),True,OK,eIp9I2RwmK0,24:59,25,25,True,,MISSING_IMAGE,,https://www.youtube.com/watch?v=eIp9I2RwmK0
S2026E38,AFTER_REFERENCE,2026-09-27,,False,,J'ai acheté tous les objets AMAZON avec ZÉRO AVIS ‘ #3,J'ai acheté tous les objets AMAZON avec ZÉRO AVIS  #3,False,PUNCTUATION_EMOJI_EXACTNESS,zr8xc870_2o,22:59,25,23,False,,MISSING_IMAGE,,https://www.youtube.com/watch?v=zr8xc870_2o
S2026E37,AFTER_REFERENCE,2026-09-20,,False,,J’ai acheté tous les objets des pubs TikTok #7,J’ai acheté tous les objets des pubs TikTok #7 ,True,OK,IUn6P8RSsOg,40:51,41,41,True,,MISSING_IMAGE,,https://www.youtube.com/watch?v=IUn6P8RSsOg
S2026E36,AFTER_REFERENCE,2026-09-13,,False,,ON MANGE 50 ALIMENTS DE LUXE (et on les juge) #2,ON MANGE 50 ALIMENTS DE LUXE (et on les juge) #2,True,OK,lOR96LbTMp4,1:04:42,65,65,True,,MISSING_IMAGE,,https://www.youtube.com/watch?v=lOR96LbTMp4
S2026E35,IN_SCOPE,2026-09-06,,False,,LES PIRES MOTS DANS LE CARNET ! #12,LES PIRES MOTS DANS LE CARNET ! #12,True,OK,9q9NJvRDzzM,25:08,25,25,True,,MISSING_IMAGE,,https://www.youtube.com/watch?v=9q9NJvRDzzM
S2026E34,IN_SCOPE,2026-08-30,,False,,JE VISITE LES 3 LIEUX LES + INTERDITS de FRANCE !,JE VISITE LES 3 LIEUX LES + INTERDITS de FRANCE !,True,OK,l1bW68QJMUI,47:32,47,48,False,,MISSING_IMAGE,,https://www.youtube.com/watch?v=l1bW68QJMUI
S2026E33,IN_SCOPE,2026-08-16,,False,,1000 COUCHES DE ROCHES (on s’évade de notre prison),1000 COUCHES DE ROCHES (on s’évade de notre prison) ,True,OK,UMPJEUeo3Og,45:31,45,46,False,,MISSING_IMAGE,,https://www.youtube.com/watch?v=UMPJEUeo3Og
S2026E32,IN_SCOPE,2026-08-02,,False,,On juge 50 SOSIES ! avec Mcfly et Carlito #4,On juge 50 SOSIES ! avec Mcfly et Carlito #4,True,OK,qcADaHopkKM,1:15:11,76,75,False,,MISSING_IMAGE,,https://www.youtube.com/watch?v=qcADaHopkKM
S2026E31,IN_SCOPE,2026-07-26,,False,,J'AI ACHETÉ UNE MAISON SUR TIKTOK (et je regrette pas),J'AI ACHETÉ UNE MAISON SUR TIKTOK (et je regrette pas),True,OK,JOUwwQPacy0,1:07:50,67,68,False,,MISSING_IMAGE,,https://www.youtube.com/watch?v=JOUwwQPacy0
S2026E30,IN_SCOPE,2026-07-19,,False,,TROUVE LA PIÈCE SECRÈTE (on a repoussé les limites) #3,TROUVE LA PIÈCE SECRÈTE (on a repoussé les limites) #3,True,OK,ZlLSp6d3CxQ,36:01,36,36,True,,MISSING_IMAGE,,https://www.youtube.com/watch?v=ZlLSp6d3CxQ
S2026E29,IN_SCOPE,2026-07-12,,False,,ON MANGE 30 PLATS DE JEUX VIDÉO (et on les juge),ON MANGE 30 PLATS DE JEUX VIDÉO (et on les juge),True,OK,0c3i5TOox3E,56:01,56,56,True,,MISSING_IMAGE,,https://www.youtube.com/watch?v=0c3i5TOox3E
S2026E28,IN_SCOPE,2026-07-05,,False,,ON SURVIT 24H DANS UNE GROTTE (avec des objets wish),ON SURVIT 24H DANS UNE GROTTE (avec des objets wish),True,OK,aoWl8F4-S_A,58:55,59,59,True,,MISSING_IMAGE,,https://www.youtube.com/watch?v=aoWl8F4-S_A
S2026E27,IN_SCOPE,2026-06-28,,False,,ON TESTE LES PROMESSES DE PUBLICITÉS #6,ON TESTE LES PROMESSES DE PUBLICITÉS #6,True,OK,T0aGmpVzFKg,32:57,33,33,True,,MISSING_IMAGE,,https://www.youtube.com/watch?v=T0aGmpVzFKg
S2026E26,IN_SCOPE,2026-06-21,,False,,ESSAYEZ DE NE PAS RÉAGIR AU CONTENU DE LA BOITE (quel bonheur),ESSAYEZ DE NE PAS RÉAGIR AU CONTENU DE LA BOITE (quel bonheur) ,True,OK,IJ69dWroZfQ,51:51,52,52,True,,MISSING_IMAGE,,https://www.youtube.com/watch?v=IJ69dWroZfQ
S2026E25,IN_SCOPE,2026-06-14,,False,,ON MANGE 30 PLATS DE 30 PAYS (et on les juge) avec Manu Payet,ON MANGE 30 PLATS DE 30 PAYS (et on les juge) avec Manu Payet,True,OK,eswzBd1Lu7k,1:04:42,64,65,False,,MISSING_IMAGE,,https://www.youtube.com/watch?v=eswzBd1Lu7k
S2026E24,IN_SCOPE,2026-06-07,,False,,ON TESTE DES TECHNOLOGIES DE FAINÉANT (édition voyage),ON TESTE DES TECHNOLOGIES DE FAINÉANT (édition voyage),True,OK,5REkznchlcs,25:05,25,25,True,,MISSING_IMAGE,,https://www.youtube.com/watch?v=5REkznchlcs
S2026E23,IN_SCOPE,2026-05-31,,False,,On vit 24H SUR UN YACHT de LUXE ! (+ cache cache de riche) #2,On vit 24H SUR UN YACHT de LUXE ! (+ cache cache de riche) #2,True,OK,_JeQ2Zwz8PQ,1:06:55,66,67,False,,MISSING_IMAGE,,https://www.youtube.com/watch?v=_JeQ2Zwz8PQ
S2026E22,IN_SCOPE,2026-05-24,,False,,ON TESTE DES EXPÉRIENCES TIKTOK EXTRÊMES #1,ON TESTE DES EXPÉRIENCES TIKTOK EXTRÊMES #1,True,OK,csco4BYu2YY,29:12,29,29,True,,MISSING_IMAGE,,https://www.youtube.com/watch?v=csco4BYu2YY
S2026E21,IN_SCOPE,2026-05-10,,False,,ON JUGE 50 IMITATEURS #3 avec Natoo,ON JUGE 50 IMITATEURS #3 avec Natoo,True,OK,qNXKZhLqk1Q,1:19:32,80,80,True,,MISSING_IMAGE,,https://www.youtube.com/watch?v=qNXKZhLqk1Q
S2026E20,IN_SCOPE,2026-05-03,,False,,ON OUVRE DES COFFRES-FORTS DE 1€ à 10000€ (le dernier est impossible),ON OUVRE DES COFFRES-FORTS DE 1€ à 10000€ (le dernier est impossible) ,True,OK,Sh8POK7p74k,42:46,42,43,False,,MISSING_IMAGE,,https://www.youtube.com/watch?v=Sh8POK7p74k
S2026E19,IN_SCOPE,2026-04-26,,False,,DEVINE QUI TU ES #3 ft. SEB,DEVINE QUI TU ES #3 ft. SEB,True,OK,kaYc1NSEtkA,1:14:35,74,75,False,,MISSING_IMAGE,,https://www.youtube.com/watch?v=kaYc1NSEtkA
S2026E18,IN_SCOPE,2026-04-19,,False,,J’AI ACHETÉ UNE FAUSSE VOITURE DE LUXE EN CHINE (contrefaçon extrême),J’AI ACHETÉ UNE FAUSSE VOITURE DE LUXE EN CHINE (contrefaçon extrême),True,OK,2VGPJMP9GM4,35:15,35,35,True,,MISSING_IMAGE,,https://www.youtube.com/watch?v=2VGPJMP9GM4
S2026E17,IN_SCOPE,2026-04-12,,False,,ON CONSTRUIT UNE MAISON EN SCOTCH (pour résister aux éléments),ON CONSTRUIT UNE MAISON EN SCOTCH (pour résister aux éléments),True,OK,9pelWEXUMHc,36:45,37,37,True,,MISSING_IMAGE,,https://www.youtube.com/watch?v=9pelWEXUMHc
S2026E16,IN_SCOPE,2026-04-08,,False,,LES PIRES METIERS DU MONDE ! (c'est hilarant),LES PIRES METIERS DU MONDE ! (c'est hilarant),True,OK,abUxjz99sYA,22:01,22,22,True,,MISSING_IMAGE,,https://www.youtube.com/watch?v=abUxjz99sYA
S2026E15,IN_SCOPE,2026-04-05,,False,,ON FAIT DU CAMPING DE LUXE (10000€ la tente c’est abusé),ON FAIT DU CAMPING DE LUXE (10000€ la tente c’est abusé) ,True,OK,owN10Yxtvck,56:12,56,56,True,,MISSING_IMAGE,,https://www.youtube.com/watch?v=owN10Yxtvck
S2026E14,IN_SCOPE,2026-03-29,,False,,ON MANGE 50 PLATS D'AFFILÉE et on les juge (édition JAPON),ON MANGE 50 PLATS D'AFFILÉE et on les juge (édition JAPON 🇯🇵),False,PUNCTUATION_EMOJI_EXACTNESS,dbeL_akwyj8,53:57,54,54,True,,MISSING_IMAGE,,https://www.youtube.com/watch?v=dbeL_akwyj8
S2026E13,IN_SCOPE,2026-03-22,,False,,"99,9% de MALAISE (on en peut plus)","99,9% de MALAISE (on en peut plus) ",True,OK,8DlLSWhbTQ4,23:50,25,24,False,,MISSING_IMAGE,,https://www.youtube.com/watch?v=8DlLSWhbTQ4
S2026E12,IN_SCOPE,2026-03-15,,False,,J'AI ACHETÉ L'ASTON MARTIN LA MOINS CHÈRE POSSIBLE !,J'AI ACHETÉ L'ASTON MARTIN LA MOINS CHÈRE POSSIBLE !,True,OK,EbBZCJKW9ds,42:16,42,42,True,,MISSING_IMAGE,,https://www.youtube.com/watch?v=EbBZCJKW9ds
S2026E11,IN_SCOPE,2026-03-08,,False,,5 SECONDES POUR SE CACHER ! (CACHE-CACHE EXPRESS),5 SECONDES POUR SE CACHER ! (CACHE-CACHE EXPRESS) ,True,OK,oby9Rj-xOb4,27:36,28,28,True,,MISSING_IMAGE,,https://www.youtube.com/watch?v=oby9Rj-xOb4
S2026E10,IN_SCOPE,2026-03-01,,False,,ON MANGE 73 PETITS-DÉJ D'AFFILÉE (et on les juge)(on va se recoucher),ON MANGE 73 PETITS-DÉJ D'AFFILÉE (et on les juge)(on va se recoucher),True,OK,F8NpbQ3YOjA,39:16,39,39,True,,MISSING_IMAGE,,https://www.youtube.com/watch?v=F8NpbQ3YOjA
S2026E09,IN_SCOPE,2026-02-22,,False,,On a construit le LEGO PIRATES DES CARAÏBES sans dormir ! (Un calvaire),On a construit le LEGO PIRATES DES CARAÏBES sans dormir ! (Un calvaire),True,OK,cTsONdoPgiU,1:04:52,66,65,False,,MISSING_IMAGE,,https://www.youtube.com/watch?v=cTsONdoPgiU
S2026E08,IN_SCOPE,2026-02-15,,False,,24H BLOQUÉS DANS LA GLACE EN ARCTIQUE ❄️,24H BLOQUÉS DANS LA GLACE EN ARCTIQUE ❄️ ,True,OK,JJcKDAMb27k,1:14:07,74,74,True,,MISSING_IMAGE,,https://www.youtube.com/watch?v=JJcKDAMb27k
S2026E07,IN_SCOPE,2026-02-08,,False,,ON TESTE LES PROMESSES DES PUBLICITÉS #5,ON TESTE LES PROMESSES DES PUBLICITÉS #5 ,True,OK,jAgY29pxqq0,30:05,30,30,True,,MISSING_IMAGE,,https://www.youtube.com/watch?v=jAgY29pxqq0
S2026E06,IN_SCOPE,2026-02-01,,False,,J’ai acheté tous les objets des pubs TikTok #6 (exceptionnel),J’ai acheté tous les objets des pubs TikTok #6 (exceptionnel) ,True,OK,pTScjrH_R1s,40:38,40,41,False,,MISSING_IMAGE,,https://www.youtube.com/watch?v=pTScjrH_R1s
S2026E05,IN_SCOPE,2026-01-25,,False,,ON JUGE 50 TALENTS ! avec Pierre Niney,ON JUGE 50 TALENTS ! avec Pierre Niney ,True,OK,Aib1DMKtjUI,1:09:17,69,69,True,,MISSING_IMAGE,,https://www.youtube.com/watch?v=Aib1DMKtjUI
S2026E04,IN_SCOPE,2026-01-21,,False,,100H SUR LE TOURNAGE LE PLUS FOU DE MA VIE ! avec Thomas,100H SUR LE TOURNAGE LE PLUS FOU DE MA VIE ! avec Thomas,True,OK,XCBwjdhLJ-c,25:42,25,26,False,,MISSING_IMAGE,,https://www.youtube.com/watch?v=XCBwjdhLJ-c
S2026E03,IN_SCOPE,2026-01-18,,False,,ON TESTE DES TECHNOLOGIES DE LUXE ! (on est outrés),ON TESTE DES TECHNOLOGIES DE LUXE ! (on est outrés),True,OK,KSoC_5pS774,23:16,23,23,True,,MISSING_IMAGE,,https://www.youtube.com/watch?v=KSoC_5pS774
S2026E02,IN_SCOPE,2026-01-11,,False,,24H SUR UN BATEAU CARGO (en pleine mer),24H SUR UN BATEAU CARGO (en pleine mer),True,OK,MA3sYmP_oos,53:46,53,54,False,,MISSING_IMAGE,,https://www.youtube.com/watch?v=MA3sYmP_oos
S2026E01,IN_SCOPE,2026-01-04,,False,,ON OUVRE DES VALISES PERDUES #1 (y’a des choses incroyables),ON OUVRE DES VALISES PERDUES #1 (y’a des choses incroyables),True,OK,49-XYtD3OD8,35:03,35,35,True,,MISSING_IMAGE,,https://www.youtube.com/watch?v=49-XYtD3OD8
S2025E51,IN_SCOPE,2025-12-21,,False,,ÉTOILÉ ou SURGELÉ ? (le jeu de dégustation IMPOSSIBLE) #7,ÉTOILÉ ou SURGELÉ ? (le jeu de dégustation IMPOSSIBLE) #7,True,OK,kdyvIN4OYvE,30:34,30,31,False,season finale,MISSING_IMAGE,,https://www.youtube.com/watch?v=kdyvIN4OYvE
S2025E50,IN_SCOPE,2025-12-14,,False,,CACHE-CACHE ÉDITION CAMOUFLAGE EXTRÊME #6,CACHE-CACHE ÉDITION CAMOUFLAGE EXTRÊME #6,True,OK,FwXHwv6nKg0,28:27,28,28,True,,MISSING_IMAGE,,https://www.youtube.com/watch?v=FwXHwv6nKg0
S2025E49,IN_SCOPE,2025-12-07,,False,,ON MANGE 50 FAST-FOOD (on sue du gras) ft. @Joyca,ON MANGE 50 FAST-FOOD (on sue du gras) ft. @Joyca,True,OK,kVytYhsFwiU,50:18,50,50,True,,MISSING_IMAGE,,https://www.youtube.com/watch?v=kVytYhsFwiU
S2025E48,IN_SCOPE,2025-11-30,,False,,PRISON DE GLACE VS PRISON DE BRIQUES : qui s'évadera en premier ?,PRISON DE GLACE VS PRISON DE BRIQUES : qui s'évadera en premier ?,True,OK,OEeLMA3c3Fw,39:07,39,39,True,,MISSING_IMAGE,,https://www.youtube.com/watch?v=OEeLMA3c3Fw
S2025E47,IN_SCOPE,2025-11-23,,False,,DEVINE QUI TU ES #2 ft. Natoo,DEVINE QUI TU ES #2 ft. Natoo ,True,OK,bVfFdo1YNqA,56:50,57,57,True,,MISSING_IMAGE,,https://www.youtube.com/watch?v=bVfFdo1YNqA
S2025E46,IN_SCOPE,2025-11-16,,False,,J'ai acheté les objets AMAZON avec ZÉRO AVIS ! #2 (n'achetez pas ça),J'ai acheté les objets AMAZON avec ZÉRO AVIS ! #2 (n'achetez pas ça),True,OK,i0JfYTAsyWA,24:20,24,24,True,,MISSING_IMAGE,,https://www.youtube.com/watch?v=i0JfYTAsyWA
S2025E45,IN_SCOPE,2025-11-09,,False,,ON JUGE 50 IMITATEURS ! #2 avec Camille Combal,ON JUGE 50 IMITATEURS ! #2 avec Camille Combal,True,OK,b92mFqE8afs,1:04:47,65,65,True,,MISSING_IMAGE,,https://www.youtube.com/watch?v=b92mFqE8afs
S2025E44,IN_SCOPE,2025-11-06,,False,,LES PIRES COMPTES TIKTOK ! (c’est génial),LES PIRES COMPTES TIKTOK ! (c’est génial),True,OK,J0WDXogQCAI,21:38,21,22,False,,MISSING_IMAGE,,https://www.youtube.com/watch?v=J0WDXogQCAI
S2025E43,IN_SCOPE,2025-11-02,,False,,ON EXPLORE LES LIEUX LES PLUS HANTÉS DE FRANCE (ft. LE GRAND JD),ON EXPLORE LES LIEUX LES PLUS HANTÉS DE FRANCE (ft. LE GRAND JD),True,OK,yn7bDCKYqO0,1:07:27,67,67,True,,MISSING_IMAGE,,https://www.youtube.com/watch?v=yn7bDCKYqO0
S2025E42,IN_SCOPE,2025-10-29,,False,,"Y'avait 0,01% de chance que ça arrive (et c'est génial)","Y'avait 0,01% de chance que ça arrive (et c'est génial)",True,OK,YaCLo70lmRo,17:18,17,17,True,,MISSING_IMAGE,,https://www.youtube.com/watch?v=YaCLo70lmRo
S2025E41,IN_SCOPE,2025-10-26,,False,,LES PIRES VIDÉOS DE CAMÉRA DE SURVEILLANCE (édition paranormale),LES PIRES VIDÉOS DE CAMÉRA DE SURVEILLANCE (édition paranormale) ,True,OK,YABSbz9S3K8,24:41,24,25,False,,MISSING_IMAGE,,https://www.youtube.com/watch?v=YABSbz9S3K8
S2025E40,IN_SCOPE,2025-10-19,,False,,ON TESTE 50 TECHNOLOGIES OUBLIÉES (certaines sont folles),ON TESTE 50 TECHNOLOGIES OUBLIÉES (certaines sont folles),True,OK,nlgFRLWHmGw,53:05,53,53,True,,MISSING_IMAGE,,https://www.youtube.com/watch?v=nlgFRLWHmGw
S2025E39,IN_SCOPE,2025-10-12,,False,,ON CONSTRUIT UNE VILLA EN CARTON ! (pour résister aux éléments extrêmes),ON CONSTRUIT UNE VILLA EN CARTON ! (pour résister aux éléments extrêmes),True,OK,1KhPXq3k45A,43:55,44,44,True,,MISSING_IMAGE,,https://www.youtube.com/watch?v=1KhPXq3k45A
S2025E38,IN_SCOPE,2025-10-05,,False,,J’ai acheté tous les objets des pubs TikTok #5 (c'est hilarant),J’ai acheté tous les objets des pubs TikTok #5 (c'est hilarant),True,OK,zw36YPoWVBs,32:12,32,32,True,,MISSING_IMAGE,,https://www.youtube.com/watch?v=zw36YPoWVBs
S2025E37,IN_SCOPE,2025-09-28,,False,,ON TESTE LES PROMESSES DES PUBLICITÉS #4 (c’est abusé),ON TESTE LES PROMESSES DES PUBLICITÉS #4 (c’est abusé),True,OK,3a7wTKhMkDA,36:03,36,36,True,,MISSING_IMAGE,,https://www.youtube.com/watch?v=3a7wTKhMkDA
S2025E36,IN_SCOPE,2025-09-21,,False,,LES PIRES MOTS DANS LE CARNET ! #11,LES PIRES MOTS DANS LE CARNET ! #11,True,OK,onkMdi2tPxc,26:40,26,27,False,,MISSING_IMAGE,,https://www.youtube.com/watch?v=onkMdi2tPxc
S2025E35,IN_SCOPE,2025-09-14,,False,,ON MANGE 50 ALIMENTS DE LUXE (et on les juge) (c’est indécent),ON MANGE 50 ALIMENTS DE LUXE (et on les juge) (c’est indécent),True,OK,gSQ-91hw0-M,1:06:27,70,66,False,,MISSING_IMAGE,,https://www.youtube.com/watch?v=gSQ-91hw0-M
S2025E34,IN_SCOPE,2025-08-31,,False,,Les PIRES guerres entre voisins #2 (ils n'ont aucune limite),Les PIRES guerres entre voisins #2 (ils n'ont aucune limite),True,OK,ihYlyQFDM88,21:30,21,22,False,,MISSING_IMAGE,,https://www.youtube.com/watch?v=ihYlyQFDM88
S2025E33,IN_SCOPE,2025-08-24,,False,,1000 COUCHES DE PAPIER (on s'évade de notre prison en papier),1000 COUCHES DE PAPIER (on s'évade de notre prison en papier),True,OK,CHUp078rqAA,41:28,41,41,True,,MISSING_IMAGE,,https://www.youtube.com/watch?v=CHUp078rqAA
S2025E32,IN_SCOPE,2025-08-17,,False,,ON TESTE LES JOUETS LES PLUS CHERS DU MONDE ! #2 (c’est une folie),ON TESTE LES JOUETS LES PLUS CHERS DU MONDE ! #2 (c’est une folie),True,OK,bjtV4HOoylg,24:40,24,25,False,,MISSING_IMAGE,,https://www.youtube.com/watch?v=bjtV4HOoylg
S2025E31,IN_SCOPE,2025-08-10,,False,,24H dans la MAISON la plus CHÈRE d’Espagne (y’a une PIÈCE SECRÈTE),24H dans la MAISON la plus CHÈRE d’Espagne (y’a une PIÈCE SECRÈTE) ,True,OK,hy-_-PxK-WY,50:29,50,50,True,,MISSING_IMAGE,,https://www.youtube.com/watch?v=hy-_-PxK-WY
S2025E30,IN_SCOPE,2025-08-03,,False,,On juge 50 SOSIES ! avec Bigflo (c'est extraordinaire) #3,On juge 50 SOSIES ! avec Bigflo (c'est extraordinaire) #3 ,True,OK,IIkTSu2f-Os,1:06:48,67,67,True,,MISSING_IMAGE,,https://www.youtube.com/watch?v=IIkTSu2f-Os
S2025E29,IN_SCOPE,2025-07-20,,False,,CACHE-CACHE EXTRÊME à VERSAILLES (1000€ pour se cacher) #6,CACHE-CACHE EXTRÊME à VERSAILLES (1000€ pour se cacher) #6,True,OK,aM7AxPaApf0,49:17,49,49,True,,MISSING_IMAGE,,https://www.youtube.com/watch?v=aM7AxPaApf0
S2025E28,IN_SCOPE,2025-07-13,,False,,PÉTARD À 1€ Vs. PÉTARD à 10 000€ (on a tout testé et c’est incroyable),PÉTARD À 1€ Vs. PÉTARD à 10 000€ (on a tout testé et c’est incroyable),True,OK,labIcw5-FKU,48:44,48,49,False,,MISSING_IMAGE,,https://www.youtube.com/watch?v=labIcw5-FKU
S2025E27,IN_SCOPE,2025-07-06,,False,,"DEVINE QUI TU ES #1 ft. Maghla, Thomas","DEVINE QUI TU ES #1 ft. Maghla, Thomas",True,OK,QFIbThcui6E,54:22,55,54,False,,MISSING_IMAGE,,https://www.youtube.com/watch?v=QFIbThcui6E
S2025E26,IN_SCOPE,2025-06-29,,False,,CACHE-CACHE EXTRÊME #5 (1000€ pour se cacher dans un hôtel),CACHE-CACHE EXTRÊME #5 (1000€ pour se cacher dans un hôtel),True,OK,gLwqb5R2HHM,43:16,44,43,False,,MISSING_IMAGE,,https://www.youtube.com/watch?v=gLwqb5R2HHM
S2025E25,IN_SCOPE,2025-06-22,,False,,LES PIRES OBJETS LIDL ! (c’est dangereux),LES PIRES OBJETS LIDL ! (c’est dangereux),True,OK,aAuqCggHEIs,23:05,24,23,False,,MISSING_IMAGE,,https://www.youtube.com/watch?v=aAuqCggHEIs
S2025E24,IN_SCOPE,2025-06-15,,False,,ON A CONSTRUIT UN VRAI TRAIN DIY ! (y’a même un wagon bar),ON A CONSTRUIT UN VRAI TRAIN DIY ! (y’a même un wagon bar),True,OK,RH7Qj5wlOnY,53:41,54,54,True,,MISSING_IMAGE,,https://www.youtube.com/watch?v=RH7Qj5wlOnY
S2025E23,IN_SCOPE,2025-06-08,,False,,CES GENS SONT DES HÉROS DU QUOTIDIEN (on en veut plus),CES GENS SONT DES HÉROS DU QUOTIDIEN (on en veut plus),True,OK,48nn4j6q91M,23:05,24,23,False,,MISSING_IMAGE,,https://www.youtube.com/watch?v=48nn4j6q91M
S2025E22,IN_SCOPE,2025-06-01,,False,,J’ai acheté tous les objets des pubs insta #5 (c’est exceptionnel),J’ai acheté tous les objets des pubs insta #5 (c’est exceptionnel),True,OK,lO5-7XPRuSE,28:44,29,29,True,,MISSING_IMAGE,,https://www.youtube.com/watch?v=lO5-7XPRuSE
S2025E21,IN_SCOPE,2025-05-25,,False,,100 TROUS CHALLENGE (un seul est la sortie),100 TROUS CHALLENGE (un seul est la sortie),True,OK,O4p6l6fHIes,36:15,36,36,True,,MISSING_IMAGE,,https://www.youtube.com/watch?v=O4p6l6fHIes
S2025E20,IN_SCOPE,2025-05-18,,False,,J’ai acheté tous les objets censés changer ta vie,J’ai acheté tous les objets censés changer ta vie 🤔,False,COSMETIC_EXACTNESS,vbiopIYgDMQ,21:26,22,21,False,,MISSING_IMAGE,,https://www.youtube.com/watch?v=vbiopIYgDMQ
S2025E19,IN_SCOPE,2025-05-11,,False,,FAKE OU RÉEL ? ft. @MrBeast (et surtout une interview incroyable),FAKE OU RÉEL ? ft. @MrBeast (et surtout une interview incroyable),True,OK,6WB0UPs_Lgg,28:33,28,29,False,,MISSING_IMAGE,,https://www.youtube.com/watch?v=6WB0UPs_Lgg
S2025E18,IN_SCOPE,2025-05-04,,False,,ON JUGE 50 TALENTS ! (impossible à classer) avec Paul de Saint Sernin,ON JUGE 50 TALENTS ! (impossible à classer) avec Paul de Saint Sernin,True,OK,a1UWRoyrQlo,1:11:35,72,72,True,,MISSING_IMAGE,,https://www.youtube.com/watch?v=a1UWRoyrQlo
S2025E17,IN_SCOPE,2025-04-27,,False,,On a construit ce LEGO INTERMINABLE ! (sans dormir) (T-Rex Jurassic Park),On a construit ce LEGO INTERMINABLE ! (sans dormir) (T-Rex Jurassic Park),True,OK,6WtyOY2ybBE,1:23:54,84,84,True,,MISSING_IMAGE,,https://www.youtube.com/watch?v=6WtyOY2ybBE
S2025E16,IN_SCOPE,2025-04-20,,False,,On conduit les PIRES voitures du monde ! (notées 1 étoile),On conduit les PIRES voitures du monde ! (notées 1 étoile),True,OK,V-B-KN2tIq8,43:24,43,43,True,,MISSING_IMAGE,,https://www.youtube.com/watch?v=V-B-KN2tIq8
S2025E15,IN_SCOPE,2025-04-13,,False,,CES GENS SONT INCONSCIENTS ! (ils me désespèrent) #3,CES GENS SONT INCONSCIENTS ! (ils me désespèrent) #3,True,OK,Pq0XkHHlM54,21:10,22,21,False,,MISSING_IMAGE,,https://www.youtube.com/watch?v=Pq0XkHHlM54
S2025E14,IN_SCOPE,2025-04-06,,False,,ON OUVRE 50 000€ DE CARTES POKÉMON (Dracaufeu ou pas ?),ON OUVRE 50 000€ DE CARTES POKÉMON (Dracaufeu ou pas ?),True,OK,mJH9WHhm6ZQ,1:17:47,78,78,True,,MISSING_IMAGE,,https://www.youtube.com/watch?v=mJH9WHhm6ZQ
S2025E13,IN_SCOPE,2025-03-30,,False,,ON CONSTRUIT UNE MAISON EN CARTON (pour résister aux éléments),ON CONSTRUIT UNE MAISON EN CARTON (pour résister aux éléments),True,OK,4tgZDq4bsEg,34:12,34,34,True,,MISSING_IMAGE,,https://www.youtube.com/watch?v=4tgZDq4bsEg
S2025E12,IN_SCOPE,2025-03-23,,False,,J'ai acheté tous les objets AMAZON avec ZÉRO AVIS ! (c'est dangereux en fait),J'ai acheté tous les objets AMAZON avec ZÉRO AVIS ! (c'est dangereux en fait),True,OK,XvD9pO6wKnY,27:45,27,28,False,,MISSING_IMAGE,,https://www.youtube.com/watch?v=XvD9pO6wKnY
S2025E11,IN_SCOPE,2025-03-16,,False,,ON MANGE 100 FROMAGES D'AFFILÉE (c’est probablement dangereux),ON MANGE 100 FROMAGES D'AFFILÉE (c’est probablement dangereux),True,OK,f-SxZ4zyftI,56:23,56,56,True,,MISSING_IMAGE,,https://www.youtube.com/watch?v=f-SxZ4zyftI
S2025E10,IN_SCOPE,2025-03-09,,False,,ON SURVIT UNE JOURNÉE à -40°C DANS UNE CHAMBRE FROIDE !,ON SURVIT UNE JOURNÉE à -40°C DANS UNE CHAMBRE FROIDE !,True,OK,5MhAwMCUyfs,59:54,60,60,True,,MISSING_IMAGE,,https://www.youtube.com/watch?v=5MhAwMCUyfs
S2025E09,IN_SCOPE,2025-03-02,,False,,ON TESTE LES JOUETS LES PLUS CHERS DU MONDE ! (c’est affligeant),ON TESTE LES JOUETS LES PLUS CHERS DU MONDE ! (c’est affligeant),True,OK,ZhMJe9mFRaY,28:00,28,28,True,,MISSING_IMAGE,,https://www.youtube.com/watch?v=ZhMJe9mFRaY
S2025E08,IN_SCOPE,2025-02-23,,False,,ÉTOILÉ ou SURGELÉ ? (meilleur jeu de dégustation) ÉDITION PÂTISSERIE #6,ÉTOILÉ ou SURGELÉ ? (meilleur jeu de dégustation) ÉDITION PÂTISSERIE #6,True,OK,Gg2fRxKU4Q0,44:52,45,45,True,,MISSING_IMAGE,,https://www.youtube.com/watch?v=Gg2fRxKU4Q0
S2025E07,IN_SCOPE,2025-02-16,,False,,LES PIRES VOLEURS #4 (des génies tellement ils sont nuls),LES PIRES VOLEURS #4 (des génies tellement ils sont nuls),True,OK,iFj9n2Oa6T8,21:06,21,21,True,,MISSING_IMAGE,,https://www.youtube.com/watch?v=iFj9n2Oa6T8
S2025E06,IN_SCOPE,2025-02-09,,False,,CACHE-CACHE ÉDITION CAMOUFLAGE EXTRÊME #5 (impossible de me trouver),CACHE-CACHE ÉDITION CAMOUFLAGE EXTRÊME #5 (impossible de me trouver),True,OK,DDSsWB0U40c,29:03,29,29,True,,MISSING_IMAGE,,https://www.youtube.com/watch?v=DDSsWB0U40c
S2025E05,IN_SCOPE,2025-02-02,,False,,LES PIRES INVENTIONS ! (qui ne changeront rien à ta vie) #2,LES PIRES INVENTIONS ! (qui ne changeront rien à ta vie) #2,True,OK,neDn_KpiLro,19:43,20,20,True,,MISSING_IMAGE,,https://www.youtube.com/watch?v=neDn_KpiLro
S2025E04,IN_SCOPE,2025-01-26,,False,,ON TESTE LES PROMESSES DES PUBLICITÉS #3,ON TESTE LES PROMESSES DES PUBLICITÉS #3,True,OK,PyUNbTSGJOc,33:14,33,33,True,,MISSING_IMAGE,,https://www.youtube.com/watch?v=PyUNbTSGJOc
S2025E03,IN_SCOPE,2025-01-19,,False,,J’ai acheté tous les objets des pubs TikTok #4 (à l’aide),J’ai acheté tous les objets des pubs TikTok #4 (à l’aide),True,OK,Q1Pwv8asi0E,28:47,29,29,True,,MISSING_IMAGE,,https://www.youtube.com/watch?v=Q1Pwv8asi0E
S2025E02,IN_SCOPE,2025-01-12,,False,,ON JUGE 50 IMITATEURS ! avec Paul Mirabel,ON JUGE 50 IMITATEURS ! avec Paul Mirabel,True,OK,7vheUD_FlK8,1:06:49,66,67,False,,MISSING_IMAGE,,https://www.youtube.com/watch?v=7vheUD_FlK8
S2025E01,IN_SCOPE,2025-01-05,,False,,On teste des JOUETS ILLÉGAUX ! #1 (on comprend pourquoi),On teste des JOUETS ILLÉGAUX ! #1 (on comprend pourquoi),True,OK,XzALa9BXSHQ,21:46,22,22,True,,MISSING_IMAGE,,https://www.youtube.com/watch?v=XzALa9BXSHQ
S2024E54,IN_SCOPE,2024-12-29,,False,,100H DANS LE TRAIN LE PLUS LUXUEUX DU MONDE !,100H DANS LE TRAIN LE PLUS LUXUEUX DU MONDE !,True,OK,jjCDAroAWPk,47:40,48,48,True,season finale,MISSING_IMAGE,,https://www.youtube.com/watch?v=jjCDAroAWPk
S2024E53,IN_SCOPE,2024-12-22,,False,,J'AI ACHETÉ UN FOURGON BLINDÉ SUR LEBONCOIN (on essaye de l’ouvrir),J'AI ACHETÉ UN FOURGON BLINDÉ SUR LEBONCOIN (on essaye de l’ouvrir),True,OK,JmpY6WbrZx8,37:25,37,37,True,,MISSING_IMAGE,,https://www.youtube.com/watch?v=JmpY6WbrZx8
S2024E52,IN_SCOPE,2024-12-15,,False,,ON MANGE 100 BONBONS D'AFFILÉE (on est bourré au sucre),ON MANGE 100 BONBONS D'AFFILÉE (on est bourré au sucre),True,OK,BskIqub04Xg,1:00:26,60,60,True,,MISSING_IMAGE,,https://www.youtube.com/watch?v=BskIqub04Xg
S2024E51,IN_SCOPE,2024-12-08,,False,,TROUVE LA PIÈCE SECRÈTE #2 (tu veux ça chez toi),TROUVE LA PIÈCE SECRÈTE #2 (tu veux ça chez toi),True,OK,sOgUzzEciBE,33:18,33,33,True,,MISSING_IMAGE,,https://www.youtube.com/watch?v=sOgUzzEciBE
S2024E50,IN_SCOPE,2024-12-04,,False,,Ces gens face à la mort sont parfaitement calmes (et ça rend fou),Ces gens face à la mort sont parfaitement calmes (et ça rend fou),True,OK,Uxqh2hzigfE,19:42,20,20,True,,MISSING_IMAGE,,https://www.youtube.com/watch?v=Uxqh2hzigfE
S2024E49,IN_SCOPE,2024-12-01,,False,,J’ai acheté les PIRES objets Amazon du monde (l’Allemagne c’est chaud),J’ai acheté les PIRES objets Amazon du monde (l’Allemagne c’est chaud),True,OK,e-Bfo1xG67I,21:45,22,22,True,,MISSING_IMAGE,,https://www.youtube.com/watch?v=e-Bfo1xG67I
S2024E48,IN_SCOPE,2024-11-24,,False,,On a construit un VÉLO CARAVANE (il est vraiment fou),On a construit un VÉLO CARAVANE (il est vraiment fou),True,OK,aUHJS8P53fc,46:05,46,46,True,,MISSING_IMAGE,,https://www.youtube.com/watch?v=aUHJS8P53fc
S2024E47,IN_SCOPE,2024-11-17,,False,,1000 COUCHES DE TERRE (on creuse un tunnel pour s’évader),1000 COUCHES DE TERRE (on creuse un tunnel pour s’évader),True,OK,TkA_V8gKNxY,37:55,37,38,False,,MISSING_IMAGE,,https://www.youtube.com/watch?v=TkA_V8gKNxY
S2024E46,IN_SCOPE,2024-11-10,,False,,ON FAIT DU CAMPING EN MER AVEC 200000€ DE BUDGET,ON FAIT DU CAMPING EN MER AVEC 200000€ DE BUDGET,True,OK,jle3Wxfu5ek,49:37,50,50,True,,MISSING_IMAGE,,https://www.youtube.com/watch?v=jle3Wxfu5ek
S2024E45,IN_SCOPE,2024-11-03,,False,,On survit 24H dans un arbre ! (le résultat est fou),On survit 24H dans un arbre ! (le résultat est fou),True,OK,kMPxoL5CdeU,43:16,43,43,True,,MISSING_IMAGE,,https://www.youtube.com/watch?v=kMPxoL5CdeU
S2024E44,IN_SCOPE,2024-10-27,,False,,ON TESTE LES PROMESSES DES PUBLICITÉS #2 (ils abusent de fou),ON TESTE LES PROMESSES DES PUBLICITÉS #2 (ils abusent de fou),True,OK,y8auoNALjSI,27:57,28,28,True,,MISSING_IMAGE,,https://www.youtube.com/watch?v=y8auoNALjSI
S2024E43,IN_SCOPE,2024-10-20,,False,,ÉTOILÉ ou SURGELÉ ? (le jeu de dégustation IMPOSSIBLE) #5,ÉTOILÉ ou SURGELÉ ? (le jeu de dégustation IMPOSSIBLE) #5,True,OK,dcTAk9ASfIk,33:38,34,34,True,,MISSING_IMAGE,,https://www.youtube.com/watch?v=dcTAk9ASfIk
S2024E42,IN_SCOPE,2024-10-13,,False,,ON TESTE DES CAMPINGS notés 1 ÉTOILE !,ON TESTE DES CAMPINGS notés 1 ÉTOILE !,True,OK,W9KlYfTVaZM,40:34,41,41,True,,MISSING_IMAGE,,https://www.youtube.com/watch?v=W9KlYfTVaZM
S2024E41,IN_SCOPE,2024-10-06,,False,,LES PIRES OBJETS EBAY #5 (que des dingueries...),LES PIRES OBJETS EBAY #5 (que des dingueries...),True,OK,6vz1JT8JPKo,18:52,19,19,True,,MISSING_IMAGE,,https://www.youtube.com/watch?v=6vz1JT8JPKo
S2024E40,IN_SCOPE,2024-09-29,,False,,J'AI ACHETÉ UN SOUS-MARIN sur AliExpress (t’as bien lu),J'AI ACHETÉ UN SOUS-MARIN sur AliExpress 🤯 (t’as bien lu),False,COSMETIC_EXACTNESS,OP0g1evLzSY,35:34,36,36,True,,MISSING_IMAGE,,https://www.youtube.com/watch?v=OP0g1evLzSY
S2024E39,IN_SCOPE,2024-09-22,,False,,ON A CONSTRUIT UNE MAISON SUR PILOTIS ! (on y croyait pas),ON A CONSTRUIT UNE MAISON SUR PILOTIS ! (on y croyait pas),True,OK,omnqxuQWZCY,49:02,49,49,True,,MISSING_IMAGE,,https://www.youtube.com/watch?v=omnqxuQWZCY
S2024E38,IN_SCOPE,2024-09-15,,False,,J’ai acheté tous les objets des pubs TikTok #3 (ça devient dangereux),J’ai acheté tous les objets des pubs TikTok #3 (ça devient dangereux),True,OK,JFMmPDKW0mQ,29:30,29,30,False,,MISSING_IMAGE,,https://www.youtube.com/watch?v=JFMmPDKW0mQ
S2024E37,IN_SCOPE,2024-09-08,,False,,ON MANGE 100 GÂTEAUX APÉRO D’AFFILÉE (et on les juge),ON MANGE 100 GÂTEAUX APÉRO D’AFFILÉE (et on les juge),True,OK,d-kRtycneKs,1:02:42,63,63,True,,MISSING_IMAGE,,https://www.youtube.com/watch?v=d-kRtycneKs
S2024E36,IN_SCOPE,2024-09-01,,False,,Ces gens sont TROP qualifiés pour leur JOB,Ces gens sont TROP qualifiés pour leur JOB 😱,False,COSMETIC_EXACTNESS,XhbECIm1Wa4,19:50,20,20,True,,MISSING_IMAGE,,https://www.youtube.com/watch?v=XhbECIm1Wa4
S2024E35,IN_SCOPE,2024-08-25,,False,,24H ENFERMÉS DANS UNE CABANE (pour faire un son) ft. Petit Biscuit,24H ENFERMÉS DANS UNE CABANE (pour faire un son) ft. Petit Biscuit,True,OK,uuxY3pnLqvE,1:05:49,66,66,True,,MISSING_IMAGE,,https://www.youtube.com/watch?v=uuxY3pnLqvE
S2024E34,IN_SCOPE,2024-08-18,,False,,J'AI ACHETÉ LA PORSCHE LA MOINS CHÈRE POSSIBLE (c'est une épave),J'AI ACHETÉ LA PORSCHE LA MOINS CHÈRE POSSIBLE (c'est une épave 😭),False,PUNCTUATION_EMOJI_EXACTNESS,_LrdMpK6JWo,45:34,46,46,True,,MISSING_IMAGE,,https://www.youtube.com/watch?v=_LrdMpK6JWo
S2024E33,IN_SCOPE,2024-08-11,,False,,J'AI ACHETÉ UNE MAISON SUR AMAZON (moitié cool moitié horrible),J'AI ACHETÉ UNE MAISON SUR AMAZON (moitié cool moitié horrible),True,OK,di1NNcroKUo,56:20,56,56,True,,MISSING_IMAGE,,https://www.youtube.com/watch?v=di1NNcroKUo
S2024E32,IN_SCOPE,2024-07-28,,False,,300 JOURS AVANT QUE CETTE FUSÉE DÉCOLLE (ou explose en plein vol),300 JOURS AVANT QUE CETTE FUSÉE DÉCOLLE (ou explose en plein vol 😭),False,PUNCTUATION_EMOJI_EXACTNESS,ZMILtWGywZA,56:46,57,57,True,,MISSING_IMAGE,,https://www.youtube.com/watch?v=ZMILtWGywZA
S2024E31,IN_SCOPE,2024-07-21,,False,,ON TESTE 100 SPORTS ! (et on les juge)(on est au bout du rouleau),ON TESTE 100 SPORTS ! (et on les juge)(on est au bout du rouleau),True,OK,nmOW1m-4fGs,1:05:37,66,66,True,,MISSING_IMAGE,,https://www.youtube.com/watch?v=nmOW1m-4fGs
S2024E30,IN_SCOPE,2024-07-14,,False,,J’ai survécu 40H à une vidéo de MrBeast ! (enfermé dans un cube),J’ai survécu 40H à une vidéo de MrBeast ! (enfermé dans un cube),True,OK,hp6NJUC7Tbo,42:16,42,42,True,,MISSING_IMAGE,,https://www.youtube.com/watch?v=hp6NJUC7Tbo
S2024E29,IN_SCOPE,2024-07-07,,False,,ON JUGE 50 SOSIES #2 (c'est choquant !) ft. Alban Ivanov,ON JUGE 50 SOSIES #2 (c'est choquant !) ft. Alban Ivanov,True,OK,XILytOoOPtg,1:06:18,66,66,True,,MISSING_IMAGE,,https://www.youtube.com/watch?v=XILytOoOPtg
S2024E28,IN_SCOPE,2024-06-30,,False,,J’ai Acheté L’Île Privée La Moins Chère Du Monde,J’ai Acheté L’Île Privée La Moins Chère Du Monde,True,OK,IW1GORKrC7M,1:05:56,66,66,True,,MISSING_IMAGE,,https://www.youtube.com/watch?v=IW1GORKrC7M
S2024E27,IN_SCOPE,2024-06-23,,False,,On construit le pire LEGO avec Mcfly et Carlito,On construit le pire LEGO avec Mcfly et Carlito,True,OK,TL9qJxj1sK0,1:35:42,96,96,True,,MISSING_IMAGE,,https://www.youtube.com/watch?v=TL9qJxj1sK0
S2024E26,IN_SCOPE,2024-06-16,,False,,ON TESTE LES PROMESSES DES PUBLICITÉS (c’est incroyable),ON TESTE LES PROMESSES DES PUBLICITÉS (c’est incroyable 😮),False,PUNCTUATION_EMOJI_EXACTNESS,rHhSkdLqKPE,28:49,29,29,True,,MISSING_IMAGE,,https://www.youtube.com/watch?v=rHhSkdLqKPE
S2024E25,IN_SCOPE,2024-06-09,,False,,ON VIT 24H COMME DES PRÉSIDENTS,ON VIT 24H COMME DES PRÉSIDENTS,True,OK,rKRAkNc4OKw,49:25,49,49,True,,MISSING_IMAGE,,https://www.youtube.com/watch?v=rKRAkNc4OKw
S2024E24,IN_SCOPE,2024-06-02,,False,,CELUI QUI S'ÉLOIGNE LE PLUS GAGNE 10 000 € ! (en 24H),CELUI QUI S'ÉLOIGNE LE PLUS GAGNE 10 000 € ! (en 24H),True,OK,xcW7q6U_kyE,44:42,45,45,True,,MISSING_IMAGE,,https://www.youtube.com/watch?v=xcW7q6U_kyE
S2024E23,IN_SCOPE,2024-05-26,,False,,J’ai acheté les objets les plus futuristes du monde (y’en a pour 50000€ à l’aide),J’ai acheté les objets les plus futuristes du monde (y’en a pour 50000€ à l’aide),True,OK,yAtKmEBCXBM,35:39,36,36,True,,MISSING_IMAGE,,https://www.youtube.com/watch?v=yAtKmEBCXBM
S2024E22,IN_SCOPE,2024-05-19,,False,,ON SURVIT 24H DANS LA JUNGLE ! (uniquement avec des objets wish),ON SURVIT 24H DANS LA JUNGLE ! (uniquement avec des objets wish),True,OK,KCsg-HaUhQY,1:00:00,60,60,True,,MISSING_IMAGE,,https://www.youtube.com/watch?v=KCsg-HaUhQY
S2024E21,IN_SCOPE,2024-05-12,,False,,LA BATAILLE DES RESTAURANTS ! (on a explosé le budget),LA BATAILLE DES RESTAURANTS ! (on a explosé le budget 😭),False,PUNCTUATION_EMOJI_EXACTNESS,IVtbOXQ8urA,50:55,51,51,True,,MISSING_IMAGE,,https://www.youtube.com/watch?v=IVtbOXQ8urA
S2024E20,IN_SCOPE,2024-05-05,,False,,CACHE-CACHE ÉDITION CAMOUFLAGE EXTRÊME  #4,CACHE-CACHE ÉDITION CAMOUFLAGE EXTRÊME  #4,True,OK,55KasQd_68Y,23:48,24,24,True,,MISSING_IMAGE,,https://www.youtube.com/watch?v=55KasQd_68Y
S2024E19,IN_SCOPE,2024-04-28,,False,,LES PIRES VIDÉOS du TIKTOK CHINOIS (c’est un autre monde) #2,LES PIRES VIDÉOS du TIKTOK CHINOIS (c’est un autre monde 😮) #2,False,PUNCTUATION_EMOJI_EXACTNESS,dMNq-P1ntNI,14:32,15,15,True,,MISSING_IMAGE,,https://www.youtube.com/watch?v=dMNq-P1ntNI
S2024E18,IN_SCOPE,2024-04-21,,False,,MRBEAST M’A DEMANDÉ QUELQUE CHOSE (bizarrement j’ai dit oui),MRBEAST M’A DEMANDÉ QUELQUE CHOSE (bizarrement j’ai dit oui),True,OK,kYkssx135s0,21:48,22,22,True,,MISSING_IMAGE,,https://www.youtube.com/watch?v=kYkssx135s0
S2024E17,IN_SCOPE,2024-04-14,,False,,ON MANGE 100 GOÛTERS D'AFFILÉE (overdose de sucre),ON MANGE 100 GOÛTERS D'AFFILÉE (overdose de sucre),True,OK,zpv3D6ciYU4,58:28,58,58,True,,MISSING_IMAGE,,https://www.youtube.com/watch?v=zpv3D6ciYU4
S2024E16,IN_SCOPE,2024-04-07,,False,,LES PIRES OBJETS EBAY (la douane est venue chez nous tellement c’est chaud) #4,LES PIRES OBJETS EBAY (la douane est venue chez nous tellement c’est chaud) #4,True,OK,xMdbKxbgMB4,20:07,20,20,True,,MISSING_IMAGE,,https://www.youtube.com/watch?v=xMdbKxbgMB4
S2024E15,IN_SCOPE,2024-03-31,,False,,ON FAIT DU CAMPING AVEC 100 000€ DE BUDGET,ON FAIT DU CAMPING AVEC 100 000€ DE BUDGET,True,OK,D4KO4rv51Hc,57:52,58,58,True,,MISSING_IMAGE,,https://www.youtube.com/watch?v=D4KO4rv51Hc
S2024E14,IN_SCOPE,2024-03-28,,False,,50% DE CHANCE QUE ÇA SE TERMINE MAL...,50% DE CHANCE QUE ÇA SE TERMINE MAL...,True,OK,mpFV7R0PeAk,19:51,20,20,True,,MISSING_IMAGE,,https://www.youtube.com/watch?v=mpFV7R0PeAk
S2024E13,IN_SCOPE,2024-03-24,,False,,ON JUGE 50 SOSIES (c’est exceptionnel) ft. Kev Adams,ON JUGE 50 SOSIES (c’est exceptionnel) 😭 ft. Kev Adams,False,COSMETIC_EXACTNESS,EeonBo8icuo,1:04:06,64,64,True,,MISSING_IMAGE,,https://www.youtube.com/watch?v=EeonBo8icuo
S2024E12,IN_SCOPE,2024-03-17,,False,,ESSAYEZ DE NE PAS RÉAGIR AU CONTENU DE LA BOITE (c’est IMPOSSIBLE) #1,ESSAYEZ DE NE PAS RÉAGIR AU CONTENU DE LA BOITE (c’est IMPOSSIBLE) #1,True,OK,V9dJEWTjxlM,36:04,36,36,True,,MISSING_IMAGE,,https://www.youtube.com/watch?v=V9dJEWTjxlM
S2024E11,IN_SCOPE,2024-03-10,,False,,Petite VS GRANDE Prison INCASSABLE ! *EVASION CHALLENGE* #3,Petite VS GRANDE Prison INCASSABLE ! *EVASION CHALLENGE* #3,True,OK,CM9-eRqMsBI,33:33,33,34,False,,MISSING_IMAGE,,https://www.youtube.com/watch?v=CM9-eRqMsBI
S2024E10,IN_SCOPE,2024-03-03,,False,,Les PIRES OBJETS D'AMAZON USA ! (aucune limite),Les PIRES OBJETS D'AMAZON USA ! 🇺🇸 (aucune limite),False,COSMETIC_EXACTNESS,KeG6oSn0T8U,15:46,15,16,False,,MISSING_IMAGE,,https://www.youtube.com/watch?v=KeG6oSn0T8U
S2024E09,IN_SCOPE,2024-02-25,,False,,Les PIRES HUMAINS (ils respectent vraiment rien),Les PIRES HUMAINS (ils respectent vraiment rien),True,OK,T0GHwC0VTVg,14:35,15,15,True,,MISSING_IMAGE,,https://www.youtube.com/watch?v=T0GHwC0VTVg
S2024E08,IN_SCOPE,2024-02-18,,False,,24H DANS LA VOITURE LA PLUS PETITE DU MONDE,24H DANS LA VOITURE LA PLUS PETITE DU MONDE,True,OK,JbiBkKy4NFs,44:29,44,44,True,,MISSING_IMAGE,,https://www.youtube.com/watch?v=JbiBkKy4NFs
S2024E07,IN_SCOPE,2024-02-14,,False,,Le seum de ces gens est COLOSSAL (et c’est un plaisir à regarder) #2,Le seum de ces gens est COLOSSAL (et c’est un plaisir à regarder) #2,True,OK,7jicbnHKEvE,13:08,13,13,True,,MISSING_IMAGE,,https://www.youtube.com/watch?v=7jicbnHKEvE
S2024E06,IN_SCOPE,2024-02-11,,False,,QUI EST LE COUPABLE ? On juge vos COUPLES (les histoires sont FOLLES),QUI EST LE COUPABLE ? On juge vos COUPLES (les histoires sont FOLLES),True,OK,hmOVbCXYLx0,44:23,44,44,True,,MISSING_IMAGE,,https://www.youtube.com/watch?v=hmOVbCXYLx0
S2024E05,IN_SCOPE,2024-02-04,,False,,1000 COUCHES DE GLACE (on s'évade de notre prison de glace),1000 COUCHES DE GLACE (on s'évade de notre prison de glace),True,OK,zWubcQLrJG4,35:12,35,35,True,,MISSING_IMAGE,,https://www.youtube.com/watch?v=zWubcQLrJG4
S2024E04,IN_SCOPE,2024-01-28,,False,,J’ai acheté tous les objets des pubs TikTok #2 (c’est le futur)(non),J’ai acheté tous les objets des pubs TikTok #2 (c’est le futur)(non),True,OK,2tuVuNYvHjM,30:53,30,31,False,,MISSING_IMAGE,,https://www.youtube.com/watch?v=2tuVuNYvHjM
S2024E03,IN_SCOPE,2024-01-21,,False,,TROUVE LA PIÈCE SECRÈTE #1 (on a explosé le budget),TROUVE LA PIÈCE SECRÈTE #1 (on a explosé le budget),True,OK,U7y7Ols-sQs,28:26,28,28,True,,MISSING_IMAGE,,https://www.youtube.com/watch?v=U7y7Ols-sQs
S2024E02,IN_SCOPE,2024-01-14,,False,,ON TESTE TOUTES LES VOITURES de 1€ à 1 MILLION d’EUROS,ON TESTE TOUTES LES VOITURES de 1€ à 1 MILLION d’EUROS,True,OK,mrX1SFKlylA,34:35,34,35,False,,MISSING_IMAGE,,https://www.youtube.com/watch?v=mrX1SFKlylA
S2024E01,IN_SCOPE,2024-01-07,,False,,ON MANGE 100 FRUITS ET LÉGUMES D’AFFILÉE (et on les juge)(à l’aide),ON MANGE 100 FRUITS ET LÉGUMES D’AFFILÉE (et on les juge)(à l’aide),True,OK,n73p6NeCnPQ,56:15,56,56,True,,MISSING_IMAGE,,https://www.youtube.com/watch?v=n73p6NeCnPQ
S2023E58,IN_SCOPE,2023-12-30,,False,,ON OUVRE 400 KILOS DE COLIS PERDUS !,ON OUVRE 400 KILOS DE COLIS PERDUS !,True,OK,6v6UZ5HLOGA,25:33,26,26,True,season finale,MISSING_IMAGE,,https://www.youtube.com/watch?v=6v6UZ5HLOGA
S2023E57,IN_SCOPE,2023-12-23,,False,,"FAITES-MOI RIRE, GAGNEZ 1000€ ! #4 (édition Belgique)","FAITES-MOI RIRE, GAGNEZ 1000€ ! #4 (édition Belgique)",True,OK,JUJkc23N8ug,34:40,35,35,True,,MISSING_IMAGE,,https://www.youtube.com/watch?v=JUJkc23N8ug
S2023E56,IN_SCOPE,2023-12-17,,False,,LES PIRES OBJETS (CHOQUANTS) sur AMAZON ! #4,LES PIRES OBJETS (CHOQUANTS) sur AMAZON ! #4,True,OK,SwlRSu0jjyU,16:26,16,16,True,,MISSING_IMAGE,,https://www.youtube.com/watch?v=SwlRSu0jjyU
S2023E55,IN_SCOPE,2023-12-10,,False,,ON TESTE DES HÔTELS NOTÉS UNE ÉTOILE ! (c’est scandaleux),ON TESTE DES HÔTELS NOTÉS UNE ÉTOILE ! (c’est scandaleux 😱),False,PUNCTUATION_EMOJI_EXACTNESS,CSLZU_tYmQc,34:57,35,35,True,,MISSING_IMAGE,,https://www.youtube.com/watch?v=CSLZU_tYmQc
S2023E54,IN_SCOPE,2023-12-06,,False,,QUI EST LE COUPABLE ? Tribunal CHALLENGE (on juge vos histoires de scolarité) #3,QUI EST LE COUPABLE ? Tribunal CHALLENGE (on juge vos histoires de scolarité) #3,True,OK,5Nzhb7vKJDo,37:41,38,38,True,,MISSING_IMAGE,,https://www.youtube.com/watch?v=5Nzhb7vKJDo
S2023E53,IN_SCOPE,2023-12-03,,False,,J’AI ACHETÉ LA PLUS PETITE VOITURE DU MONDE (on a pleuré de rire),J’AI ACHETÉ LA PLUS PETITE VOITURE DU MONDE (on a pleuré de rire),True,OK,BjZyGbQVNHk,36:30,37,37,True,,MISSING_IMAGE,,https://www.youtube.com/watch?v=BjZyGbQVNHk
S2023E52,IN_SCOPE,2023-11-26,,False,,CACHE-CACHE EXTRÊME #4 (1000€ pour se cacher dans un STADE),CACHE-CACHE EXTRÊME #4 (1000€ pour se cacher dans un STADE),True,OK,o4m_5EznVfc,40:26,40,40,True,,MISSING_IMAGE,,https://www.youtube.com/watch?v=o4m_5EznVfc
S2023E51,IN_SCOPE,2023-11-22,,False,,CACHE-CACHE ÉDITION CAMOUFLAGE EXTRÊME #3,CACHE-CACHE ÉDITION CAMOUFLAGE EXTRÊME #3,True,OK,Gue7Bc0vcmU,22:01,22,22,True,,MISSING_IMAGE,,https://www.youtube.com/watch?v=Gue7Bc0vcmU
S2023E50,IN_SCOPE,2023-11-19,,False,,1000 COUCHES DE POLYSTYRÈNE CHALLENGE (on s'évade de notre prison en polystyrène),1000 COUCHES DE POLYSTYRÈNE CHALLENGE (on s'évade de notre prison en polystyrène),True,OK,XG8PrluFFnc,42:30,43,43,True,,MISSING_IMAGE,,https://www.youtube.com/watch?v=XG8PrluFFnc
S2023E49,IN_SCOPE,2023-11-12,,False,,QUI TROUVERA LE COFFRE AU TRÉSOR CACHÉ ? (Ils sont INCONTRÔLABLES),QUI TROUVERA LE COFFRE AU TRÉSOR CACHÉ ? (Ils sont INCONTRÔLABLES),True,OK,vUvdWPBanZw,38:34,39,39,True,,MISSING_IMAGE,,https://www.youtube.com/watch?v=vUvdWPBanZw
S2023E48,IN_SCOPE,2023-11-05,,False,,LES PIRES OBJETS ACTION ! (pas sûr),LES PIRES OBJETS ACTION ! (pas sûr),True,OK,wRX2G-J50H8,17:19,17,17,True,,MISSING_IMAGE,,https://www.youtube.com/watch?v=wRX2G-J50H8
S2023E47,IN_SCOPE,2023-10-29,,False,,ON A CONSTRUIT UNE MAISON LEGO GÉANTE (1 Million de briques),ON A CONSTRUIT UNE MAISON LEGO GÉANTE (1 Million de briques),True,OK,k6YMMBMgvyY,37:08,37,37,True,,MISSING_IMAGE,,https://www.youtube.com/watch?v=k6YMMBMgvyY
S2023E46,IN_SCOPE,2023-10-22,,False,,Petite VS GRANDE Prison incassable ! *ÉVASION CHALLENGE*,Petite VS GRANDE Prison incassable ! *ÉVASION CHALLENGE*,True,OK,ucEfgcJ6ob8,34:20,34,34,True,,MISSING_IMAGE,,https://www.youtube.com/watch?v=ucEfgcJ6ob8
S2023E45,IN_SCOPE,2023-10-15,,False,,J’ai acheté tous les objets des pubs TikTok (y’a des dingueries),J’ai acheté tous les objets des pubs TikTok (y’a des dingueries),True,OK,VWFyo_9BF4I,24:40,25,25,True,,MISSING_IMAGE,,https://www.youtube.com/watch?v=VWFyo_9BF4I
S2023E44,IN_SCOPE,2023-10-08,,False,,ÉTOILÉ ou SURGELÉ ? (le jeu de dégustation IMPOSSIBLE) #4,ÉTOILÉ ou SURGELÉ ? (le jeu de dégustation IMPOSSIBLE) #4,True,OK,m2srep6lyjM,36:31,37,37,True,,MISSING_IMAGE,,https://www.youtube.com/watch?v=m2srep6lyjM
S2023E43,IN_SCOPE,2023-10-01,,False,,LES PIRES OBJETS DES SITES CHINOIS ! (qui achète ça...) #8,LES PIRES OBJETS DES SITES CHINOIS ! (qui achète ça...) #8,True,OK,eLqiR516uYU,16:55,17,17,True,,MISSING_IMAGE,,https://www.youtube.com/watch?v=eLqiR516uYU
S2023E42,IN_SCOPE,2023-09-24,,False,,QUI EST LE COUPABLE ? #2 (on juge vos histoires de collège/lycée),QUI EST LE COUPABLE ? #2 (on juge vos histoires de collège/lycée),True,OK,EUWYRIHSIpU,29:59,30,30,True,,MISSING_IMAGE,,https://www.youtube.com/watch?v=EUWYRIHSIpU
S2023E41,IN_SCOPE,2023-09-17,,False,,On a CONSTRUIT un CAMPING FLOTTANT ! (c’est gigantesque),On a CONSTRUIT un CAMPING FLOTTANT ! (c’est gigantesque),True,OK,7QPCL84hruU,32:35,33,33,True,,MISSING_IMAGE,,https://www.youtube.com/watch?v=7QPCL84hruU
S2023E40,IN_SCOPE,2023-09-10,,False,,200 JOURS POUR REPOUSSER NOS LIMITES - GP EXPLORER 2,200 JOURS POUR REPOUSSER NOS LIMITES - GP EXPLORER 2,True,OK,F3cXzL266TE,58:40,59,59,True,,MISSING_IMAGE,,https://www.youtube.com/watch?v=F3cXzL266TE
S2023E39,IN_SCOPE,2023-09-03,,False,,LES PIRES MOTS DANS LE CARNET ! #10,LES PIRES MOTS DANS LE CARNET ! #10,True,OK,ZaioQHn28yk,18:12,18,18,True,,MISSING_IMAGE,,https://www.youtube.com/watch?v=ZaioQHn28yk
S2023E38,IN_SCOPE,2023-08-27,,False,,On vit 24H dans un PALAIS à 60 MILLIONS d’Euros ! (+ un cache cache de riches),On vit 24H dans un PALAIS à 60 MILLIONS d’Euros ! (+ un cache cache de riches),True,OK,7a0DayJnGMc,56:53,57,57,True,,MISSING_IMAGE,,https://www.youtube.com/watch?v=7a0DayJnGMc
S2023E37,IN_SCOPE,2023-08-20,,False,,24H DANS UNE MAISON SOUS-MARINE (c’est pas ce qu’on pensait),24H DANS UNE MAISON SOUS-MARINE (c’est pas ce qu’on pensait),True,OK,U9Cle3OsiHg,38:48,39,39,True,,MISSING_IMAGE,,https://www.youtube.com/watch?v=U9Cle3OsiHg
S2023E36,IN_SCOPE,2023-08-13,,False,,1000 COUCHES DE CARTON CHALLENGE (on s’évade de notre prison en carton),1000 COUCHES DE CARTON CHALLENGE (on s’évade de notre prison en carton),True,OK,103z9izobBY,39:10,39,39,True,,MISSING_IMAGE,,https://www.youtube.com/watch?v=103z9izobBY
S2023E35,IN_SCOPE,2023-07-30,,False,,J’AI ACHETÉ UN VRAI BUNKER (on survit dedans pendant 24H),J’AI ACHETÉ UN VRAI BUNKER (on survit dedans pendant 24H),True,OK,VEBwLTcpOGE,46:49,47,47,True,,MISSING_IMAGE,,https://www.youtube.com/watch?v=VEBwLTcpOGE
S2023E34,IN_SCOPE,2023-07-23,,False,,LES PIRES OBJETS EBAY #3 (c’est soit dangereux soit flippant)(ou les deux),LES PIRES OBJETS EBAY #3 (c’est soit dangereux soit flippant)(ou les deux),True,OK,2QYCprGIslw,15:07,15,15,True,,MISSING_IMAGE,,https://www.youtube.com/watch?v=2QYCprGIslw
S2023E33,IN_SCOPE,2023-07-16,,False,,ON BOIT 100 BOISSONS D'AFFILÉE #2 (et on les juge)(Thomas a failli mourir),ON BOIT 100 BOISSONS D'AFFILÉE #2 (et on les juge)(Thomas a failli mourir),True,OK,fxHhCTcppHY,55:44,56,56,True,,MISSING_IMAGE,,https://www.youtube.com/watch?v=fxHhCTcppHY
S2023E32,IN_SCOPE,2023-07-12,,False,,Les PIRES (et meilleurs) PAPAS du monde (ils sont un peu dangereux),Les PIRES (et meilleurs) PAPAS du monde (ils sont un peu dangereux),True,OK,EjkKqqvREDY,15:02,15,15,True,,MISSING_IMAGE,,https://www.youtube.com/watch?v=EjkKqqvREDY
S2023E31,IN_SCOPE,2023-07-09,,False,,J'AI ACHETÉ LA LAMBORGHINI LA MOINS CHÈRE POSSIBLE (c'est abusé),J'AI ACHETÉ LA LAMBORGHINI LA MOINS CHÈRE POSSIBLE (c'est abusé),True,OK,Bztv4GkbjFo,46:25,46,46,True,,MISSING_IMAGE,,https://www.youtube.com/watch?v=Bztv4GkbjFo
S2023E30,IN_SCOPE,2023-07-02,,False,,On a construit ce lego Seigneur Des Anneaux sans dormir (à l’aide),On a construit ce lego Seigneur Des Anneaux sans dormir (à l’aide),True,OK,0vl-cqgRG_0,1:16:54,77,77,True,,MISSING_IMAGE,,https://www.youtube.com/watch?v=0vl-cqgRG_0
S2023E29,IN_SCOPE,2023-06-25,,False,,UNE JOURNÉE SUR UN RADEAU DE NAUFRAGÉS (plus jamais),UNE JOURNÉE SUR UN RADEAU DE NAUFRAGÉS (plus jamais),True,OK,7RcJIjKr_Dc,42:49,43,43,True,,MISSING_IMAGE,,https://www.youtube.com/watch?v=7RcJIjKr_Dc
S2023E28,IN_SCOPE,2023-06-18,,False,,ON OUVRE 300 KILOS DE COLIS PERDUS,ON OUVRE 300 KILOS DE COLIS PERDUS,True,OK,MuIUNg338Cw,24:47,25,25,True,,MISSING_IMAGE,,https://www.youtube.com/watch?v=MuIUNg338Cw
S2023E27,IN_SCOPE,2023-06-11,,False,,100H DANS UN SOUS-MARIN NUCLÉAIRE,100H DANS UN SOUS-MARIN NUCLÉAIRE,True,OK,ygv8yvkVGIM,59:59,60,60,True,,MISSING_IMAGE,,https://www.youtube.com/watch?v=ygv8yvkVGIM
S2023E26,IN_SCOPE,2023-06-04,,False,,PRISON GÉANTE Vs. MINI PRISON : Qui s’évadera en premier ?,PRISON GÉANTE Vs. MINI PRISON : Qui s’évadera en premier ?,True,OK,1MuPBLOrwHs,22:22,22,22,True,,MISSING_IMAGE,,https://www.youtube.com/watch?v=1MuPBLOrwHs
S2023E25,IN_SCOPE,2023-05-28,,False,,ON FAIT VISITER LA FRANCE À 4 JAPONAIS (ils sont choqués),ON FAIT VISITER LA FRANCE À 4 JAPONAIS (ils sont choqués),True,OK,XuKJNzLMpWk,36:24,36,36,True,,MISSING_IMAGE,,https://www.youtube.com/watch?v=XuKJNzLMpWk
S2023E24,IN_SCOPE,2023-05-21,,False,,LES PIRES BOULETTES AU TRAVAIL ! #3 (c'est des génies),LES PIRES BOULETTES AU TRAVAIL ! #3 (c'est des génies),True,OK,GnliNTJ42cs,17:01,17,17,True,,MISSING_IMAGE,,https://www.youtube.com/watch?v=GnliNTJ42cs
S2023E23,IN_SCOPE,2023-05-17,,False,,POURQUOI LES GENS DE CE PAYS SONT FOUS ? (il se fait tirer par un ours),POURQUOI LES GENS DE CE PAYS SONT FOUS ? (il se fait tirer par un ours),True,OK,gQiDB6RjBGY,11:01,11,11,True,,MISSING_IMAGE,,https://www.youtube.com/watch?v=gQiDB6RjBGY
S2023E22,IN_SCOPE,2023-05-14,,False,,ON FAIT 100 CHOIX IMPOSSIBLES ! (c’est trop dur),ON FAIT 100 CHOIX IMPOSSIBLES ! (c’est trop dur),True,OK,x2WASA8bb-I,38:58,39,39,True,,MISSING_IMAGE,,https://www.youtube.com/watch?v=x2WASA8bb-I
S2023E21,IN_SCOPE,2023-05-07,,False,,ON SURVIT 24H dans le DÉSERT ! (avec des objets de sites chinois),ON SURVIT 24H dans le DÉSERT ! (avec des objets de sites chinois 😬),False,PUNCTUATION_EMOJI_EXACTNESS,DLUbsXYbrR8,34:30,35,35,True,,MISSING_IMAGE,,https://www.youtube.com/watch?v=DLUbsXYbrR8
S2023E20,IN_SCOPE,2023-04-30,,False,,ON DEVINE QUEL EST L'OBJET DE LUXE ! (à l'aveugle) #2,ON DEVINE QUEL EST L'OBJET DE LUXE ! (à l'aveugle) #2,True,OK,K3RgaK_RFDo,25:07,25,25,True,,MISSING_IMAGE,,https://www.youtube.com/watch?v=K3RgaK_RFDo
S2023E19,IN_SCOPE,2023-04-23,,False,,"3 INCONNUS, 3 HISTOIRES VRAIES INCROYABLES (il a survécu à un éclair) #2","3 INCONNUS, 3 HISTOIRES VRAIES INCROYABLES (il a survécu à un éclair) #2",True,OK,_QvqdvTAN6g,41:13,41,41,True,,MISSING_IMAGE,,https://www.youtube.com/watch?v=_QvqdvTAN6g
S2023E18,IN_SCOPE,2023-04-16,,False,,J'ai acheté tous les objets des pubs insta (on a explosé le budget) #4,J'ai acheté tous les objets des pubs insta (on a explosé le budget 😭) #4,False,PUNCTUATION_EMOJI_EXACTNESS,iU34s9rbPoE,29:32,30,30,True,,MISSING_IMAGE,,https://www.youtube.com/watch?v=iU34s9rbPoE
S2023E17,IN_SCOPE,2023-04-09,,False,,CACHE-CACHE ÉDITION CAMOUFLAGE EXTRÊME #2,CACHE-CACHE ÉDITION CAMOUFLAGE EXTRÊME #2,True,OK,brLGZLrEaco,25:42,26,26,True,,MISSING_IMAGE,,https://www.youtube.com/watch?v=brLGZLrEaco
S2023E16,IN_SCOPE,2023-04-02,,False,,DUEL DE BLAGUES NULLES édition ChatGPT (les robots sont plus drôles que nous),DUEL DE BLAGUES NULLES édition ChatGPT (les robots sont plus drôles que nous),True,OK,FRHCjt02YuY,28:46,29,29,True,,MISSING_IMAGE,,https://www.youtube.com/watch?v=FRHCjt02YuY
S2023E15,IN_SCOPE,2023-03-31,,False,,LES PIRES ÊTRES HUMAINS HORS CONTEXTE (ils ont tout compris à la vie),LES PIRES ÊTRES HUMAINS HORS CONTEXTE (ils ont tout compris à la vie),True,OK,LgcqbzL6G38,14:05,14,14,True,,MISSING_IMAGE,,https://www.youtube.com/watch?v=LgcqbzL6G38
S2023E14,IN_SCOPE,2023-03-26,,False,,CACHE CACHE EXTRÊME #3 (1000€ pour se cacher)(Thomas est une fontaine),CACHE CACHE EXTRÊME #3 (1000€ pour se cacher)(Thomas est une fontaine),True,OK,X1MSeqV4ZUw,35:28,35,35,True,,MISSING_IMAGE,,https://www.youtube.com/watch?v=X1MSeqV4ZUw
S2023E13,IN_SCOPE,2023-03-19,,False,,QUI EST LE COUPABLE ? (On juge vos histoires de couples et de potes c’est hilarant),QUI EST LE COUPABLE ? (On juge vos histoires de couples et de potes c’est hilarant),True,OK,J5gCEu8C7Kw,58:12,58,58,True,,MISSING_IMAGE,,https://www.youtube.com/watch?v=J5gCEu8C7Kw
S2023E12,IN_SCOPE,2023-03-15,,False,,LES COMPTES INSTAGRAM LES PLUS DRÔLES ! #2,LES COMPTES INSTAGRAM LES PLUS DRÔLES ! #2,True,OK,o8zZMiuF-6I,15:30,16,16,True,,MISSING_IMAGE,,https://www.youtube.com/watch?v=o8zZMiuF-6I
S2023E11,IN_SCOPE,2023-03-12,,False,,100 COUCHES DE MÉTAL CHALLENGE (on s'évade de notre prison de métal),100 COUCHES DE MÉTAL CHALLENGE (on s'évade de notre prison de métal),True,OK,xJsLRuOaF2s,35:30,36,36,True,,MISSING_IMAGE,,https://www.youtube.com/watch?v=xJsLRuOaF2s
S2023E10,IN_SCOPE,2023-03-05,,False,,LES PIRES OBJETS AMAZON ! (notés 1 étoile)(n’achetez pas) #5,LES PIRES OBJETS AMAZON ! (notés 1 étoile)(n’achetez pas) #5,True,OK,v1VnZV_WTN0,18:03,18,18,True,,MISSING_IMAGE,,https://www.youtube.com/watch?v=v1VnZV_WTN0
S2023E09,IN_SCOPE,2023-02-26,,False,,On vit 24H dans un CHALET à 50 MILLIONS D'EUROS ! (+ cache cache de riche),On vit 24H dans un CHALET à 50 MILLIONS D'EUROS ! (+ cache cache de riche),True,OK,ljw-LkPpD3Y,56:21,56,56,True,,MISSING_IMAGE,,https://www.youtube.com/watch?v=ljw-LkPpD3Y
S2023E08,IN_SCOPE,2023-02-19,,False,,ON SURVIT 24H en HAUTE MONTAGNE ! (UNIQUEMENT avec des objets wish),ON SURVIT 24H en HAUTE MONTAGNE ! (UNIQUEMENT avec des objets wish),True,OK,4flmSfWcsWk,46:14,46,46,True,,MISSING_IMAGE,,https://www.youtube.com/watch?v=4flmSfWcsWk
S2023E07,IN_SCOPE,2023-02-12,,False,,ON MANGE 100 DESSERTS D’AFFILÉE (et on les juge)(rip),ON MANGE 100 DESSERTS D’AFFILÉE (et on les juge)(rip),True,OK,_r1SSeGT6a4,1:03:27,63,63,True,,MISSING_IMAGE,,https://www.youtube.com/watch?v=_r1SSeGT6a4
S2023E06,IN_SCOPE,2023-02-05,,False,,"SI VOUS ME FAITES RIRE, JE VOUS PAYE ! #4","SI VOUS ME FAITES RIRE, JE VOUS PAYE ! #4",True,OK,-aBh51sVvfM,20:09,20,20,True,,MISSING_IMAGE,,https://www.youtube.com/watch?v=-aBh51sVvfM
S2023E05,IN_SCOPE,2023-01-29,,False,,J'AI ACHETÉ LA FERRARI LA MOINS CHÈRE POSSIBLE ! (ne faites pas ça),J'AI ACHETÉ LA FERRARI LA MOINS CHÈRE POSSIBLE ! (ne faites pas ça),True,OK,rnXgIMyG1K4,48:50,49,49,True,,MISSING_IMAGE,,https://www.youtube.com/watch?v=rnXgIMyG1K4
S2023E04,IN_SCOPE,2023-01-22,,False,,LES PIRES OBJETS DES SITES CHINOIS !(utilité DOUTEUSE) #7,LES PIRES OBJETS DES SITES CHINOIS !(utilité DOUTEUSE) #7,True,OK,E8Zf9xHkHLQ,20:58,21,21,True,,MISSING_IMAGE,,https://www.youtube.com/watch?v=E8Zf9xHkHLQ
S2023E03,IN_SCOPE,2023-01-15,,False,,"FAITES-MOI RIRE, GAGNEZ 1000$ ! #3 (édition Canada)","FAITES-MOI RIRE, GAGNEZ 1000$ ! #3 (édition Canada)",True,OK,Z9TZnV-pF3U,30:58,31,31,True,,MISSING_IMAGE,,https://www.youtube.com/watch?v=Z9TZnV-pF3U
S2023E02,IN_SCOPE,2023-01-08,,False,,LES PIRES ANNONCES SUR LEBONCOIN ! #11,LES PIRES ANNONCES SUR LEBONCOIN ! #11,True,OK,0JgKWeU7cUY,17:08,17,17,True,,MISSING_IMAGE,,https://www.youtube.com/watch?v=0JgKWeU7cUY
S2023E01,IN_SCOPE,2023-01-01,,False,,ÉTOILÉ ou SURGELÉ ? (le jeu de dégustation IMPOSSIBLE) #3,ÉTOILÉ ou SURGELÉ ? (le jeu de dégustation IMPOSSIBLE) #3 🇨🇦,False,COSMETIC_EXACTNESS,rFZ2hVbvXNs,37:25,37,37,True,,MISSING_IMAGE,,https://www.youtube.com/watch?v=rFZ2hVbvXNs
S2022E58,IN_SCOPE,2022-12-25,,False,,On a construit le LEGO TOUR EIFFEL en 48H !(le plus gros du monde)(fatigue extrême),On a construit le LEGO TOUR EIFFEL en 48H !(le plus gros du monde😭)(fatigue extrême),False,COSMETIC_EXACTNESS,GW4dHZ2R9tw,1:05:59,66,66,True,season finale,MISSING_IMAGE,,https://www.youtube.com/watch?v=GW4dHZ2R9tw
S2022E57,IN_SCOPE,2022-12-18,,False,,LES PIRES OBJETS TIKTOK (ça va changer ta vie)(non) #2,LES PIRES OBJETS TIKTOK (ça va changer ta vie)(non) #2,True,OK,5zTOmMJ5oAk,17:16,17,17,True,,MISSING_IMAGE,,https://www.youtube.com/watch?v=5zTOmMJ5oAk
S2022E56,IN_SCOPE,2022-12-11,,False,,CACHE-CACHE ÉDITION CAMOUFLAGE EXTRÊME (masterclass de Thomas),CACHE-CACHE ÉDITION CAMOUFLAGE EXTRÊME (masterclass de Thomas),True,OK,mHezIFqgCOQ,24:10,24,24,True,,MISSING_IMAGE,,https://www.youtube.com/watch?v=mHezIFqgCOQ
S2022E55,IN_SCOPE,2022-12-04,,False,,ON BOIT 100 BOISSONS D'AFFILÉE (et on les juge)(j’ai failli vomir),ON BOIT 100 BOISSONS D'AFFILÉE (et on les juge)(j’ai failli vomir),True,OK,E5b9TeunwMw,1:03:54,64,64,True,,MISSING_IMAGE,,https://www.youtube.com/watch?v=E5b9TeunwMw
S2022E54,IN_SCOPE,2022-11-30,,False,,LES PIRES TOURISTES DU MONDE (elle s’accouple avec un monument tout va bien),LES PIRES TOURISTES DU MONDE (elle s’accouple avec un monument tout va bien),True,OK,JtpmZ39ffTY,14:52,15,15,True,,MISSING_IMAGE,,https://www.youtube.com/watch?v=JtpmZ39ffTY
S2022E53,IN_SCOPE,2022-11-27,,False,,ON AFFRONTE 100 PEURS ! (on peut vraiment avoir peur de ça ?),ON AFFRONTE 100 PEURS ! (on peut vraiment avoir peur de ça ? 😭),False,PUNCTUATION_EMOJI_EXACTNESS,gkyoePnAuF8,44:29,44,44,True,,MISSING_IMAGE,,https://www.youtube.com/watch?v=gkyoePnAuF8
S2022E52,IN_SCOPE,2022-11-20,,False,,LES PIRES PRODUITS DÉRIVÉS (ils ont essayé de nous vendre ça),LES PIRES PRODUITS DÉRIVÉS (ils ont essayé de nous vendre ça),True,OK,ccg1xxVXop4,16:47,16,17,False,,MISSING_IMAGE,,https://www.youtube.com/watch?v=ccg1xxVXop4
S2022E51,IN_SCOPE,2022-11-13,,False,,CACHE-CACHE EXTRÊME (si t’es trouvé tu souffres),CACHE-CACHE EXTRÊME (si t’es trouvé tu souffres),True,OK,UQGzWDJnqP0,33:15,33,33,True,,MISSING_IMAGE,,https://www.youtube.com/watch?v=UQGzWDJnqP0
S2022E50,IN_SCOPE,2022-11-06,,False,,100 COUCHES DE BÉTON CHALLENGE (on s'évade de notre prison en béton),100 COUCHES DE BÉTON CHALLENGE (on s'évade de notre prison en béton),True,OK,-3AfCwgcH5I,30:07,30,30,True,,MISSING_IMAGE,,https://www.youtube.com/watch?v=-3AfCwgcH5I
S2022E49,IN_SCOPE,2022-10-28,,False,,LES PIRES OBJETS (CHOQUANTS) sur AMAZON ! #3 (j’ai acheté un bras),LES PIRES OBJETS (CHOQUANTS) sur AMAZON ! #3 (j’ai acheté un bras),True,OK,FoRhug4hQiU,17:19,17,17,True,,MISSING_IMAGE,,https://www.youtube.com/watch?v=FoRhug4hQiU
S2022E47,IN_SCOPE,2022-10-16,,False,,ON MANGE 100 PLATS D’AFFILÉ (et on les juge)(On en peut plus),ON MANGE 100 PLATS D’AFFILÉE (et on les juge)(On en peut plus),False,SUBSTANTIVE_MISMATCH,iz3gCjfjzDI,54:14,54,54,True,,MISSING_IMAGE,,https://www.youtube.com/watch?v=iz3gCjfjzDI
S2022E46,IN_SCOPE,2022-10-10,,False,,LA COURSE DE NOTRE VIE - GP Explorer Partie 2,LA COURSE DE NOTRE VIE - GP Explorer Partie 2,True,OK,bxtwvDky-jw,19:20,19,19,True,,MISSING_IMAGE,,https://www.youtube.com/watch?v=bxtwvDky-jw
S2022E45,IN_SCOPE,2022-10-09,,False,,200 JOURS POUR RÉALISER SON RÊVE ! - GP EXPLORER Partie 1,200 JOURS POUR RÉALISER SON RÊVE ! - GP EXPLORER Partie 1,True,OK,lM4V1pS6T2Y,57:00,57,57,True,,MISSING_IMAGE,,https://www.youtube.com/watch?v=lM4V1pS6T2Y
S2022E44,IN_SCOPE,2022-10-02,,False,,DUEL DE BLAGUES NULLES édition sonore (on a pleuré de rire),DUEL DE BLAGUES NULLES édition sonore (on a pleuré de rire),True,OK,vfElabU9rKQ,22:57,22,23,False,,MISSING_IMAGE,,https://www.youtube.com/watch?v=vfElabU9rKQ
S2022E43,IN_SCOPE,2022-09-28,,False,,Les PIRES FAILS de MILLIONAIRES ! (fallait pas se la péter aussi),Les PIRES FAILS de MILLIONAIRES ! (fallait pas se la péter aussi),True,OK,UflpOoFWtGI,13:45,14,14,True,,MISSING_IMAGE,,https://www.youtube.com/watch?v=UflpOoFWtGI
S2022E42,IN_SCOPE,2022-09-25,,False,,J'AI ACHETÉ UN CONTENEUR AUX ENCHÈRES (énorme escroquerie),J'AI ACHETÉ UN CONTENEUR AUX ENCHÈRES (énorme escroquerie😭),False,COSMETIC_EXACTNESS,HjNNZtwfKc8,20:00,20,20,True,,MISSING_IMAGE,,https://www.youtube.com/watch?v=HjNNZtwfKc8
S2022E41,IN_SCOPE,2022-09-18,,False,,Pendant ce temps là aux États-Unis.. (ils ne s’arrêteront jamais),Pendant ce temps là aux États-Unis.. (ils ne s’arrêteront jamais),True,OK,ajyvE1ArUHo,13:58,15,14,False,,MISSING_IMAGE,,https://www.youtube.com/watch?v=ajyvE1ArUHo
S2022E40,IN_SCOPE,2022-09-11,,False,,LES PIRES OBJETS sur EBAY ! #2 (retirez ça tout de suite de la vente),LES PIRES OBJETS sur EBAY ! #2 (retirez ça tout de suite de la vente 😭),False,PUNCTUATION_EMOJI_EXACTNESS,2Jh0QiW6B50,14:20,14,14,True,,MISSING_IMAGE,,https://www.youtube.com/watch?v=2Jh0QiW6B50
S2022E39,IN_SCOPE,2022-09-04,,False,,"3 INCONNUS, 3 HISTOIRES VRAIES INCROYABLES (je suis choqué)","3 INCONNUS, 3 HISTOIRES VRAIES INCROYABLES (je suis choqué)",True,OK,uOVBxoz-qak,50:12,50,50,True,,MISSING_IMAGE,,https://www.youtube.com/watch?v=uOVBxoz-qak
S2022E38,IN_SCOPE,2022-08-28,,False,,"FAITES-MOI RIRE, GAGNEZ 1000€ ! #2 (on a eu des pépites)","FAITES-MOI RIRE, GAGNEZ 1000€ ! #2 (on a eu des pépites)",True,OK,hRHkvfXrGfQ,28:26,28,28,True,,MISSING_IMAGE,,https://www.youtube.com/watch?v=hRHkvfXrGfQ
S2022E37,IN_SCOPE,2022-08-21,,False,,100 COUCHES POLYSTYRENE CHALLENGE (on s'évade de notre prison en polystyrène),100 COUCHES POLYSTYRENE CHALLENGE (on s'évade de notre prison en polystyrène),True,OK,aWf7nRjRh2c,42:20,42,42,True,,MISSING_IMAGE,,https://www.youtube.com/watch?v=aWf7nRjRh2c
S2022E36,IN_SCOPE,2022-08-14,,False,,J’ai passé 100 heures dans une cabane en Arctique,J’ai passé 100 heures dans une cabane en Arctique,True,OK,u6FWL6YI1lU,56:29,56,56,True,,MISSING_IMAGE,,https://www.youtube.com/watch?v=u6FWL6YI1lU
S2022E35,IN_SCOPE,2022-07-31,,False,,J’AI ACHETÉ UNE VOITURE SUR UN SITE CHINOIS (c’est une catastrophe) ft. Vilebrequin,J’AI ACHETÉ UNE VOITURE SUR UN SITE CHINOIS (c’est une catastrophe) ft. Vilebrequin,True,OK,PEorJqo2Qaw,37:11,37,37,True,,MISSING_IMAGE,,https://www.youtube.com/watch?v=PEorJqo2Qaw
S2022E34,IN_SCOPE,2022-07-24,,False,,CACHE CACHE EXTRÊME #2 (1000€ pour se cacher)(Thomas est dans un matelas),CACHE CACHE EXTRÊME #2 (1000€ pour se cacher)(Thomas est dans un matelas),True,OK,qfL_GCXtYCU,31:45,32,32,True,,MISSING_IMAGE,,https://www.youtube.com/watch?v=qfL_GCXtYCU
S2022E33,IN_SCOPE,2022-07-17,,False,,J’ai acheté tous les objets des pubs insta (c'est parti en suçette) #3,J’ai acheté tous les objets des pubs insta (c'est parti en suçette) #3,True,OK,jJPvRo8xeIE,26:51,28,27,False,,MISSING_IMAGE,,https://www.youtube.com/watch?v=jJPvRo8xeIE
S2022E32,IN_SCOPE,2022-07-10,,False,,LES PIRES MOTS DANS LE CARNET ! #9,LES PIRES MOTS DANS LE CARNET ! #9,True,OK,_ERHc0FRUu0,23:57,24,24,True,,MISSING_IMAGE,,https://www.youtube.com/watch?v=_ERHc0FRUu0
S2022E31,IN_SCOPE,2022-07-03,,False,,24H DANS UN CAMPING-CAR DE LUXE VS UNE CARAVANE PAS OUF,24H DANS UN CAMPING-CAR DE LUXE VS UNE CARAVANE PAS OUF,True,OK,0py8BvdfG6E,36:15,36,36,True,,MISSING_IMAGE,,https://www.youtube.com/watch?v=0py8BvdfG6E
S2022E30,IN_SCOPE,2022-06-26,,False,,LES PIRES OBJETS AMAZON ! (notés 1 étoile) #4,LES PIRES OBJETS AMAZON ! (notés 1 étoile) #4,True,OK,9UHkxGXgj5w,17:38,18,18,True,,MISSING_IMAGE,,https://www.youtube.com/watch?v=9UHkxGXgj5w
S2022E29,IN_SCOPE,2022-06-19,,False,,ÉTOILÉ ou SURGELÉ ? (le retour du meilleur jeu culinaire) #2,ÉTOILÉ ou SURGELÉ ? (le retour du meilleur jeu culinaire) #2,True,OK,zbNWCv2tmYo,31:43,32,32,True,,MISSING_IMAGE,,https://www.youtube.com/watch?v=zbNWCv2tmYo
S2022E28,IN_SCOPE,2022-06-17,,False,,LES PIRES CLIENTS (elle est insupportable mais c’est drôle),LES PIRES CLIENTS (elle est insupportable mais c’est drôle 😭),False,PUNCTUATION_EMOJI_EXACTNESS,sIEPyDVMQqA,14:31,15,15,True,,MISSING_IMAGE,,https://www.youtube.com/watch?v=sIEPyDVMQqA
S2022E27,IN_SCOPE,2022-06-12,,False,,LES PIRES INVENTIONS (vraiment ça change rien à ta vie),LES PIRES INVENTIONS (vraiment ça change rien à ta vie),True,OK,L2wonwbmTzE,17:27,17,17,True,,MISSING_IMAGE,,https://www.youtube.com/watch?v=L2wonwbmTzE
S2022E26,IN_SCOPE,2022-06-05,,False,,POUR COMBIEN ? : L'ÉMISSION (je leur fais faire n’importe quoi jsuis le pire patron),POUR COMBIEN ? : L'ÉMISSION (je leur fais faire n’importe quoi jsuis le pire patron),True,OK,3BCDoiwfDFA,26:19,26,26,True,,MISSING_IMAGE,,https://www.youtube.com/watch?v=3BCDoiwfDFA
S2022E25,IN_SCOPE,2022-06-01,,False,,Les plats les plus chers du monde (c'était bon),Les plats les plus chers du monde (c'était bon),True,OK,LNhTFYZQb3A,22:40,22,23,False,,MISSING_IMAGE,,https://www.youtube.com/watch?v=LNhTFYZQb3A
S2022E24,IN_SCOPE,2022-05-29,,False,,Une journée comme des naufragés sur un radeau de survie,Une journée comme des naufragés sur un radeau de survie,True,OK,uZJViaajQWE,33:32,33,34,False,,MISSING_IMAGE,,https://www.youtube.com/watch?v=uZJViaajQWE
S2022E23,IN_SCOPE,2022-05-22,,False,,On vit 24H dans une VILLA à 60 MILLIONS d’Euros ! (+ un cache cache de riche),On vit 24H dans une VILLA à 60 MILLIONS d’Euros ! (+ un cache cache de riche),True,OK,o0Z-7ZlI2g4,40:26,40,40,True,,MISSING_IMAGE,,https://www.youtube.com/watch?v=o0Z-7ZlI2g4
S2022E22,IN_SCOPE,2022-05-19,,False,,24H SUR UN PORTE-AVIONS (c’est complètement démesuré),24H SUR UN PORTE-AVIONS (c’est complètement démesuré),True,OK,CpI_LDx5mX4,37:13,37,37,True,,MISSING_IMAGE,,https://www.youtube.com/watch?v=CpI_LDx5mX4
S2022E21,IN_SCOPE,2022-05-13,,False,,CES GENS SONT INCONSCIENTS ! (genre elle a ouvert la porte de l’avion) #2,CES GENS SONT INCONSCIENTS ! (genre elle a ouvert la porte de l’avion) #2,True,OK,lxG7qOlP3oE,13:32,14,14,True,,MISSING_IMAGE,,https://www.youtube.com/watch?v=lxG7qOlP3oE
S2022E20,IN_SCOPE,2022-05-08,,False,,100 COUCHES DE BOIS CHALLENGE (on s’évade de notre prison de bois),100 COUCHES DE BOIS CHALLENGE (on s’évade de notre prison de bois),True,OK,Mklf_CK2Vvw,29:32,30,30,True,,MISSING_IMAGE,,https://www.youtube.com/watch?v=Mklf_CK2Vvw
S2022E19,IN_SCOPE,2022-05-01,,False,,"FAITES MOI RIRE, GAGNEZ 1000€ (ces gens sont des génies)","FAITES MOI RIRE, GAGNEZ 1000€ (ces gens sont des génies)",True,OK,zIXe1UxUrOw,24:47,25,25,True,,MISSING_IMAGE,,https://www.youtube.com/watch?v=zIXe1UxUrOw
S2022E18,IN_SCOPE,2022-04-24,,False,,100 PORTES CHALLENGE (une seule est la sortie),100 PORTES CHALLENGE (une seule est la sortie),True,OK,EJcrlhejbyw,29:13,29,29,True,,MISSING_IMAGE,,https://www.youtube.com/watch?v=EJcrlhejbyw
S2022E17,IN_SCOPE,2022-04-17,,False,,QUI TROUVERA LE LINGOT D’OR CACHÉ ? (ils ont tout détruit),QUI TROUVERA LE LINGOT D’OR CACHÉ ? (ils ont tout détruit 😭),False,PUNCTUATION_EMOJI_EXACTNESS,OEfbaQAt_t0,37:05,37,37,True,,MISSING_IMAGE,,https://www.youtube.com/watch?v=OEfbaQAt_t0
S2022E16,IN_SCOPE,2022-04-10,,False,,LES PIRES LIFEHACKS TIKTOK (ça va changer votre vie)(pas sûr),LES PIRES LIFEHACKS TIKTOK (ça va changer votre vie)(pas sûr),True,OK,j4Xp8IpVa-o,17:13,17,17,True,,MISSING_IMAGE,,https://www.youtube.com/watch?v=j4Xp8IpVa-o
S2022E15,IN_SCOPE,2022-04-03,,False,,CACHE CACHE EXTRÊME (1000€ pour se cacher)(je suis dans un cheval),CACHE CACHE EXTRÊME (1000€ pour se cacher)(je suis dans un cheval),True,OK,V0xPK96CVCA,39:11,39,39,True,,MISSING_IMAGE,,https://www.youtube.com/watch?v=V0xPK96CVCA
S2022E14,IN_SCOPE,2022-03-27,,False,,ON A CONSTRUIT UNE MAISON FLOTTANTE (on dort dedans il fait 2°),ON A CONSTRUIT UNE MAISON FLOTTANTE (on dort dedans il fait 2°),True,OK,fJyqcV4YYSU,48:52,48,49,False,,MISSING_IMAGE,,https://www.youtube.com/watch?v=fJyqcV4YYSU
S2022E13,IN_SCOPE,2022-03-20,,False,,On vit 24H sur un YACHT à 30 MILLIONS d’Euros ! (+ un cache cache de riche),On vit 24H sur un YACHT à 30 MILLIONS d’Euros ! (+ un cache cache de riche),True,OK,1gu1q3T_I8s,43:17,43,43,True,,MISSING_IMAGE,,https://www.youtube.com/watch?v=1gu1q3T_I8s
S2022E12,IN_SCOPE,2022-03-13,,False,,100 COUCHES DE GLACE CHALLENGE (on s'évade de notre prison en glace),100 COUCHES DE GLACE CHALLENGE (on s'évade de notre prison en glace 🧊),False,PUNCTUATION_EMOJI_EXACTNESS,qGnEd7RcdOw,36:56,36,37,False,,MISSING_IMAGE,,https://www.youtube.com/watch?v=qGnEd7RcdOw
S2022E11,IN_SCOPE,2022-03-06,,False,,Les pires objets des sites chinois (c’est vraiment à la vente ça ?)(apparemment oui),Les pires objets des sites chinois (c’est vraiment à la vente ça ?)(apparemment oui),True,OK,ep4Zs9PxUc0,15:27,15,15,True,,MISSING_IMAGE,,https://www.youtube.com/watch?v=ep4Zs9PxUc0
S2022E10,IN_SCOPE,2022-02-27,,False,,LE PREMIER QUI QUITTE LA FRANCE GAGNE 10 000€ ! (meilleur jeu),LE PREMIER QUI QUITTE LA FRANCE GAGNE 10 000€ ! (meilleur jeu),True,OK,QrEUokvKCuQ,48:11,48,48,True,,MISSING_IMAGE,,https://www.youtube.com/watch?v=QrEUokvKCuQ
S2022E09,IN_SCOPE,2022-02-23,,False,,CES VIDÉOS NOUS ONT RETOURNÉ LE CERVEAU !,CES VIDÉOS NOUS ONT RETOURNÉ LE CERVEAU ! 🤯,False,COSMETIC_EXACTNESS,0G3Yab-2w7U,13:23,13,13,True,,MISSING_IMAGE,,https://www.youtube.com/watch?v=0G3Yab-2w7U
S2022E08,IN_SCOPE,2022-02-20,,False,,ON DEVINE QUEL EST L’OBJET DE LUXE ! (à l’aveugle),ON DEVINE QUEL EST L’OBJET DE LUXE ! (à l’aveugle),True,OK,QHmDEFLosSA,21:54,21,22,False,,MISSING_IMAGE,,https://www.youtube.com/watch?v=QHmDEFLosSA
S2022E07,IN_SCOPE,2022-02-13,,False,,J’ai acheté tous les objets des pubs insta (on est allés trop loin) #2,J’ai acheté tous les objets des pubs insta (on est allés trop loin) #2,True,OK,sqJeESvl_ws,23:03,23,23,True,,MISSING_IMAGE,,https://www.youtube.com/watch?v=sqJeESvl_ws
S2022E06,IN_SCOPE,2022-02-06,,False,,ÉTOILÉ ou SURGELÉ ? (meilleur jeu de dégustation),ÉTOILÉ ou SURGELÉ ? (meilleur jeu de dégustation) 😂,False,COSMETIC_EXACTNESS,5LYtrbOwq0k,29:24,29,29,True,,MISSING_IMAGE,,https://www.youtube.com/watch?v=5LYtrbOwq0k
S2022E05,IN_SCOPE,2022-01-30,,False,,Les PIRES arrestations ! (heureusement c’était filmé c’est un bonheur),Les PIRES arrestations ! (heureusement c’était filmé c’est un bonheur),True,OK,QPTFxf-BoMA,14:39,14,15,False,,MISSING_IMAGE,,https://www.youtube.com/watch?v=QPTFxf-BoMA
S2022E04,IN_SCOPE,2022-01-26,,False,,Les pires moments arrivés EN DIRECT (il s’est fait dessus on est d’accord),Les pires moments arrivés EN DIRECT (il s’est fait dessus on est d’accord),True,OK,qD8ZeqU9sjs,13:46,13,14,False,,MISSING_IMAGE,,https://www.youtube.com/watch?v=qD8ZeqU9sjs
S2022E03,IN_SCOPE,2022-01-23,,False,,Ces gens ont choisi le PIRE moment pour filmer,Ces gens ont choisi le PIRE moment pour filmer,True,OK,-ICvlVzNE_4,12:10,12,12,True,,MISSING_IMAGE,,https://www.youtube.com/watch?v=-ICvlVzNE_4
S2022E02,IN_SCOPE,2022-01-16,,False,,Les bateaux les plus chers du monde (relativement EXCESSIF),Les bateaux les plus chers du monde (relativement EXCESSIF),True,OK,fu9__50sqO4,21:06,21,21,True,,MISSING_IMAGE,,https://www.youtube.com/watch?v=fu9__50sqO4
S2022E01,IN_SCOPE,2022-01-09,,False,,Je découvre la version chinoise de TikTok (c’est un AUTRE monde),Je découvre la version chinoise de TikTok (c’est un AUTRE monde),True,OK,dmi8HV-aHdY,14:43,14,15,False,,MISSING_IMAGE,,https://www.youtube.com/watch?v=dmi8HV-aHdY
S2021E86,IN_SCOPE,2021-12-30,,False,,On a construit le TITANIC LEGO en 48H (le plus DIFFICILE du MONDE)(plus jamais),On a construit le TITANIC LEGO en 48H (le plus DIFFICILE du MONDE)(plus jamais),True,OK,M5gAnFN1k7E,1:07:46,68,68,True,season finale,MISSING_IMAGE,,https://www.youtube.com/watch?v=M5gAnFN1k7E
S2021E85,IN_SCOPE,2021-12-28,,False,,SI ÇA N’AVAIT PAS ÉTÉ FILMÉ TU L’AURAIS PAS CRU ! (moi non plus),SI ÇA N’AVAIT PAS ÉTÉ FILMÉ TU L’AURAIS PAS CRU ! (moi non plus),True,OK,TsNfqkZgcI4,15:45,15,16,False,,MISSING_IMAGE,,https://www.youtube.com/watch?v=TsNfqkZgcI4
S2021E84,IN_SCOPE,2021-12-23,,False,,ON DÉCORE UN SAPIN DE NOËL GÉANT ! (on passe une journée de Noël ultra cliché),ON DÉCORE UN SAPIN DE NOËL GÉANT ! (on passe une journée de Noël ultra cliché 😅),False,PUNCTUATION_EMOJI_EXACTNESS,0pV7OSrKxQY,27:51,27,28,False,,MISSING_IMAGE,,https://www.youtube.com/watch?v=0pV7OSrKxQY
S2021E83,IN_SCOPE,2021-12-19,,False,,LES PIRES (et meilleurs) DIY TIKTOK (je les teste tous),LES PIRES (et meilleurs) DIY TIKTOK (je les teste tous),True,OK,L2eWM4-wj_w,15:56,15,16,False,,MISSING_IMAGE,,https://www.youtube.com/watch?v=L2eWM4-wj_w
S2021E82,IN_SCOPE,2021-12-12,,False,,100 COUCHES DE CARTON CHALLENGE (on s’évade de notre prison en carton),100 COUCHES DE CARTON CHALLENGE (on s’évade de notre prison en carton),True,OK,3MiKIbdNRGk,32:39,32,33,False,,MISSING_IMAGE,,https://www.youtube.com/watch?v=3MiKIbdNRGk
S2021E81,IN_SCOPE,2021-12-08,,False,,Les PIRES évasions (il a sauté d'un immeuble),Les PIRES évasions (il a sauté d'un immeuble 🤯),False,PUNCTUATION_EMOJI_EXACTNESS,hdYr59E04ik,17:29,17,17,True,,MISSING_IMAGE,,https://www.youtube.com/watch?v=hdYr59E04ik
S2021E80,IN_SCOPE,2021-12-05,,False,,BARIL CHALLENGE (20000€ de cadeaux)(il’s m’ont RUINÉ),BARIL CHALLENGE (20000€ de cadeaux)(il’s m’ont RUINÉ 😭),False,PUNCTUATION_EMOJI_EXACTNESS,u4aJvxfPGLg,30:26,30,30,True,,MISSING_IMAGE,,https://www.youtube.com/watch?v=u4aJvxfPGLg
S2021E79,IN_SCOPE,2021-11-28,,False,,On va en Angleterre avec notre bateau rénové ! (il est incroyable),On va en Angleterre avec notre bateau rénové ! (il est incroyable 😲),False,PUNCTUATION_EMOJI_EXACTNESS,-2kZMfm1jlE,31:31,31,32,False,,MISSING_IMAGE,,https://www.youtube.com/watch?v=-2kZMfm1jlE
S2021E78,IN_SCOPE,2021-11-24,,False,,Les PIRES objets TIKTOK (genre un enfileur de chaussettes),Les PIRES objets TIKTOK (genre un enfileur de chaussettes),True,OK,3EsosCwELN8,14:10,14,14,True,,MISSING_IMAGE,,https://www.youtube.com/watch?v=3EsosCwELN8
S2021E77,IN_SCOPE,2021-11-21,,False,,"J’ai découvert cette DINGUERIE il y a 2 ans, il est temps d’en parler.","J’ai découvert cette DINGUERIE il y a 2 ans, il est temps d’en parler.",True,OK,3Zw4EGFJ4o8,35:01,35,35,True,,MISSING_IMAGE,,https://www.youtube.com/watch?v=3Zw4EGFJ4o8
S2021E76,IN_SCOPE,2021-11-19,,False,,LA BATAILLE DES STYLISTES (qui fera le meilleur look ?),LA BATAILLE DES STYLISTES (qui fera le meilleur look ?),True,OK,Xx5v7IY1sDA,49:51,49,50,False,,MISSING_IMAGE,,https://www.youtube.com/watch?v=Xx5v7IY1sDA
S2021E75,IN_SCOPE,2021-11-14,,False,,CACHE CACHE ROYAL (10000€ pour le dernier trouvé),CACHE CACHE ROYAL (10000€ pour le dernier trouvé),True,OK,lEFLsmp6GFA,42:29,42,42,True,,MISSING_IMAGE,,https://www.youtube.com/watch?v=lEFLsmp6GFA
S2021E74,IN_SCOPE,2021-11-10,,False,,LES VIDÉOS YOUTUBE D’IL Y A 10 ANS (ça fait mal),LES VIDÉOS YOUTUBE D’IL Y A 10 ANS (ça fait mal),True,OK,ugj6Hbea6S0,17:57,17,18,False,,MISSING_IMAGE,,https://www.youtube.com/watch?v=ugj6Hbea6S0
S2021E73,IN_SCOPE,2021-11-07,,False,,UNE JOURNÉE COMME UN AGRICULTEUR,UNE JOURNÉE COMME UN AGRICULTEUR 😲,False,COSMETIC_EXACTNESS,_jpCmndd32E,17:49,17,18,False,,MISSING_IMAGE,,https://www.youtube.com/watch?v=_jpCmndd32E
S2021E72,IN_SCOPE,2021-11-04,,False,,LES PIRES OBJETS (extrêmement chers) DES SITES CHINOIS !,LES PIRES OBJETS (extrêmement chers) DES SITES CHINOIS ! 😭,False,COSMETIC_EXACTNESS,S2ZYHQm9LJI,15:31,15,16,False,,MISSING_IMAGE,,https://www.youtube.com/watch?v=S2ZYHQm9LJI
S2021E71,IN_SCOPE,2021-10-31,,False,,FORTERESSE EN CARTON CHALLENGE (Qui résistera le plus longtemps ?),FORTERESSE EN CARTON CHALLENGE (Qui résistera le plus longtemps ?),True,OK,RAP0rVscN5M,42:18,42,42,True,,MISSING_IMAGE,,https://www.youtube.com/watch?v=RAP0rVscN5M
S2021E70,IN_SCOPE,2021-10-27,,False,,Les PIRES inventions du FUTUR (genre ça dans 30 ans c’est normal ?),Les PIRES inventions du FUTUR (genre ça dans 30 ans c’est normal ? 😭),False,PUNCTUATION_EMOJI_EXACTNESS,3Vm2C-Uy8_Y,18:47,18,19,False,,MISSING_IMAGE,,https://www.youtube.com/watch?v=3Vm2C-Uy8_Y
S2021E69,IN_SCOPE,2021-10-22,,False,,MON NOUVEAU STUDIO (le plus beau de youtube en toute objectivité),MON NOUVEAU STUDIO 😲 (le plus beau de youtube en toute objectivité),False,COSMETIC_EXACTNESS,026nhUJXyP0,25:17,25,25,True,,MISSING_IMAGE,,https://www.youtube.com/watch?v=026nhUJXyP0
S2021E68,IN_SCOPE,2021-10-16,,False,,ON A CONSTRUIT UNE CABANE DANS UN ARBRE (elle est ÉNORME),ON A CONSTRUIT UNE CABANE DANS UN ARBRE (elle est ÉNORME),True,OK,_2PspWe17Iw,41:35,41,42,False,,MISSING_IMAGE,,https://www.youtube.com/watch?v=_2PspWe17Iw
S2021E67,IN_SCOPE,2021-10-13,,False,,Les PIRES vidéos de caméras de surveillance ! #3,Les PIRES vidéos de caméras de surveillance ! #3,True,OK,VqX-5o7ZFJQ,13:35,13,14,False,,MISSING_IMAGE,,https://www.youtube.com/watch?v=VqX-5o7ZFJQ
S2021E66,IN_SCOPE,2021-10-10,,False,,ON TRANSFORME UN APPART ÉTUDIANT EN APPART DE LUXE (Elle est choquée),ON TRANSFORME UN APPART ÉTUDIANT EN APPART DE LUXE (Elle est choquée),True,OK,rOnIpoJ1Ygw,33:07,33,33,True,,MISSING_IMAGE,,https://www.youtube.com/watch?v=rOnIpoJ1Ygw
S2021E65,IN_SCOPE,2021-10-06,,False,,LES PIRES OBJETS EBAY ! (c’est un pied)(pourquoi on a jamais parlé de ça ?),LES PIRES OBJETS EBAY ! (c’est un pied)(pourquoi on a jamais parlé de ça ?)😅,False,COSMETIC_EXACTNESS,UvyemMowBl4,16:11,16,16,True,,MISSING_IMAGE,,https://www.youtube.com/watch?v=UvyemMowBl4
S2021E64,IN_SCOPE,2021-10-03,,False,,ON A CONSTRUIT DES CHAUSSURES POUR MARCHER SUR L’EAU (on a pleuré de rire),ON A CONSTRUIT DES CHAUSSURES POUR MARCHER SUR L’EAU (on a pleuré de rire),True,OK,8FzaXYEjQAU,35:24,35,35,True,,MISSING_IMAGE,,https://www.youtube.com/watch?v=8FzaXYEjQAU
S2021E63,IN_SCOPE,2021-09-29,,False,,Les PIRES SUPPORTERS (ils sont horribles mais ça me tue),Les PIRES SUPPORTERS (ils sont horribles mais ça me tue 😭),False,PUNCTUATION_EMOJI_EXACTNESS,B08ry6oWMyo,17:19,17,17,True,,MISSING_IMAGE,,https://www.youtube.com/watch?v=B08ry6oWMyo
S2021E62,IN_SCOPE,2021-09-24,,False,,Ces juges sont beaucoup trop à l'aise (LES PIRES JUGEMENTS),Ces juges sont beaucoup trop à l'aise (LES PIRES JUGEMENTS),True,OK,ldBewApRLww,19:41,19,20,False,,MISSING_IMAGE,,https://www.youtube.com/watch?v=ldBewApRLww
S2021E61,IN_SCOPE,2021-09-17,,False,,ON A CONSTRUIT CE LEGO STAR WARS JUSQU’À ÉPUISEMENT (on a pas tenu),ON A CONSTRUIT CE LEGO STAR WARS JUSQU’À ÉPUISEMENT (on a pas tenu😭),False,COSMETIC_EXACTNESS,Ih97gZUK_5k,59:11,59,59,True,,MISSING_IMAGE,,https://www.youtube.com/watch?v=Ih97gZUK_5k
S2021E60,IN_SCOPE,2021-09-12,,False,,Les PIRES fails aquatiques ! (ce chien est innocent)(non),Les PIRES fails aquatiques ! (ce chien est innocent)(non),True,OK,u-QLWkfVx6Q,23:59,24,24,True,,MISSING_IMAGE,,https://www.youtube.com/watch?v=u-QLWkfVx6Q
S2021E59,IN_SCOPE,2021-09-08,,False,,LES PIRES TUNINGS ! (c’est excessivement BEAUF),LES PIRES TUNINGS ! (c’est excessivement BEAUF 😅),False,PUNCTUATION_EMOJI_EXACTNESS,hCJz2FTHuh0,19:31,19,20,False,,MISSING_IMAGE,,https://www.youtube.com/watch?v=hCJz2FTHuh0
S2021E58,IN_SCOPE,2021-09-05,,False,,LES PIRES MOTS DANS LE CARNET ! #8,LES PIRES MOTS DANS LE CARNET ! #8,True,OK,wT1Oy0zRDD8,20:07,20,20,True,,MISSING_IMAGE,,https://www.youtube.com/watch?v=wT1Oy0zRDD8
S2021E57,IN_SCOPE,2021-08-29,,False,,ON A CONSTRUIT UN CAMP DE SURVIVANTS (pour la fin du monde genre)(on y passe une journée),ON A CONSTRUIT UN CAMP DE SURVIVANTS (pour la fin du monde genre)(on y passe une journée),True,OK,BvvhBzWgE-4,43:51,43,44,False,,MISSING_IMAGE,,https://www.youtube.com/watch?v=BvvhBzWgE-4
S2021E56,IN_SCOPE,2021-08-22,,False,,J’AI ACHETÉ LA PLUS PETITE MAISON POSSIBLE (on l’aménage pour y habiter),J’AI ACHETÉ LA PLUS PETITE MAISON POSSIBLE (on l’aménage pour y habiter😅),False,COSMETIC_EXACTNESS,zO2xtuBsWqo,37:42,37,38,False,,MISSING_IMAGE,,https://www.youtube.com/watch?v=zO2xtuBsWqo
S2021E55,IN_SCOPE,2021-08-15,,False,,ON A CONSTRUIT UNE VOITURE DIY ! (j'ai failli mourir en la conduisant),ON A CONSTRUIT UNE VOITURE DIY ! (j'ai failli mourir en la conduisant),True,OK,kvQToWGBoNk,38:47,38,39,False,,MISSING_IMAGE,,https://www.youtube.com/watch?v=kvQToWGBoNk
S2021E54,IN_SCOPE,2021-08-04,,False,,LES PIRES HUMAINS FACE À LA NATURE (il risque sa vie pour des saucisses genre),LES PIRES HUMAINS FACE À LA NATURE (il risque sa vie pour des saucisses genre),True,OK,JBNGAskmYrw,16:11,16,16,True,,MISSING_IMAGE,,https://www.youtube.com/watch?v=JBNGAskmYrw
S2021E53,IN_SCOPE,2021-07-31,,False,,60 MINUTES POUR EFFECTUER NOS VACANCES (c’est tendu mais c’est drôle),60 MINUTES POUR EFFECTUER NOS VACANCES (c’est tendu mais c’est drôle),True,OK,S0BV5qy-H0g,34:05,34,34,True,,MISSING_IMAGE,,https://www.youtube.com/watch?v=S0BV5qy-H0g
S2021E52,IN_SCOPE,2021-07-25,,False,,J’AI ACHETÉ LE BATEAU LE MOINS CHER du BONCOIN (pour traverser la Manche) #1,J’AI ACHETÉ LE BATEAU LE MOINS CHER du BONCOIN (pour traverser la Manche) #1,True,OK,6_p3rXnYE3Y,45:06,45,45,True,,MISSING_IMAGE,,https://www.youtube.com/watch?v=6_p3rXnYE3Y
S2021E51,IN_SCOPE,2021-07-21,,False,,Aller au McDrive en volant (et manger mon McDo en l’air),Aller au McDrive en volant (et manger mon McDo en l’air),True,OK,3ZR1KkjT9as,17:41,17,18,False,,MISSING_IMAGE,,https://www.youtube.com/watch?v=3ZR1KkjT9as
S2021E50,IN_SCOPE,2021-07-18,,False,,Me demandez pas pourquoi ils font ça,Me demandez pas pourquoi ils font ça 😂,False,COSMETIC_EXACTNESS,pD3id7LeOkw,16:16,16,16,True,,MISSING_IMAGE,,https://www.youtube.com/watch?v=pD3id7LeOkw
S2021E49,IN_SCOPE,2021-07-14,,False,,LES PIRES OBJETS (CHOQUANTS) D'AMAZON ! #2,LES PIRES OBJETS (CHOQUANTS) D'AMAZON ! #2,True,OK,8lRQS_cGxO0,14:13,14,14,True,,MISSING_IMAGE,,https://www.youtube.com/watch?v=8lRQS_cGxO0
S2021E48,IN_SCOPE,2021-07-07,,False,,J’ai acheté tous les objets des pubs insta pendant 1 mois (pas forcément une bonne idée),J’ai acheté tous les objets des pubs insta pendant 1 mois (pas forcément une bonne idée),True,OK,thdn22v0b7k,24:16,24,24,True,,MISSING_IMAGE,,https://www.youtube.com/watch?v=thdn22v0b7k
S2021E47,IN_SCOPE,2021-07-04,,False,,LES PIRES (et meilleures) ENTREPRISES des ABONNÉS ! (j’en veux encore),LES PIRES (et meilleures) ENTREPRISES des ABONNÉS ! (j’en veux encore 😂😂),False,PUNCTUATION_EMOJI_EXACTNESS,dYrr8Gij_Lo,1:05:02,65,65,True,,MISSING_IMAGE,,https://www.youtube.com/watch?v=dYrr8Gij_Lo
S2021E46,IN_SCOPE,2021-06-30,,False,,BLOQUÉ EN PLEIN DESERT ! (la routine quoi)(non),BLOQUÉ EN PLEIN DESERT ! (la routine quoi)(non),True,OK,Vr-HLklb2OI,18:10,18,18,True,,MISSING_IMAGE,,https://www.youtube.com/watch?v=Vr-HLklb2OI
S2021E45,IN_SCOPE,2021-06-27,,False,,LIBÉREZ L’OTAGE CHALLENGE (c’est trop stylé) (et drôle),LIBÉREZ L’OTAGE CHALLENGE (c’est trop stylé)(et drôle)😅,False,PUNCTUATION_EMOJI_EXACTNESS,eOOIoY2oVsw,28:19,28,28,True,,MISSING_IMAGE,,https://www.youtube.com/watch?v=eOOIoY2oVsw
S2021E44,IN_SCOPE,2021-06-23,,False,,Les PIRES émissions télé (genre concours de pets),Les PIRES émissions télé (genre concours de pets),True,OK,IGMOLWCJDqI,14:24,14,14,True,,MISSING_IMAGE,,https://www.youtube.com/watch?v=IGMOLWCJDqI
S2021E43,IN_SCOPE,2021-06-20,,False,,LES PIRES ANNONCES SUR LEBONCOIN ! #10,LES PIRES ANNONCES SUR LEBONCOIN ! #10,True,OK,OMWcvqk_Ff0,16:13,16,16,True,,MISSING_IMAGE,,https://www.youtube.com/watch?v=OMWcvqk_Ff0
S2021E42,IN_SCOPE,2021-06-13,,False,,Ces gens sont beaucoup trop forts !,Ces gens sont beaucoup trop forts 😭 !,False,COSMETIC_EXACTNESS,LaBm6RJQ1E4,19:47,19,20,False,,MISSING_IMAGE,,https://www.youtube.com/watch?v=LaBm6RJQ1E4
S2021E41,IN_SCOPE,2021-06-09,,False,,Les PIRES élèves (c’est quand même un peu des génies),Les PIRES élèves (c’est quand même un peu des génies),True,OK,SCjEF44cabY,12:06,12,12,True,,MISSING_IMAGE,,https://www.youtube.com/watch?v=SCjEF44cabY
S2021E40,IN_SCOPE,2021-06-05,,False,,UNE NUIT DANS UN MANOIR HANTÉ (j’ai jamais eu aussi peur),UNE NUIT DANS UN MANOIR HANTÉ (j’ai jamais eu aussi peur 😭),False,PUNCTUATION_EMOJI_EXACTNESS,XLwQg5JJLjA,46:25,46,46,True,,MISSING_IMAGE,,https://www.youtube.com/watch?v=XLwQg5JJLjA
S2021E39,IN_SCOPE,2021-05-30,,False,,Celui qui trouve l’aiguille dans la botte de foin gagne 10000€,Celui qui trouve l’aiguille dans la botte de foin gagne 10000€,True,OK,kwa6dq2N7JM,34:44,34,35,False,,MISSING_IMAGE,,https://www.youtube.com/watch?v=kwa6dq2N7JM
S2021E38,IN_SCOPE,2021-05-26,,False,,le seum de ces gens est colossal (c’est un plaisir à regarder),le seum de ces gens est colossal (c’est un plaisir à regarder),True,OK,epUyftXSaXI,15:11,15,15,True,,MISSING_IMAGE,,https://www.youtube.com/watch?v=epUyftXSaXI
S2021E37,IN_SCOPE,2021-05-23,,False,,BATAILLE DE CONSTRUCTION DE FUSÉES (j’pensais pas aller si haut),BATAILLE DE CONSTRUCTION DE FUSÉES 🚀 (j’pensais pas aller si haut 😲),False,PUNCTUATION_EMOJI_EXACTNESS,dV3zFtIAjMI,43:02,43,43,True,,MISSING_IMAGE,,https://www.youtube.com/watch?v=dV3zFtIAjMI
S2021E36,IN_SCOPE,2021-05-19,,False,,CES GENS ONT PÉTÉ LES PLOMBS ! (mais ça va mieux) (pas sûr) #2,CES GENS ONT PÉTÉ LES PLOMBS ! (mais ça va mieux) (pas sûr) #2,False,COSMETIC_EXACTNESS,kdo7JD-DZQY,12:12,12,12,True,,MISSING_IMAGE,,https://www.youtube.com/watch?v=kdo7JD-DZQY
S2021E35,IN_SCOPE,2021-05-14,,False,,24H SUR UNE ÎLE DÉSERTE (on a construit un camp incroyable),24H SUR UNE ÎLE DÉSERTE (on a construit un camp incroyable),True,OK,P0FAaVkn10E,47:54,47,48,False,,MISSING_IMAGE,,https://www.youtube.com/watch?v=P0FAaVkn10E
S2021E34,IN_SCOPE,2021-05-09,,False,,J'AI ACHETÉ UN BATEAU ! (on navigue dans l’Atlantique avec),J'AI ACHETÉ UN BATEAU ! (on navigue dans l’Atlantique avec),True,OK,1E9pDc0CeSY,21:14,21,21,True,,MISSING_IMAGE,,https://www.youtube.com/watch?v=1E9pDc0CeSY
S2021E33,IN_SCOPE,2021-05-05,,False,,Mais pourquoi ils font ça à leurs enfants ? (Les pires pranks de parents),Mais pourquoi ils font ça à leurs enfants ? 😭 (Les pires pranks de parents),False,COSMETIC_EXACTNESS,fTuuVSB0Mmw,15:03,15,15,True,,MISSING_IMAGE,,https://www.youtube.com/watch?v=fTuuVSB0Mmw
S2021E32,IN_SCOPE,2021-05-02,,False,,Les PIRES bricoleurs ! (ils sont NULS mais c’est drôle),Les PIRES bricoleurs ! (ils sont NULS mais c’est drôle),True,OK,5O24gWP279w,13:30,13,14,False,,MISSING_IMAGE,,https://www.youtube.com/watch?v=5O24gWP279w
S2021E31,IN_SCOPE,2021-04-29,,False,,Y’a peu de chances que ça se finisse bien,Y’a peu de chances que ça se finisse bien 😭,False,COSMETIC_EXACTNESS,YbMrNspLnMg,11:40,11,12,False,,MISSING_IMAGE,,https://www.youtube.com/watch?v=YbMrNspLnMg
S2021E30,IN_SCOPE,2021-04-25,,False,,J'OUVRE VOS COLIS ! (je sais même pas ce que c’est) #9867,J'OUVRE VOS COLIS ! (je sais même pas ce que c’est) #9867,True,OK,E7y0xQQPAck,18:43,18,19,False,,MISSING_IMAGE,,https://www.youtube.com/watch?v=E7y0xQQPAck
S2021E29,IN_SCOPE,2021-04-21,,False,,Y'a vraiment des gens qui collectionnent ça ? (oui)(Les pires musées),Y'a vraiment des gens qui collectionnent ça ? (oui)(Les pires musées),True,OK,Kt5ZW9PZURw,14:58,15,15,True,,MISSING_IMAGE,,https://www.youtube.com/watch?v=Kt5ZW9PZURw
S2021E28,IN_SCOPE,2021-04-18,,False,,Une nuit 400 mètres sous terre (24H dans une grotte),Une nuit 400 mètres sous terre 😲 (24H dans une grotte),False,COSMETIC_EXACTNESS,L_YIkFOjBl4,39:25,39,39,True,,MISSING_IMAGE,,https://www.youtube.com/watch?v=L_YIkFOjBl4
S2021E27,IN_SCOPE,2021-04-14,,False,,LES PIRES OBJETS AMAZON ! (notés 1 étoile) #3,LES PIRES OBJETS AMAZON ! (notés 1 étoile) #3,True,OK,o_ouo_PJxkw,16:17,16,16,True,,MISSING_IMAGE,,https://www.youtube.com/watch?v=o_ouo_PJxkw
S2021E26,IN_SCOPE,2021-04-11,,False,,LA BATAILLE DES FOOD TRUCKS (on a rincé nos clients),LA BATAILLE DES FOOD TRUCKS (on a rincé nos clients),True,OK,tZGmZmSzGYc,56:35,56,57,False,,MISSING_IMAGE,,https://www.youtube.com/watch?v=tZGmZmSzGYc
S2021E25,IN_SCOPE,2021-04-08,,False,,Les PIRES guerres entre voisins (ils sont très peu courtois)(voire violents),Les PIRES guerres entre voisins (ils sont très peu courtois)(voire violents),True,OK,xjksGrapobQ,16:41,16,17,False,,MISSING_IMAGE,,https://www.youtube.com/watch?v=xjksGrapobQ
S2021E24,IN_SCOPE,2021-04-04,,False,,LES PIRES IDÉES DES GENS PENDANT LE CONFINEMENT ! #4,LES PIRES IDÉES DES GENS PENDANT LE CONFINEMENT ! #4,True,OK,D3GqqIUE7Dw,15:55,16,16,True,,MISSING_IMAGE,,https://www.youtube.com/watch?v=D3GqqIUE7Dw
S2021E23,IN_SCOPE,2021-04-01,,False,,LES PIRES ENTREPRISES (genre de location de poules),LES PIRES ENTREPRISES (genre de location de poules),True,OK,Qbk_at5fZqc,26:21,26,26,True,,MISSING_IMAGE,,https://www.youtube.com/watch?v=Qbk_at5fZqc
S2021E22,IN_SCOPE,2021-03-28,,False,,OÙ EST CHARLIE IRL version EXTRÊME (genre depuis une montgolfière),OÙ EST CHARLIE IRL version EXTRÊME (genre depuis une montgolfière),True,OK,iO8m2TMgEhY,30:02,30,30,True,,MISSING_IMAGE,,https://www.youtube.com/watch?v=iO8m2TMgEhY
S2021E21,IN_SCOPE,2021-03-24,,False,,Si je rigole je vous paye ! (en cryptomonnaies) #3,Si je rigole je vous paye ! (en cryptomonnaies) #3,True,OK,-4He9rS25CE,19:02,19,19,True,,MISSING_IMAGE,,https://www.youtube.com/watch?v=-4He9rS25CE
S2021E20,IN_SCOPE,2021-03-17,,False,,Les PIRES transformations physiques ! (POURQUOI ?),Les PIRES transformations physiques ! (POURQUOI ?),True,OK,bj32Upz5I8k,14:33,14,15,False,,MISSING_IMAGE,,https://www.youtube.com/watch?v=bj32Upz5I8k
S2021E19,IN_SCOPE,2021-03-14,,False,,On a construit ce lego Disney sous alc*ol (24h sans dormir)(on a craqué),On a construit ce lego Disney sous alc*ol (24h sans dormir)(on a craqué),True,OK,I1s9gMxL3IE,1:11:19,71,71,True,,MISSING_IMAGE,,https://www.youtube.com/watch?v=I1s9gMxL3IE
S2021E18,IN_SCOPE,2021-03-10,,False,,Les PIRES artistes (je sais pas ce qu’ils ont voulu nous dire là),Les PIRES artistes (je sais pas ce qu’ils ont voulu nous dire là),True,OK,WW2ocqmT7g8,16:00,16,16,True,,MISSING_IMAGE,,https://www.youtube.com/watch?v=WW2ocqmT7g8
S2021E17,IN_SCOPE,2021-03-07,,False,,Ces gens sont fous mais c’est génial,Ces gens sont fous mais c’est génial,True,OK,bitwsG0lvUU,15:48,16,16,True,,MISSING_IMAGE,,https://www.youtube.com/watch?v=bitwsG0lvUU
S2021E16,IN_SCOPE,2021-03-03,,False,,Elle croit vraiment qu’on l’a pas vu (les PIRES camouflages),Elle croit vraiment qu’on l’a pas vu 😭 (les PIRES camouflages),False,COSMETIC_EXACTNESS,e61zIOtQ93A,11:33,11,12,False,,MISSING_IMAGE,,https://www.youtube.com/watch?v=e61zIOtQ93A
S2021E15,IN_SCOPE,2021-02-28,,False,,Les PIRES vidéos de caméras de surveillance ! #2,Les PIRES vidéos de caméras de surveillance ! #2,True,OK,A5JU2ZBXCWc,15:29,15,15,True,,MISSING_IMAGE,,https://www.youtube.com/watch?v=A5JU2ZBXCWc
S2021E14,IN_SCOPE,2021-02-24,,False,,Il était pas obligé de faire ça (mais je l’adore),Il était pas obligé de faire ça (mais je l’adore),True,OK,3lQnldfwIB8,15:00,15,15,True,,MISSING_IMAGE,,https://www.youtube.com/watch?v=3lQnldfwIB8
S2021E13,IN_SCOPE,2021-02-21,,False,,On a détruit votre enfance (désolé),On a détruit votre enfance (désolé),True,OK,O4ALATo9NCM,14:13,14,14,True,,MISSING_IMAGE,,https://www.youtube.com/watch?v=O4ALATo9NCM
S2021E12,IN_SCOPE,2021-02-17,,False,,LES PIRES INVENTIONS (c’était pas nécessaire vraiment),LES PIRES INVENTIONS (c’était pas nécessaire vraiment),True,OK,gP-XID743xA,17:35,17,18,False,,MISSING_IMAGE,,https://www.youtube.com/watch?v=gP-XID743xA
S2021E11,IN_SCOPE,2021-02-14,,False,,Les pires fails de mariage (c’est magnifique j’en veux encore),Les pires fails de mariage (c’est magnifique j’en veux encore),True,OK,fJspjfiakN4,16:25,16,16,True,,MISSING_IMAGE,,https://www.youtube.com/watch?v=fJspjfiakN4
S2021E10,IN_SCOPE,2021-02-10,,False,,Me demandez pas pourquoi,Me demandez pas pourquoi,True,OK,73JS6rcDWK4,12:47,13,13,True,,MISSING_IMAGE,,https://www.youtube.com/watch?v=73JS6rcDWK4
S2021E09,IN_SCOPE,2021-02-05,,False,,CES GENS ONT PÉTÉ LES PLOMBS ! (ça leur a fait du bien)(je crois),CES GENS ONT PÉTÉ LES PLOMBS ! (ça leur a fait du bien)(je crois),True,OK,ENF3UjYMMpc,17:39,17,18,False,,MISSING_IMAGE,,https://www.youtube.com/watch?v=ENF3UjYMMpc
S2021E08,IN_SCOPE,2021-01-31,,False,,ON DORT DANS NOTRE BUNKER (il fait 0°),ON DORT DANS NOTRE BUNKER (il fait 0°),True,OK,6-GK7yJ3QQU,45:11,45,45,True,,MISSING_IMAGE,,https://www.youtube.com/watch?v=6-GK7yJ3QQU
S2021E07,IN_SCOPE,2021-01-27,,False,,LES PIRES OBJETS SUR LES SITES CHINOIS ! #6,LES PIRES OBJETS SUR LES SITES CHINOIS ! #6,True,OK,98eopLWzsHk,14:33,14,15,False,,MISSING_IMAGE,,https://www.youtube.com/watch?v=98eopLWzsHk
S2021E06,IN_SCOPE,2021-01-22,,False,,LES PIRES VOLEURS #3 (ils sont toujours aussi NULS),LES PIRES VOLEURS #3 (ils sont toujours aussi NULS),True,OK,Cao0ZEvY4sw,17:54,18,18,True,,MISSING_IMAGE,,https://www.youtube.com/watch?v=Cao0ZEvY4sw
S2021E05,IN_SCOPE,2021-01-17,,False,,"100 ABONNÉS VS 4 YOUTUBERS ! (Nerf Zombie) ft @Michou​, @LeBouseuh​, @CHRIS​","100 ABONNÉS VS 4 YOUTUBERS ! (Nerf Zombie) ft @Michou, @LeBouseuh, @Chris_",False,PUNCTUATION_EMOJI_EXACTNESS,mG_7BB85ZTk,22:03,22,22,True,,MISSING_IMAGE,,https://www.youtube.com/watch?v=mG_7BB85ZTk
S2021E04,IN_SCOPE,2021-01-15,,False,,Ils l'ont regretté si vite,Ils l'ont regretté si vite,True,OK,qg5yMkdZupw,13:03,13,13,True,,MISSING_IMAGE,,https://www.youtube.com/watch?v=qg5yMkdZupw
S2021E03,IN_SCOPE,2021-01-10,,False,,ON SUIT DES GENS AU HASARD EN VOITURE (et on les rince),ON SUIT DES GENS AU HASARD EN VOITURE (et on les rince),True,OK,ybadhoHjH4Q,23:05,23,23,True,,MISSING_IMAGE,,https://www.youtube.com/watch?v=ybadhoHjH4Q
S2021E02,IN_SCOPE,2021-01-06,,False,,Y’a vraiment des gens passionnés par ÇA ?!,Y’a vraiment des gens passionnés par ÇA ?!,True,OK,iK_--ufUMug,16:27,16,16,True,,MISSING_IMAGE,,https://www.youtube.com/watch?v=iK_--ufUMug
S2021E01,IN_SCOPE,2021-01-02,,False,,LES PIRES TRADITIONS INSOLITES ! (genre la fête du pénis),LES PIRES TRADITIONS INSOLITES ! (genre la fête du pénis),True,OK,IzLGSfnJz1o,15:44,15,16,False,,MISSING_IMAGE,,https://www.youtube.com/watch?v=IzLGSfnJz1o
S2020E81,IN_SCOPE,2020-12-28,,False,,LE RÉSEAU SOCIAL LE PLUS DRÔLE DU MONDE ! (VR CHAT #5),LE RÉSEAU SOCIAL LE PLUS DRÔLE DU MONDE ! (VR CHAT #5),True,OK,o2NbXHo_Na4,16:36,16,17,False,season finale,MISSING_IMAGE,,https://www.youtube.com/watch?v=o2NbXHo_Na4
S2020E80,IN_SCOPE,2020-12-23,,False,,ON A CONSTRUIT POUDLARD LEGO EN 24H ! (Sans dormir) (On s’est décomposé),ON A CONSTRUIT POUDLARD LEGO EN 24H ! (Sans dormir) (On s’est décomposé),True,OK,IW9DRjSzwFM,1:06:41,66,67,False,,MISSING_IMAGE,,https://www.youtube.com/watch?v=IW9DRjSzwFM
S2020E79,IN_SCOPE,2020-12-20,,False,,LA CHANSON DES COMMENTAIRES - AMIXEM (Clip Officiel),LA CHANSON DES COMMENTAIRES - AMIXEM (Clip Officiel),True,OK,sjOZtB16NF0,4:44,4,5,False,,MISSING_IMAGE,,https://www.youtube.com/watch?v=sjOZtB16NF0
S2020E78,IN_SCOPE,2020-12-18,,False,,ON A DÉCÉDÉ DE RIRE LÀ (meilleur jeu à plusieurs),ON A DÉCÉDÉ DE RIRE LÀ (meilleur jeu à plusieurs),True,OK,nm6phOkf5hc,14:05,14,14,True,,MISSING_IMAGE,,https://www.youtube.com/watch?v=nm6phOkf5hc
S2020E77,IN_SCOPE,2020-12-13,,False,,LES PIRES AGRESSEURS ! (ils sont tombés sur plus fort qu’eux),LES PIRES AGRESSEURS ! (ils sont tombés sur plus fort qu’eux),True,OK,F5T7BMtEG_M,10:49,11,11,True,,MISSING_IMAGE,,https://www.youtube.com/watch?v=F5T7BMtEG_M
S2020E76,IN_SCOPE,2020-12-11,,False,,JE SUIS CHOQUÉ PAR CE SPORT ! (c'est incroyable),JE SUIS CHOQUÉ PAR CE SPORT ! (c'est incroyable),True,OK,hsEdWeA6_B4,22:45,22,23,False,,MISSING_IMAGE,,https://www.youtube.com/watch?v=hsEdWeA6_B4
S2020E75,IN_SCOPE,2020-12-04,,False,,JE ME SUIS FAIT MON SETUP DE RÊVE ! (room tour),JE ME SUIS FAIT MON SETUP DE RÊVE ! (room tour),True,OK,248PQDRiKCE,21:24,21,21,True,,MISSING_IMAGE,,https://www.youtube.com/watch?v=248PQDRiKCE
S2020E74,IN_SCOPE,2020-11-29,,False,,JE ME PREND LA TÊTE AVEC MON CHIEN ROBOT ! (il rend fou),JE ME PREND LA TÊTE AVEC MON CHIEN ROBOT ! (il rend fou),True,OK,iUJ9g0KJuQY,11:15,11,11,True,,MISSING_IMAGE,,https://www.youtube.com/watch?v=iUJ9g0KJuQY
S2020E73,IN_SCOPE,2020-11-22,,False,,ON A CONSTRUIT UN BUNKER ! (genre vraiment),CES GENS SONT INCONSCIENTS ! (et ils sont payés pour ça),False,SUBSTANTIVE_MISMATCH,zusoj9QmlHc,12:53,34,13,False,,MISSING_IMAGE,,https://www.youtube.com/watch?v=zusoj9QmlHc
S2020E72,IN_SCOPE,2020-11-20,,False,,CES GENS SONT INCONSCIENTS ! (et ils sont payés pour ça),ON A CONSTRUIT UN BUNKER ! (genre vraiment),False,SUBSTANTIVE_MISMATCH,tB1RJcIyQqc,34:32,12,35,False,,MISSING_IMAGE,,https://www.youtube.com/watch?v=tB1RJcIyQqc
S2020E71,IN_SCOPE,2020-11-20,,False,,Les PIRES panneaux de signalisation (c’est drôle),Les PIRES panneaux de signalisation (c’est drôle),True,OK,yvh1rSs8omE,13:13,13,13,True,,MISSING_IMAGE,,https://www.youtube.com/watch?v=yvh1rSs8omE
S2020E70,IN_SCOPE,2020-11-15,,False,,On a fait une pétanque avec une catapulte du Moyen-Age,On a fait une pétanque avec une catapulte du Moyen-Age,True,OK,-WviD49kIZE,15:07,15,15,True,,MISSING_IMAGE,,https://www.youtube.com/watch?v=-WviD49kIZE
S2020E69,IN_SCOPE,2020-11-13,,False,,je me suis fait dessus en plein tournage (j’ai honte),je me suis fait dessus en plein tournage (j’ai honte),True,OK,LSxmD8_doP4,54:14,54,54,True,,MISSING_IMAGE,,https://www.youtube.com/watch?v=LSxmD8_doP4
S2020E68,IN_SCOPE,2020-11-07,,False,,Je prank des gens avec mon chien robot #1 (c’est incroyable),Je prank des gens avec mon chien robot #1 (c’est incroyable),True,OK,ViqSUHwMiLw,14:38,14,15,False,,MISSING_IMAGE,,https://www.youtube.com/watch?v=ViqSUHwMiLw
S2020E67,IN_SCOPE,2020-11-01,,False,,J’ai testé le role play médiéval (ça s’est pas passé comme prévu),J’ai testé le role play médiéval (ça s’est pas passé comme prévu),True,OK,yMG8ZaX4sXA,1:04:20,64,64,True,,MISSING_IMAGE,,https://www.youtube.com/watch?v=yMG8ZaX4sXA
S2020E66,IN_SCOPE,2020-10-30,,False,,"J'emmène mon chien robot chez des youtubers (Joyca, Mastu, Lebouseuh)","J'emmène mon chien robot chez des youtubers (Joyca, Mastu, Lebouseuh)",True,OK,a-h-hw0z3TA,8:25,8,8,True,,MISSING_IMAGE,,https://www.youtube.com/watch?v=a-h-hw0z3TA
S2020E65,IN_SCOPE,2020-10-27,,False,,J’ai adopté un chien (il vaut 100 000€),J’ai adopté un chien (il vaut 100 000€),True,OK,iDo-kfm3_IA,12:02,12,12,True,,MISSING_IMAGE,,https://www.youtube.com/watch?v=iDo-kfm3_IA
S2020E64,IN_SCOPE,2020-10-23,,False,,On a construit la plus haute tour de kapla possible !,On a construit la plus haute tour de kapla possible !,True,OK,trfXQvN0H8c,30:59,31,31,True,,MISSING_IMAGE,,https://www.youtube.com/watch?v=trfXQvN0H8c
S2020E63,IN_SCOPE,2020-10-18,,False,,WIKIPEDIA CHALLENGE (c’est clairement le meilleur jeu) #2,WIKIPEDIA CHALLENGE (c’est clairement le meilleur jeu) #2,True,OK,BNKqnj8Kusw,16:42,16,17,False,,MISSING_IMAGE,,https://www.youtube.com/watch?v=BNKqnj8Kusw
S2020E62,IN_SCOPE,2020-10-16,,False,,je me suis encore perdu sur youtube et c’est FOU,je me suis encore perdu sur youtube et c’est FOU,True,OK,bbetYpYH-gI,15:06,15,15,True,,MISSING_IMAGE,,https://www.youtube.com/watch?v=bbetYpYH-gI
S2020E60,IN_SCOPE,2020-10-09,,False,,LES PIRES MOTS DANS LE CARNET ! #7,LES PIRES MOTS DANS LE CARNET ! #7,True,OK,3N-GilQSQBQ,15:32,15,16,False,,MISSING_IMAGE,,https://www.youtube.com/watch?v=3N-GilQSQBQ
S2020E59,IN_SCOPE,2020-10-04,,False,,LES PIRES OBJETS AMAZON NOTÉS 1 ÉTOILE ! #2,LES PIRES OBJETS AMAZON NOTÉS 1 ÉTOILE ! #2,True,OK,-ZETejVCpvA,19:11,19,19,True,,MISSING_IMAGE,,https://www.youtube.com/watch?v=-ZETejVCpvA
S2020E58,IN_SCOPE,2020-09-30,,False,,CES VIDÉOS YOUTUBE N’ONT JAMAIS ÉTÉ VUES (et ça aurait dû rester comme ça) #4,CES VIDÉOS YOUTUBE N’ONT JAMAIS ÉTÉ VUES (et ça aurait dû rester comme ça) #4,True,OK,rHHM4_AcdJ4,12:47,13,13,True,,MISSING_IMAGE,,https://www.youtube.com/watch?v=rHHM4_AcdJ4
S2020E57,IN_SCOPE,2020-09-25,,False,,J’OUVRE UN COLIS QUI A 100 ANS (c’est fou),J’OUVRE UN COLIS QUI A 100 ANS (c’est fou),True,OK,6C0AWCrRqCM,16:53,17,17,True,,MISSING_IMAGE,,https://www.youtube.com/watch?v=6C0AWCrRqCM
S2020E56,IN_SCOPE,2020-09-20,,False,,VOS SOIRÉES QUI ONT FAILLI (TRÈS) MAL FINIR ! #2 (feat JOYCA),VOS SOIRÉES QUI ONT FAILLI (TRÈS) MAL FINIR ! #2 (feat JOYCA),True,OK,EX37eCIHUS8,28:40,28,29,False,,MISSING_IMAGE,,https://www.youtube.com/watch?v=EX37eCIHUS8
S2020E55,IN_SCOPE,2020-09-16,,False,,JE TESTE LES GADGETS D’ESPION LES PLUS FOUS !,JE TESTE LES GADGETS D’ESPION LES PLUS FOUS !,True,OK,-AfgQ0J_kDk,13:12,13,13,True,,MISSING_IMAGE,,https://www.youtube.com/watch?v=-AfgQ0J_kDk
S2020E54,IN_SCOPE,2020-09-13,,False,,On a construit un parcours de FOU ! (Nerf Warrior),On a construit un parcours de FOU ! (Nerf Warrior),True,OK,YPjeXboEdI8,24:00,24,24,True,,MISSING_IMAGE,,https://www.youtube.com/watch?v=YPjeXboEdI8
S2020E53,IN_SCOPE,2020-09-04,,False,,Une semaine avec le plus grand explorateur du monde (Mike Horn),Une semaine avec le plus grand explorateur du monde (Mike Horn),True,OK,-BGq9_roUhY,38:35,38,39,False,,MISSING_IMAGE,,https://www.youtube.com/watch?v=-BGq9_roUhY
S2020E52,IN_SCOPE,2020-08-27,,False,,FAIRE UNE CABANE ET DORMIR DEDANS ! (24H en Forêt),FAIRE UNE CABANE ET DORMIR DEDANS ! (24H en Forêt),True,OK,CafbUXGOQFc,32:47,33,33,True,,MISSING_IMAGE,,https://www.youtube.com/watch?v=CafbUXGOQFc
S2020E51,IN_SCOPE,2020-08-22,,False,,BATTLE DE CHÂTEAUX DE SABLE !,BATTLE DE CHÂTEAUX DE SABLE !,True,OK,Uvxq7ifhOuI,8:05,8,8,True,,MISSING_IMAGE,,https://www.youtube.com/watch?v=Uvxq7ifhOuI
S2020E50,IN_SCOPE,2020-08-16,,False,,"DEVINE OÙ TU AS ATTERRI CHALLENGE ! (ft Wankil, Nozman)","DEVINE OÙ TU AS ATTERRI CHALLENGE ! (ft Wankil, Nozman)",True,OK,wSMkKQFOOfs,45:09,45,45,True,,MISSING_IMAGE,,https://www.youtube.com/watch?v=wSMkKQFOOfs
S2020E49,IN_SCOPE,2020-08-07,,False,,LES PIRES BOULETTES AU TRAVAIL ! #2,LES PIRES BOULETTES AU TRAVAIL ! #2,True,OK,QSkV8-0m0SM,11:53,12,12,True,,MISSING_IMAGE,,https://www.youtube.com/watch?v=QSkV8-0m0SM
S2020E48,IN_SCOPE,2020-08-02,,False,,LES DILEMMES IMPOSSIBLES ! (je préfère être un robinet),LES DILEMMES IMPOSSIBLES ! (je préfère être un robinet),True,OK,alTwGsh-Xno,20:32,20,21,False,,MISSING_IMAGE,,https://www.youtube.com/watch?v=alTwGsh-Xno
S2020E47,IN_SCOPE,2020-07-26,,False,,LES PIRES CHAMPIONNATS DU MONDE ! #2,LES PIRES CHAMPIONNATS DU MONDE ! #2,True,OK,bvr21333j0c,18:46,18,19,False,,MISSING_IMAGE,,https://www.youtube.com/watch?v=bvr21333j0c
S2020E46,IN_SCOPE,2020-07-24,,False,,JE VOLE TOUT SEUL POUR LA PREMIÈRE FOIS (le stress de ma vie),JE VOLE TOUT SEUL POUR LA PREMIÈRE FOIS (le stress de ma vie),True,OK,H5meQW2bV1I,16:06,16,16,True,,MISSING_IMAGE,,https://www.youtube.com/watch?v=H5meQW2bV1I
S2020E45,IN_SCOPE,2020-07-19,,False,,LES PIRES PHOTOS DE RADAR ROUTIER ! #1,LES PIRES PHOTOS DE RADAR ROUTIER ! #1,True,OK,-p3GevlP4RQ,16:46,16,17,False,,MISSING_IMAGE,,https://www.youtube.com/watch?v=-p3GevlP4RQ
S2020E44,IN_SCOPE,2020-07-17,,False,,Ces sites internet existent VRAIMENT ? (c’est génial),Ces sites internet existent VRAIMENT ? (c’est génial),True,OK,9XNpvcw7PR0,13:22,13,13,True,,MISSING_IMAGE,,https://www.youtube.com/watch?v=9XNpvcw7PR0
S2020E43,IN_SCOPE,2020-07-15,,False,,MARIO KART DANS LA VRAIE VIE (du futur avec des robots) !,MARIO KART DANS LA VRAIE VIE (du futur avec des robots) !,True,OK,oU6dsY0bJEg,15:41,15,16,False,,MISSING_IMAGE,,https://www.youtube.com/watch?v=oU6dsY0bJEg
S2020E42,IN_SCOPE,2020-07-10,,False,,LES PROFS LES PLUS FOUS ! (genre vraiment),LES PROFS LES PLUS FOUS ! (genre vraiment),True,OK,cnKkwhTAA4Y,14:14,14,14,True,,MISSING_IMAGE,,https://www.youtube.com/watch?v=cnKkwhTAA4Y
S2020E41,IN_SCOPE,2020-07-05,,False,,Mais POURQUOI ils font ça ? (activités absurdes),Mais POURQUOI ils font ça ? (activités absurdes),True,OK,mfLm6Z9oiTY,14:11,14,14,True,,MISSING_IMAGE,,https://www.youtube.com/watch?v=mfLm6Z9oiTY
S2020E40,IN_SCOPE,2020-06-28,,False,,LES PIRES VOLEURS #2 (y’en a c’est des génies),LES PIRES VOLEURS #2 (y’en a c’est des génies),True,OK,x6Acjlxjmh8,22:00,22,22,True,,MISSING_IMAGE,,https://www.youtube.com/watch?v=x6Acjlxjmh8
S2020E39,IN_SCOPE,2020-06-26,,False,,QUI SERA LE MEILLEUR SNIPER ? (airsoft sinon on meurt et c'est pas drôle),QUI SERA LE MEILLEUR SNIPER ? (airsoft sinon on meurt et c'est pas drôle),True,OK,Bfqt8BwOH-8,15:29,15,15,True,,MISSING_IMAGE,,https://www.youtube.com/watch?v=Bfqt8BwOH-8
S2020E38,IN_SCOPE,2020-06-19,,False,,WIKIPEDIA CHALLENGE ! (ce jeu est génial),WIKIPEDIA CHALLENGE ! (ce jeu est génial),True,OK,wgKlFNGU174,24:09,24,24,True,,MISSING_IMAGE,,https://www.youtube.com/watch?v=wgKlFNGU174
S2020E37,IN_SCOPE,2020-06-14,,False,,DEVINEZ LE BON LOGO ! #5,DEVINEZ LE BON LOGO ! #5,True,OK,5IQUILGHktI,16:10,16,16,True,,MISSING_IMAGE,,https://www.youtube.com/watch?v=5IQUILGHktI
S2020E36,IN_SCOPE,2020-06-12,,False,,Si vous me faites rire je vous paye ! #2,Si vous me faites rire je vous paye ! #2,True,OK,QMYckoNBxFw,20:02,20,20,True,,MISSING_IMAGE,,https://www.youtube.com/watch?v=QMYckoNBxFw
S2020E35,IN_SCOPE,2020-06-06,,False,,LES MEILLEURES ILLUSIONS D'OPTIQUE ! (ça retourne le cerveau),LES MEILLEURES ILLUSIONS D'OPTIQUE ! (ça retourne le cerveau),True,OK,JpwzIT13uHU,17:38,17,18,False,,MISSING_IMAGE,,https://www.youtube.com/watch?v=JpwzIT13uHU
S2020E34,IN_SCOPE,2020-06-01,,False,,LES GENS LES PLUS CHANCEUX DU MONDE ! (enfin pas tous),LES GENS LES PLUS CHANCEUX DU MONDE ! (enfin pas tous),True,OK,eBH5fc26Bl8,15:24,15,15,True,,MISSING_IMAGE,,https://www.youtube.com/watch?v=eBH5fc26Bl8
S2020E33,IN_SCOPE,2020-05-29,,False,,LES PIRES PUBS DANS LA RUE !,LES PIRES PUBS DANS LA RUE !,True,OK,YyO92jjh-f4,16:43,16,17,False,,MISSING_IMAGE,,https://www.youtube.com/watch?v=YyO92jjh-f4
S2020E32,IN_SCOPE,2020-05-24,,False,,Les meilleures surprises faites aux gens ! (tu vas pleurer),Les meilleures surprises faites aux gens ! (tu vas pleurer),True,OK,H7ayJSw1REg,16:58,17,17,True,,MISSING_IMAGE,,https://www.youtube.com/watch?v=H7ayJSw1REg
S2020E31,IN_SCOPE,2020-05-21,,False,,LES PIRES OBJETS TOMBÉS DU CIEL !,LES PIRES OBJETS TOMBÉS DU CIEL !,True,OK,ulOTSgDIUrk,17:19,17,17,True,,MISSING_IMAGE,,https://www.youtube.com/watch?v=ulOTSgDIUrk
S2020E30,IN_SCOPE,2020-05-15,,False,,CES CHOSES NULLES QUI RENDENT FOU !,CES CHOSES NULLES QUI RENDENT FOU !,True,OK,9d8fg7OLzxo,10:50,11,11,True,,MISSING_IMAGE,,https://www.youtube.com/watch?v=9d8fg7OLzxo
S2020E29,IN_SCOPE,2020-05-10,,False,,Les PIRES objets du quotidien version LUXE ! (c’est n’importe quoi),Les PIRES objets du quotidien version LUXE ! (c’est n’importe quoi),True,OK,cp6fTSclu6Y,16:01,16,16,True,,MISSING_IMAGE,,https://www.youtube.com/watch?v=cp6fTSclu6Y
S2020E28,IN_SCOPE,2020-05-07,,False,,LES PIRES IDÉES DE GENS EN CONFINEMENT ! #3,LES PIRES IDÉES DE GENS EN CONFINEMENT ! #3,True,OK,aGECnSnHIhc,16:55,17,17,True,,MISSING_IMAGE,,https://www.youtube.com/watch?v=aGECnSnHIhc
S2020E27,IN_SCOPE,2020-05-03,,False,,LES PIRES COLLECTIONNEURS D’OBJETS !,LES PIRES COLLECTIONNEURS D’OBJETS !,True,OK,nLFF8kri8PY,15:23,15,15,True,,MISSING_IMAGE,,https://www.youtube.com/watch?v=nLFF8kri8PY
S2020E26,IN_SCOPE,2020-04-30,,False,,Voici ma chaîne youtube préférée,Voici ma chaîne youtube préférée,True,OK,xicTYXmIfnY,29:37,29,30,False,,MISSING_IMAGE,,https://www.youtube.com/watch?v=xicTYXmIfnY
S2020E25,IN_SCOPE,2020-04-26,,False,,LES PIRES MOTS DANS LE CARNET ! #6,LES PIRES MOTS DANS LE CARNET ! #6,True,OK,NJbQRFiVbD4,15:24,15,15,True,,MISSING_IMAGE,,https://www.youtube.com/watch?v=NJbQRFiVbD4
S2020E24,IN_SCOPE,2020-04-23,,False,,Je n’aurais JAMAIS pensé utiliser ça pendant le confinement,Je n’aurais JAMAIS pensé utiliser ça pendant le confinement,True,OK,OUGL5PprBjQ,16:24,16,16,True,,MISSING_IMAGE,,https://www.youtube.com/watch?v=OUGL5PprBjQ
S2020E23,IN_SCOPE,2020-04-19,,False,,Les PIRES vidéos de caméra de surveillance !,Les PIRES vidéos de caméra de surveillance !,True,OK,oFSzvjza_2A,19:39,19,20,False,,MISSING_IMAGE,,https://www.youtube.com/watch?v=oFSzvjza_2A
S2020E22,IN_SCOPE,2020-04-15,,False,,DEVINEZ LE BON PERSONNAGE DE DESSIN ANIMÉ ! #2,DEVINEZ LE BON PERSONNAGE DE DESSIN ANIMÉ ! #2,True,OK,zvBbZCPdmsU,15:58,16,16,True,,MISSING_IMAGE,,https://www.youtube.com/watch?v=zvBbZCPdmsU
S2020E21,IN_SCOPE,2020-04-12,,False,,Les PIRES (et meilleurs) loisirs de riches !,Les PIRES (et meilleurs) loisirs de riches !,True,OK,GFnzjrGh3Yc,17:16,17,17,True,,MISSING_IMAGE,,https://www.youtube.com/watch?v=GFnzjrGh3Yc
S2020E20,IN_SCOPE,2020-04-09,,False,,LES PIRES IDÉES DES GENS EN CONFINEMENT ! #2,LES PIRES IDÉES DES GENS EN CONFINEMENT ! #2,True,OK,qi0h0hdo3uU,17:59,18,18,True,,MISSING_IMAGE,,https://www.youtube.com/watch?v=qi0h0hdo3uU
S2020E19,IN_SCOPE,2020-04-06,,False,,LES PIRES OBJETS GÉANTS (que tu peux vraiment acheter),LES PIRES OBJETS GÉANTS (que tu peux vraiment acheter),True,OK,w5vNE0_E0TY,13:20,13,13,True,,MISSING_IMAGE,,https://www.youtube.com/watch?v=w5vNE0_E0TY
S2020E18,IN_SCOPE,2020-04-02,,False,,Les chaînes Youtube les plus improbables (c’est fou) #1,Les chaînes Youtube les plus improbables (c’est fou) #1,True,OK,QWOMySn8n_Y,15:58,16,16,True,,MISSING_IMAGE,,https://www.youtube.com/watch?v=QWOMySn8n_Y
S2020E17,IN_SCOPE,2020-03-29,,False,,ÉNORME ESCAPE GAME ! (on a fait construire un tank),ÉNORME ESCAPE GAME ! (on a fait construire un tank),True,OK,YR-ANVDa33o,26:58,27,27,True,,MISSING_IMAGE,,https://www.youtube.com/watch?v=YR-ANVDa33o
S2020E16,IN_SCOPE,2020-03-26,,False,,CES VIDÉOS YOUTUBE N’ONT JAMAIS ÉTÉ VUES ! #3,CES VIDÉOS YOUTUBE N’ONT JAMAIS ÉTÉ VUES ! #3,True,OK,cZEOdfk9wic,12:59,13,13,True,,MISSING_IMAGE,,https://www.youtube.com/watch?v=cZEOdfk9wic
S2020E15,IN_SCOPE,2020-03-22,,False,,48H ISOLÉ DANS UN VILLAGE PERDU EN ASIE !,48H ISOLÉ DANS UN VILLAGE PERDU EN ASIE !,True,OK,scGFlwju-Ds,29:28,29,29,True,,MISSING_IMAGE,,https://www.youtube.com/watch?v=scGFlwju-Ds
S2020E14,IN_SCOPE,2020-03-20,,False,,LES PIRES IDÉES DES GENS EN CONFINEMENT !,LES PIRES IDÉES DES GENS EN CONFINEMENT !,True,OK,-yl9xIr31ic,15:25,15,15,True,,MISSING_IMAGE,,https://www.youtube.com/watch?v=-yl9xIr31ic
S2020E13,IN_SCOPE,2020-03-17,,False,,LES PIRES VOLEURS (ils sont vraiment nuls) #1,LES PIRES VOLEURS (ils sont vraiment nuls) #1,True,OK,MtwHPgx6d_I,13:25,13,13,True,,MISSING_IMAGE,,https://www.youtube.com/watch?v=MtwHPgx6d_I
S2020E12,IN_SCOPE,2020-03-13,,False,,LES LIFEHACKS LES PLUS DRÔLES ! (systèmes D en français quoi) #2,LES LIFEHACKS LES PLUS DRÔLES ! (systèmes D en français quoi) #2,True,OK,HMq05Q1baq8,11:50,12,12,True,,MISSING_IMAGE,,https://www.youtube.com/watch?v=HMq05Q1baq8
S2020E11,IN_SCOPE,2020-03-08,,False,,MON NOUVEAU STUDIO GÉANT ! (c'est un hangar en fait),MON NOUVEAU STUDIO GÉANT ! (c'est un hangar en fait),True,OK,QIv1KLtEITg,18:24,18,18,True,,MISSING_IMAGE,,https://www.youtube.com/watch?v=QIv1KLtEITg
S2020E10,IN_SCOPE,2020-03-01,,False,,Les pires objets retrouvés DANS des gens ! (c’est FOU),Les pires objets retrouvés DANS des gens ! (c’est FOU),True,OK,4M9xJ1ggs5w,13:19,13,13,True,,MISSING_IMAGE,,https://www.youtube.com/watch?v=4M9xJ1ggs5w
S2020E09,IN_SCOPE,2020-02-28,,False,,J'AI EMBAUCHÉ 3 ABONNÉS ! (je vous les présente),J'AI EMBAUCHÉ 3 ABONNÉS ! (je vous les présente),True,OK,gPFbEiI2vUs,13:28,13,13,True,,MISSING_IMAGE,,https://www.youtube.com/watch?v=gPFbEiI2vUs
S2020E08,IN_SCOPE,2020-02-23,,False,,On prank des gens avec une voiture anglaise (c’est incroyable) - ft. Mastu,On prank des gens avec une voiture anglaise (c’est incroyable) - ft. Mastu,True,OK,BjWiX5P74DE,21:22,21,21,True,,MISSING_IMAGE,,https://www.youtube.com/watch?v=BjWiX5P74DE
S2020E07,IN_SCOPE,2020-02-19,,False,,LA DR*GUE C’EST MAL ! (dessin animé VR CHAT),LA DR*GUE C’EST MAL ! (dessin animé VR CHAT),True,OK,SVav8cIAo9M,4:58,5,5,True,,MISSING_IMAGE,,https://www.youtube.com/watch?v=SVav8cIAo9M
S2020E06,IN_SCOPE,2020-02-14,,False,,LES PIRES OBJETS DES SITES CHINOIS ! #5,LES PIRES OBJETS DES SITES CHINOIS ! #5,True,OK,UZ_h-IgPFEI,12:24,12,12,True,,MISSING_IMAGE,,https://www.youtube.com/watch?v=UZ_h-IgPFEI
S2020E05,IN_SCOPE,2020-02-07,,False,,DEVINEZ LA DATE DE CES VIDÉOS YOUTUBE ! #1,DEVINEZ LA DATE DE CES VIDÉOS YOUTUBE ! #1,True,OK,O3kjyBlPTBM,17:51,18,18,True,,MISSING_IMAGE,,https://www.youtube.com/watch?v=O3kjyBlPTBM
S2020E04,IN_SCOPE,2020-01-31,,False,,DEVINEZ LE BON PERSONNAGE DE DESSIN ANIMÉ ! #1,DEVINEZ LE BON PERSONNAGE DE DESSIN ANIMÉ ! #1,True,OK,0fNPbsI5of4,14:41,14,15,False,,MISSING_IMAGE,,https://www.youtube.com/watch?v=0fNPbsI5of4
S2020E03,IN_SCOPE,2020-01-24,,False,,LES PIRES CHAMPIONNATS DU MONDE !,LES PIRES CHAMPIONNATS DU MONDE !,True,OK,CLVXAGjANx0,15:20,15,15,True,,MISSING_IMAGE,,https://www.youtube.com/watch?v=CLVXAGjANx0
S2020E02,IN_SCOPE,2020-01-17,,False,,LES PIRES OBJETS AMAZON ! (notés 1 étoile),LES PIRES OBJETS AMAZON ! (notés 1 étoile),True,OK,WiUrmRSumng,15:57,16,16,True,,MISSING_IMAGE,,https://www.youtube.com/watch?v=WiUrmRSumng
S2020E01,IN_SCOPE,2020-01-10,,False,,VOS PIRES IDÉES D’INVENTIONS ! (Y’en a des biens quand même),VOS PIRES IDÉES D’INVENTIONS ! (Y’en a des biens quand même),True,OK,RHSA4CS7Xv0,16:12,16,16,True,,MISSING_IMAGE,,https://www.youtube.com/watch?v=RHSA4CS7Xv0
S2019E80,IN_SCOPE,2019-12-30,,False,,APPRENDRE LE PIANO EN 1H (C’est dur) ft. Mastu,APPRENDRE LE PIANO EN 1H (C’est dur) ft. Mastu,True,OK,dKj14qHFMrM,23:49,24,24,True,season finale,MISSING_IMAGE,,https://www.youtube.com/watch?v=dKj14qHFMrM
S2019E79,IN_SCOPE,2019-12-26,,False,,ON RENTRERA JAMAIS CHEZ NOUS ! - RedBoxTrip2 #3,ON RENTRERA JAMAIS CHEZ NOUS ! - RedBoxTrip2 #3,True,OK,4KAFw4kd4pk,26:25,26,26,True,,MISSING_IMAGE,,https://www.youtube.com/watch?v=4KAFw4kd4pk
S2019E78,IN_SCOPE,2019-12-23,,False,,TOTALEMENT PERDUS EN ALLEMAGNE ! (les ennuis commencent..) - RedboxTrip2 #2,TOTALEMENT PERDUS EN ALLEMAGNE ! (les ennuis commencent..) - RedboxTrip2 #2,True,OK,Bn02knC726s,30:28,30,30,True,,MISSING_IMAGE,,https://www.youtube.com/watch?v=Bn02knC726s
S2019E77,IN_SCOPE,2019-12-20,,False,,1000 KM SANS CARTE NI GPS ! (EN ALLEMAGNE) - RedBoxTrip2 #1,1000 KM SANS CARTE NI GPS ! (EN ALLEMAGNE) - RedBoxTrip2 #1,True,OK,Jqetm0gXPQY,35:34,36,36,True,,MISSING_IMAGE,,https://www.youtube.com/watch?v=Jqetm0gXPQY
S2019E76,IN_SCOPE,2019-12-14,,False,,JE RÉALISE LE RÊVE DE GENS AU HASARD !,JE RÉALISE LE RÊVE DE GENS AU HASARD !,True,OK,zmcP4XoQjpo,26:40,27,27,True,,MISSING_IMAGE,,https://www.youtube.com/watch?v=zmcP4XoQjpo
S2019E75,IN_SCOPE,2019-12-06,,False,,LES PIRES (et meilleures) INVENTIONS DU FUTUR ! (qui vont vraiment sortir),LES PIRES (et meilleures) INVENTIONS DU FUTUR ! (qui vont vraiment sortir),True,OK,Nmlz1eG_49c,23:20,23,23,True,,MISSING_IMAGE,,https://www.youtube.com/watch?v=Nmlz1eG_49c
S2019E74,IN_SCOPE,2019-11-29,,False,,Je paye ce que vous apportez à la caisse !,Je paye ce que vous apportez à la caisse !,True,OK,wl1tBFZPisc,20:57,21,21,True,,MISSING_IMAGE,,https://www.youtube.com/watch?v=wl1tBFZPisc
S2019E73,IN_SCOPE,2019-11-24,,False,,LES PIRES BOULETTES AU TRAVAIL !,LES PIRES BOULETTES AU TRAVAIL !,True,OK,sk9-AA9UWpQ,11:20,11,11,True,,MISSING_IMAGE,,https://www.youtube.com/watch?v=sk9-AA9UWpQ
S2019E72,IN_SCOPE,2019-11-16,,False,,QUI AURA LE MEILLEUR SETUP GAMING ? ft. Julien Lepers,QUI AURA LE MEILLEUR SETUP GAMING ? ft. Julien Lepers,True,OK,ADpzWRTY938,39:40,40,40,True,,MISSING_IMAGE,,https://www.youtube.com/watch?v=ADpzWRTY938
S2019E71,IN_SCOPE,2019-11-13,,False,,COMMENT J'EN SUIS ARRIVÉ LÀ ? (Making-Of Nerf Fortnite),COMMENT J'EN SUIS ARRIVÉ LÀ ? (Making-Of Nerf Fortnite),True,OK,wttrX9rcBx8,1:06:57,67,67,True,,MISSING_IMAGE,,https://www.youtube.com/watch?v=wttrX9rcBx8
S2019E70,IN_SCOPE,2019-11-01,,False,,ENORME BATTLE ROYALE NERF FORTNITE ! (dans la vraie vie),ENORME BATTLE ROYALE NERF FORTNITE ! (dans la vraie vie),True,OK,-QWd4UIZlXM,1:06:22,66,66,True,,MISSING_IMAGE,,https://www.youtube.com/watch?v=-QWd4UIZlXM
S2019E69,IN_SCOPE,2019-10-27,,False,,LE DERNIER QUI RETIRE SA MAIN REMPORTE LA VOITURE !,LE DERNIER QUI RETIRE SA MAIN REMPORTE LA VOITURE !,True,OK,sz4XxAAbXHM,33:23,33,33,True,,MISSING_IMAGE,,https://www.youtube.com/watch?v=sz4XxAAbXHM
S2019E68,IN_SCOPE,2019-10-24,,False,,LES SUBREDDITS LES PLUS DRÔLES ! #2,LES SUBREDDITS LES PLUS DRÔLES ! #2,True,OK,Gn0yFN4CBSA,13:28,13,13,True,,MISSING_IMAGE,,https://www.youtube.com/watch?v=Gn0yFN4CBSA
S2019E67,IN_SCOPE,2019-10-20,,False,,LA BATAILLE DES OPÉS (point de vue Amixem & Joyca),LA BATAILLE DES OPÉS (point de vue Amixem & Joyca),True,OK,6vQrjxd6mr8,35:37,36,36,True,,MISSING_IMAGE,,https://www.youtube.com/watch?v=6vQrjxd6mr8
S2019E66,IN_SCOPE,2019-10-13,,False,,J’OUVRE VOS COLIS ! (et j’y comprends plus rien),J’OUVRE VOS COLIS ! (et j’y comprends plus rien),True,OK,uDtJhsOm4Bw,16:00,16,16,True,,MISSING_IMAGE,,https://www.youtube.com/watch?v=uDtJhsOm4Bw
S2019E65,IN_SCOPE,2019-10-06,,False,,JE M’INFILTRE AVEC UN ROBOT ESPION À LA REDBOX !,JE M’INFILTRE AVEC UN ROBOT ESPION À LA REDBOX !,True,OK,dVtJez6zrO0,11:17,11,11,True,,MISSING_IMAGE,,https://www.youtube.com/watch?v=dVtJez6zrO0
S2019E64,IN_SCOPE,2019-10-04,,False,,LES LIFEHACKS LES PLUS DRÔLES ! (systèmes D en français quoi),LES LIFEHACKS LES PLUS DRÔLES ! (systèmes D en français quoi),True,OK,r-DBLU9IFMU,12:27,12,12,True,,MISSING_IMAGE,,https://www.youtube.com/watch?v=r-DBLU9IFMU
S2019E63,IN_SCOPE,2019-09-29,,False,,LA PIRE MISSION D’INFILTRATION ! (dessin animé ft. Colas Bim),LA PIRE MISSION D’INFILTRATION ! (dessin animé ft. Colas Bim),True,OK,R_v-RjVYg6g,7:04,7,7,True,,MISSING_IMAGE,,https://www.youtube.com/watch?v=R_v-RjVYg6g
S2019E62,IN_SCOPE,2019-09-27,,False,,SNIPER AIRSOFT CHALLENGE ! (c’est beaucoup trop stressant),SNIPER AIRSOFT CHALLENGE ! (c’est beaucoup trop stressant),True,OK,8xJgs3woiL0,21:29,21,21,True,,MISSING_IMAGE,,https://www.youtube.com/watch?v=8xJgs3woiL0
S2019E61,IN_SCOPE,2019-09-22,,False,,ESSAYEZ DE NE PAS REGARDER CHALLENGE #5 ft. LINCA,ESSAYEZ DE NE PAS REGARDER CHALLENGE #5 ft. LINCA,True,OK,C08WBLtta5U,15:57,16,16,True,,MISSING_IMAGE,,https://www.youtube.com/watch?v=C08WBLtta5U
S2019E60,IN_SCOPE,2019-09-15,,False,,JE VENDS DES OBJETS DE YOUTUBERS ! (à des prix abusés),JE VENDS DES OBJETS DE YOUTUBERS ! (à des prix abusés),True,OK,hgcS11TZmjo,21:00,21,21,True,,MISSING_IMAGE,,https://www.youtube.com/watch?v=hgcS11TZmjo
S2019E59,IN_SCOPE,2019-09-08,,False,,VOS PIRES MOTS DANS LE CARNET ! #5,VOS PIRES MOTS DANS LE CARNET ! #5,True,OK,olVVXcN5-q0,15:15,15,15,True,,MISSING_IMAGE,,https://www.youtube.com/watch?v=olVVXcN5-q0
S2019E58,IN_SCOPE,2019-09-06,,False,,VOS (pires) THÉORIES POUR COLONISER MARS !,VOS (pires) THÉORIES POUR COLONISER MARS !,True,OK,VGwXTIaf1i4,29:17,29,29,True,,MISSING_IMAGE,,https://www.youtube.com/watch?v=VGwXTIaf1i4
S2019E57,IN_SCOPE,2019-09-01,,False,,J’AI TESTÉ L’AIRSOFT ROLEPLAY ! (et ça s’est pas passé comme prévu),J’AI TESTÉ L’AIRSOFT ROLEPLAY ! (et ça s’est pas passé comme prévu),True,OK,ohnz76hs7Bg,21:07,21,21,True,,MISSING_IMAGE,,https://www.youtube.com/watch?v=ohnz76hs7Bg
S2019E56,IN_SCOPE,2019-08-30,,False,,DEVINEZ LE BON LOGO ! #4,DEVINEZ LE BON LOGO ! #4,True,OK,Ee7vy-wgALY,13:18,13,13,True,,MISSING_IMAGE,,https://www.youtube.com/watch?v=Ee7vy-wgALY
S2019E55,IN_SCOPE,2019-08-25,,False,,J’AI PRIS LA CLAQUE DE MA VIE ! - L’Expédition Polaire BONUS,J’AI PRIS LA CLAQUE DE MA VIE ! - L’Expédition Polaire BONUS,True,OK,mq25nsbMc_I,3:38,4,4,True,,MISSING_IMAGE,,https://www.youtube.com/watch?v=mq25nsbMc_I
S2019E54,IN_SCOPE,2019-08-23,,False,,Pourquoi les cryptomonnaies et le bitcoin vont changer le monde ? (Alors que j’en savais rien),Pourquoi les cryptomonnaies et le bitcoin vont changer le monde ? (Alors que j’en savais rien),True,OK,2oSmZsfSwM4,1:14:22,74,74,True,,MISSING_IMAGE,,https://www.youtube.com/watch?v=2oSmZsfSwM4
S2019E53,IN_SCOPE,2019-08-18,,False,,JE VAIS EMBAUCHER 3 ABONNÉS ! (et ce sera peut être toi),JE VAIS EMBAUCHER 3 ABONNÉS ! (et ce sera peut être toi),True,OK,1UTq0BFLKUU,10:11,10,10,True,,MISSING_IMAGE,,https://www.youtube.com/watch?v=1UTq0BFLKUU
S2019E52,IN_SCOPE,2019-08-11,,False,,ON EST SUR LE TOIT DU MONDE ! (PÔLE NORD) - L’Expédition Polaire #3,ON EST SUR LE TOIT DU MONDE ! (PÔLE NORD) - L’Expédition Polaire #3,True,OK,z6nt2-p3BK4,22:59,23,23,True,,MISSING_IMAGE,,https://www.youtube.com/watch?v=z6nt2-p3BK4
S2019E51,IN_SCOPE,2019-08-09,,False,,ELLE EST ENFIN LÀ ! (oui je parle de la chèvre),ELLE EST ENFIN LÀ ! (oui je parle de la chèvre),True,OK,2_CfdoI-5v0,19:42,20,20,True,,MISSING_IMAGE,,https://www.youtube.com/watch?v=2_CfdoI-5v0
S2019E50,IN_SCOPE,2019-08-04,,False,,"BOÎTE À MENSONGES CHALLENGE ! avec Pierre Croce, Gaël Monfils & Gilles Simon","BOÎTE À MENSONGES CHALLENGE ! avec Pierre Croce, Gaël Monfils & Gilles Simon",True,OK,cJaTdajDhxY,31:56,32,32,True,,MISSING_IMAGE,,https://www.youtube.com/watch?v=cJaTdajDhxY
S2019E49,IN_SCOPE,2019-07-28,,False,,ON PART POUR LE PÔLE NORD ! - L’Expédition Polaire #1,ON PART POUR LE PÔLE NORD ! - L’Expédition Polaire #1,True,OK,au1XAC-olo0,25:55,26,26,True,,MISSING_IMAGE,,https://www.youtube.com/watch?v=au1XAC-olo0
S2019E48,IN_SCOPE,2019-07-26,,False,,NE JOUEZ PAS À CE JEU AVEC DES INCONNUS ! (parce que c'est choquant),NE JOUEZ PAS À CE JEU AVEC DES INCONNUS ! (parce que c'est choquant),True,OK,tZPof2aM3Y8,16:35,16,17,False,,MISSING_IMAGE,,https://www.youtube.com/watch?v=tZPof2aM3Y8
S2019E47,IN_SCOPE,2019-07-21,,False,,MESURE CHALLENGE ! (avec JOYCA),MESURE CHALLENGE ! (avec JOYCA),True,OK,ZU15NdHTL9c,20:12,20,20,True,,MISSING_IMAGE,,https://www.youtube.com/watch?v=ZU15NdHTL9c
S2019E46,IN_SCOPE,2019-07-19,,False,,LE PIRE SITE DE PARIS EN LIGNE ! (totalement immoral),LE PIRE SITE DE PARIS EN LIGNE ! (totalement immoral),True,OK,fdPqiQxcgLc,13:42,14,14,True,,MISSING_IMAGE,,https://www.youtube.com/watch?v=fdPqiQxcgLc
S2019E45,IN_SCOPE,2019-07-12,,False,,MONOPOLY GÉANT VERSION YOUTUBE !,MONOPOLY GÉANT VERSION YOUTUBE !,True,OK,DrQ5DL-0ITA,24:11,24,24,True,,MISSING_IMAGE,,https://www.youtube.com/watch?v=DrQ5DL-0ITA
S2019E44,IN_SCOPE,2019-07-08,,False,,ON A FAIT UN COMBAT DE MINI TANK ! (beaucoup trop drôle),ON A FAIT UN COMBAT DE MINI TANK ! (beaucoup trop drôle),True,OK,4YW4QSyg32o,21:40,22,22,True,,MISSING_IMAGE,,https://www.youtube.com/watch?v=4YW4QSyg32o
S2019E43,IN_SCOPE,2019-06-30,,False,,LE RÉSEAU SOCIAL LE PLUS DRÔLE DU MONDE ! (VRCHAT #4),LE RÉSEAU SOCIAL LE PLUS DRÔLE DU MONDE ! (VRCHAT #4),True,OK,XSLg03Szbgs,13:19,13,13,True,,MISSING_IMAGE,,https://www.youtube.com/watch?v=XSLg03Szbgs
S2019E42,IN_SCOPE,2019-06-23,,False,,DEVINEZ LE BON LOGO ! #3,DEVINEZ LE BON LOGO ! #3,True,OK,MW5wP0b-gCY,13:05,13,13,True,,MISSING_IMAGE,,https://www.youtube.com/watch?v=MW5wP0b-gCY
S2019E41,IN_SCOPE,2019-06-22,,False,,CE QU’ON VOUS A CACHÉ PENDANT 3 ANS !,CE QU’ON VOUS A CACHÉ PENDANT 3 ANS !,True,OK,omssNWLPewE,7:14,7,7,True,,MISSING_IMAGE,,https://www.youtube.com/watch?v=omssNWLPewE
S2019E40,IN_SCOPE,2019-06-17,,False,,JE TESTE LE SNIPER AIRSOFT CONTRE DES PROS ! EP #2,JE TESTE LE SNIPER AIRSOFT CONTRE DES PROS ! EP #2,True,OK,M8gISYjQHFk,10:58,11,11,True,,MISSING_IMAGE,,https://www.youtube.com/watch?v=M8gISYjQHFk
S2019E39,IN_SCOPE,2019-06-16,,False,,JE TESTE UN SNIPER AIRSOFT CONTRE DES PROS ! #1,JE TESTE UN SNIPER AIRSOFT CONTRE DES PROS ! #1,True,OK,c8y--Q197e0,12:07,12,12,True,,MISSING_IMAGE,,https://www.youtube.com/watch?v=c8y--Q197e0
S2019E38,IN_SCOPE,2019-06-14,,False,,DEVINEZ LE PRIX DE CES OBJETS DE LUXE !,DEVINEZ LE PRIX DE CES OBJETS DE LUXE !,True,OK,RngDB8_BBIQ,18:45,19,19,True,,MISSING_IMAGE,,https://www.youtube.com/watch?v=RngDB8_BBIQ
S2019E37,IN_SCOPE,2019-06-09,,False,,CES VIDÉOS YOUTUBE N’ONT JAMAIS ÉTÉ VUES ! #2,CES VIDÉOS YOUTUBE N’ONT JAMAIS ÉTÉ VUES ! #2,True,OK,hHEod8yGWFM,10:38,11,11,True,,MISSING_IMAGE,,https://www.youtube.com/watch?v=hHEod8yGWFM
S2019E36,IN_SCOPE,2019-06-02,,False,,LES REDDIT LES PLUS DRÔLES ! #1,LES REDDIT LES PLUS DRÔLES ! #1,True,OK,n-Hz4rILg0w,16:08,16,16,True,,MISSING_IMAGE,,https://www.youtube.com/watch?v=n-Hz4rILg0w
S2019E35,IN_SCOPE,2019-05-31,,False,,EST-CE QU'ON S'EMBROUILLE À LA REDBOX ? #FAQ,EST-CE QU'ON S'EMBROUILLE À LA REDBOX ? #FAQ,True,OK,xI_vJqsxXiQ,23:58,24,24,True,,MISSING_IMAGE,,https://www.youtube.com/watch?v=xI_vJqsxXiQ
S2019E34,IN_SCOPE,2019-05-26,,False,,ENORME BATTLE ROYALE AIRSOFT !,ENORME BATTLE ROYALE AIRSOFT !,True,OK,NZbCBtJ3YOk,24:36,24,25,False,,MISSING_IMAGE,,https://www.youtube.com/watch?v=NZbCBtJ3YOk
S2019E33,IN_SCOPE,2019-05-24,,False,,ESSAYEZ DE NE PAS REGARDER CHALLENGE #4 ft. MASTU,ESSAYEZ DE NE PAS REGARDER CHALLENGE #4 ft. MASTU,True,OK,7nIGygJskuQ,13:44,13,14,False,,MISSING_IMAGE,,https://www.youtube.com/watch?v=7nIGygJskuQ
S2019E32,IN_SCOPE,2019-05-19,,False,,CETTE VIDEO M’A RETOURNÉ LE CERVEAU ! (Futur de l’Univers),CETTE VIDEO M’A RETOURNÉ LE CERVEAU ! (Futur de l’Univers),True,OK,Smb3rj8CNFs,25:07,25,25,True,,MISSING_IMAGE,,https://www.youtube.com/watch?v=Smb3rj8CNFs
S2019E31,IN_SCOPE,2019-05-12,,False,,BOÎTE À MENSONGES CHALLENGE - AMIXEM,BOÎTE À MENSONGES CHALLENGE - AMIXEM,True,OK,TaetxkWf07A,15:41,15,16,False,,MISSING_IMAGE,,https://www.youtube.com/watch?v=TaetxkWf07A
S2019E30,IN_SCOPE,2019-05-10,,False,,CES VIDÉOS YOUTUBE N’ONT JAMAIS ÉTÉ VUES (et franchement c’est pas plus mal),CES VIDÉOS YOUTUBE N’ONT JAMAIS ÉTÉ VUES (et franchement c’est pas plus mal),True,OK,NbzseynFHxI,14:08,14,14,True,,MISSING_IMAGE,,https://www.youtube.com/watch?v=NbzseynFHxI
S2019E29,IN_SCOPE,2019-05-05,,False,,DEVINEZ LE BON LOGO ! #2,DEVINEZ LE BON LOGO ! #2,True,OK,puSBvDQ2GpY,11:22,11,11,True,,MISSING_IMAGE,,https://www.youtube.com/watch?v=puSBvDQ2GpY
S2019E28,IN_SCOPE,2019-04-28,,False,,FAIRE UN IGLOO ET DORMIR DEDANS ! (24H EN HAUTE MONTAGNE),FAIRE UN IGLOO ET DORMIR DEDANS ! (24H EN HAUTE MONTAGNE),True,OK,bAS5RNTms98,34:02,34,34,True,,MISSING_IMAGE,,https://www.youtube.com/watch?v=bAS5RNTms98
S2019E27,IN_SCOPE,2019-04-26,,False,,LA VÉRITÉ SUR VOS FILMS & SÉRIES PRÉFÉRÉS...,LA VÉRITÉ SUR VOS FILMS & SÉRIES PRÉFÉRÉS...,True,OK,169_7QHBMX8,15:39,16,16,True,,MISSING_IMAGE,,https://www.youtube.com/watch?v=169_7QHBMX8
S2019E26,IN_SCOPE,2019-04-21,,False,,VOS PIRES MOTS DANS LE CARNET ! #4,VOS PIRES MOTS DANS LE CARNET ! #4,True,OK,SxoIFf1gLog,15:28,15,15,True,,MISSING_IMAGE,,https://www.youtube.com/watch?v=SxoIFf1gLog
S2019E25,IN_SCOPE,2019-04-14,,False,,LES PIRES OBJETS (CHOQUANTS) SUR AMAZON !,LES PIRES OBJETS (CHOQUANTS) SUR AMAZON !,True,OK,CTaT4CkKEA8,13:00,13,13,True,,MISSING_IMAGE,,https://www.youtube.com/watch?v=CTaT4CkKEA8
S2019E24,IN_SCOPE,2019-04-11,,False,,COMMENT ON EN EST ARRIVÉ LÀ... - L'AVENTURE MÉDIÉVALE #1,COMMENT ON EN EST ARRIVÉ LÀ... - L'AVENTURE MÉDIÉVALE #1,True,OK,FrxYuphjqq8,20:10,20,20,True,,MISSING_IMAGE,,https://www.youtube.com/watch?v=FrxYuphjqq8
S2019E23,IN_SCOPE,2019-04-07,,False,,ESSAYEZ DE NE PAS REGARDER CHALLENGE #3 ft. JOYCA,ESSAYEZ DE NE PAS REGARDER CHALLENGE #3 ft. JOYCA,True,OK,lg6x1RnyILs,13:09,13,13,True,,MISSING_IMAGE,,https://www.youtube.com/watch?v=lg6x1RnyILs
S2019E22,IN_SCOPE,2019-04-05,,False,,MES PIRES MOMENTS DE MALAISE SUR YOUTUBE !,MES PIRES MOMENTS DE MALAISE SUR YOUTUBE !,True,OK,y-ynt7MEdUc,15:47,16,16,True,,MISSING_IMAGE,,https://www.youtube.com/watch?v=y-ynt7MEdUc
S2019E21,IN_SCOPE,2019-03-29,,False,,LES PIRES OBJETS DE MES ABONNÉS !,LES PIRES OBJETS DE MES ABONNÉS !,True,OK,1wKPYAWLNkA,22:24,22,22,True,,MISSING_IMAGE,,https://www.youtube.com/watch?v=1wKPYAWLNkA
S2019E20,IN_SCOPE,2019-03-24,,False,,DEVINEZ LE BON LOGO !,DEVINEZ LE BON LOGO !,True,OK,bKtYdyGrlyY,11:16,11,11,True,,MISSING_IMAGE,,https://www.youtube.com/watch?v=bKtYdyGrlyY
S2019E19,IN_SCOPE,2019-03-22,,False,,ON RÉPOND À VOS DILEMMES IMPOSSIBLES ! #3,ON RÉPOND À VOS DILEMMES IMPOSSIBLES ! #3,True,OK,zL-joDRoqqk,14:35,15,15,True,,MISSING_IMAGE,,https://www.youtube.com/watch?v=zL-joDRoqqk
S2019E18,IN_SCOPE,2019-03-17,,False,,J’OUVRE VOS MEILLEURS (et pires) COLIS ! ÉPISODE 87546,J’OUVRE VOS MEILLEURS (et pires) COLIS ! ÉPISODE 87546,True,OK,LXBQZkXvOnQ,18:44,19,19,True,,MISSING_IMAGE,,https://www.youtube.com/watch?v=LXBQZkXvOnQ
S2019E17,IN_SCOPE,2019-03-15,,False,,IL FAUT QUE JE VOUS PARLE DE CETTE VIDÉO ! (Making-Of Rap Battle The Division),IL FAUT QUE JE VOUS PARLE DE CETTE VIDÉO ! (Making-Of Rap Battle The Division),True,OK,Fdw6TfenitQ,45:26,45,45,True,,MISSING_IMAGE,,https://www.youtube.com/watch?v=Fdw6TfenitQ
S2019E16,IN_SCOPE,2019-03-10,,False,,PRODUIT DE LUXE OU COMMUN ? (avec JOYCA),PRODUIT DE LUXE OU COMMUN ? (avec JOYCA),True,OK,dozjycfpRW8,16:35,17,17,True,,MISSING_IMAGE,,https://www.youtube.com/watch?v=dozjycfpRW8
S2019E15,IN_SCOPE,2019-03-08,,False,,VOS PIRES RECHERCHES GOOGLE SUR MOI,VOS PIRES RECHERCHES GOOGLE SUR MOI,True,OK,FoO9Q9c46HM,14:07,14,14,True,,MISSING_IMAGE,,https://www.youtube.com/watch?v=FoO9Q9c46HM
S2019E14,IN_SCOPE,2019-03-03,,False,,LES COMPTES INSTAGRAM LES PLUS DRÔLES ! #1,LES COMPTES INSTAGRAM LES PLUS DRÔLES ! #1,True,OK,DlLHfpgcRVY,12:34,13,13,True,,MISSING_IMAGE,,https://www.youtube.com/watch?v=DlLHfpgcRVY
S2019E13,IN_SCOPE,2019-03-01,,False,,REJOIGNEZ MON EQUIPE !,REJOIGNEZ MON EQUIPE !,True,OK,loJ0v8ZRKYI,6:19,6,6,True,,MISSING_IMAGE,,https://www.youtube.com/watch?v=loJ0v8ZRKYI
S2019E12,IN_SCOPE,2019-02-22,,False,,JE SORS MON PREMIER ALBUM ! (Vidéo 5 millions),JE SORS MON PREMIER ALBUM ! (Vidéo 5 millions),True,OK,HqOpmzMtThM,5:44,5,6,False,,MISSING_IMAGE,,https://www.youtube.com/watch?v=HqOpmzMtThM
S2019E11,IN_SCOPE,2019-02-20,,False,,"ON A FAIT UNE BATAILLE DE CHARS AIRSOFT ! (ft. CYRIL, VODK, NEOXI, RomainTechNews)","ON A FAIT UNE BATAILLE DE CHARS AIRSOFT ! (ft. CYRIL, VODK, NEOXI, RomainTechNews)",True,OK,1eq7SXq2NMI,13:23,25,13,False,,CONFIRMED_OFFICIAL_THUMBNAIL,https://artworks.thetvdb.com/banners/episodes/328213/7086858.jpg,https://www.youtube.com/watch?v=1eq7SXq2NMI
S2019E10,IN_SCOPE,2019-02-15,,False,,LE JEU DESTRUCTEUR D'AMITIÉ !,LE JEU DESTRUCTEUR D'AMITIÉ !,True,OK,vZICuOkh56w,12:35,25,13,False,,CONFIRMED_OFFICIAL_THUMBNAIL,https://artworks.thetvdb.com/banners/episodes/328213/7051434.jpg,https://www.youtube.com/watch?v=vZICuOkh56w
S2019E09,IN_SCOPE,2019-02-08,,False,,INCROYABLE TALENT (version pauvre) - ÉPISODE 2,INCROYABLE TALENT (version pauvre) - ÉPISODE 2,True,OK,eA4Ma7httbw,12:42,25,13,False,,CONFIRMED_OFFICIAL_THUMBNAIL,https://artworks.thetvdb.com/banners/episodes/328213/7051432.jpg,https://www.youtube.com/watch?v=eA4Ma7httbw
S2019E08,IN_SCOPE,2019-02-03,,False,,LES PIRES (et meilleurs) TALENTS DE MES ABONNÉS - EPISODE 1,LES PIRES (et meilleurs) TALENTS DE MES ABONNÉS - EPISODE 1,True,OK,68qPXMMuvMo,16:19,25,16,False,,MISSING_IMAGE,,https://www.youtube.com/watch?v=68qPXMMuvMo
S2019E07,IN_SCOPE,2019-01-27,,False,,LES PIRES OBJETS DE TÉLÉACHAT ! (avec Vodk),LES PIRES OBJETS DE TÉLÉACHAT ! (avec Vodk),True,OK,fdfIzY70XCU,11:56,25,12,False,,CONFIRMED_OFFICIAL_THUMBNAIL,https://artworks.thetvdb.com/banners/episodes/328213/7051429.jpg,https://www.youtube.com/watch?v=fdfIzY70XCU
S2019E06,IN_SCOPE,2019-01-25,,False,,ESSAYEZ DE NE PAS REGARDER CHALLENGE ! #2,ESSAYEZ DE NE PAS REGARDER CHALLENGE ! #2,True,OK,a9i0lO1wztE,12:48,25,13,False,,CONFIRMED_OFFICIAL_THUMBNAIL,https://artworks.thetvdb.com/banners/episodes/328213/7046488.jpg,https://www.youtube.com/watch?v=a9i0lO1wztE
S2019E05,IN_SCOPE,2019-01-20,,False,,"SILENCE CHALLENGE ! (ft. Joyca, Mastu, Vodk, Artishow)","SILENCE CHALLENGE ! (ft. Joyca, Mastu, Vodk, Artishow)",True,OK,A015nfKXRhs,21:00,25,21,False,,CONFIRMED_OFFICIAL_THUMBNAIL,https://artworks.thetvdb.com/banners/episodes/328213/7002504.jpg,https://www.youtube.com/watch?v=A015nfKXRhs
S2019E04,IN_SCOPE,2019-01-18,,False,,JE VOUS DÉVOILE TOUTE LA VÉRITÉ !,JE VOUS DÉVOILE TOUTE LA VÉRITÉ !,True,OK,U2W-BWojJ5M,15:10,25,15,False,,CONFIRMED_OFFICIAL_THUMBNAIL,https://artworks.thetvdb.com/banners/episodes/328213/7002500.jpg,https://www.youtube.com/watch?v=U2W-BWojJ5M
S2019E03,IN_SCOPE,2019-01-11,,False,,LES PIRES ARTISTES DE TOUS LES TEMPS ! (avec JOYCA & WANKIL),LES PIRES ARTISTES DE TOUS LES TEMPS ! (avec JOYCA & WANKIL),True,OK,Z8mm4EqJR4c,15:12,25,15,False,,CONFIRMED_OFFICIAL_THUMBNAIL,https://artworks.thetvdb.com/banners/episodes/328213/6987172.jpg,https://www.youtube.com/watch?v=Z8mm4EqJR4c
S2019E02,IN_SCOPE,2019-01-07,,False,,LA MEILLEURE ANNÉE DE MA VIE !,LA MEILLEURE ANNÉE DE MA VIE !,True,OK,P8P05DN1I68,6:33,25,7,False,,CONFIRMED_OFFICIAL_THUMBNAIL,https://artworks.thetvdb.com/banners/episodes/328213/6984400.jpg,https://www.youtube.com/watch?v=P8P05DN1I68
S2019E01,IN_SCOPE,2019-01-02,,False,,LE PLUS GROS SECRET DE MA CHAINE YOUTUBE !,LE PLUS GROS SECRET DE MA CHAINE YOUTUBE !,True,OK,KUle0ute0Ns,12:37,25,13,False,,CONFIRMED_OFFICIAL_THUMBNAIL,https://artworks.thetvdb.com/banners/episodes/328213/6984399.jpg,https://www.youtube.com/watch?v=KUle0ute0Ns
S2018E92,IN_SCOPE,2018-12-28,,False,,LES COMPTES TWITTER LES PLUS DRÔLES ! #3,LES COMPTES TWITTER LES PLUS DRÔLES ! #3,True,OK,3h5OvIECIrU,17:28,25,17,False,season finale,CONFIRMED_OFFICIAL_THUMBNAIL,https://artworks.thetvdb.com/banners/episodes/328213/6967596.jpg,https://www.youtube.com/watch?v=3h5OvIECIrU
S2018E91,IN_SCOPE,2018-12-26,,False,,"SI VOUS ME FAITES RIRE, JE VOUS PAYE !","SI VOUS ME FAITES RIRE, JE VOUS PAYE !",True,OK,bq85M2gRcPo,17:19,25,17,False,,MISSING_IMAGE,,https://www.youtube.com/watch?v=bq85M2gRcPo
S2018E90,IN_SCOPE,2018-12-23,,False,,L’ULTIME SALLE SECRÈTE DE LA REDBOX !,L’ULTIME SALLE SECRÈTE DE LA REDBOX !,True,OK,lyULsDDOdj8,16:02,25,16,False,,CONFIRMED_OFFICIAL_THUMBNAIL,https://artworks.thetvdb.com/banners/episodes/328213/6952707.jpg,https://www.youtube.com/watch?v=lyULsDDOdj8
S2018E89,IN_SCOPE,2018-12-16,,False,,LE PLUS GROS TOURNAGE DE LA REDBOX !,LE PLUS GROS TOURNAGE DE LA REDBOX !,True,OK,I6O5JKHEaO8,15:17,25,15,False,,PRESENT_ORIGIN_UNPROVEN,https://artworks.thetvdb.com/banners/episodes/328213/6942212.jpg,https://www.youtube.com/watch?v=I6O5JKHEaO8
S2018E88,IN_SCOPE,2018-12-14,,False,,ON PARODIE DES CLIPS ! #3 feat. Joyca,ON PARODIE DES CLIPS ! #3 feat. Joyca,True,OK,SOH-wva28Dg,15:17,25,15,False,,MISSING_IMAGE,,https://www.youtube.com/watch?v=SOH-wva28Dg
S2018E87,IN_SCOPE,2018-12-09,,False,,J'AI RISQUÉ MA VIE POUR CETTE VIDÉO ! (Chasse à la tornade),J'AI RISQUÉ MA VIE POUR CETTE VIDÉO ! (Chasse à la tornade),True,OK,5QD5bf6h8Z4,26:23,25,26,False,,CONFIRMED_OFFICIAL_THUMBNAIL,https://artworks.thetvdb.com/banners/episodes/328213/6933251.jpg,https://www.youtube.com/watch?v=5QD5bf6h8Z4
S2018E86,IN_SCOPE,2018-12-08,,False,,100 ABONNÉS Vs 4 YOUTUBERS ! (Nerf Zombies),100 ABONNÉS Vs 4 YOUTUBERS ! (Nerf Zombies),True,OK,o-BeULga6MQ,23:02,25,23,False,,MISSING_IMAGE,,https://www.youtube.com/watch?v=o-BeULga6MQ
S2018E85,IN_SCOPE,2018-12-02,,False,,LES PIRES ANNONCES SUR LEBONCOIN ! #9,LES PIRES ANNONCES SUR LEBONCOIN ! #9,True,OK,tJ-DjWCEID8,12:19,25,12,False,,MISSING_IMAGE,,https://www.youtube.com/watch?v=tJ-DjWCEID8
S2018E84,IN_SCOPE,2018-11-25,,False,,ON SE PERD SUR INTERNET ! #1,ON SE PERD SUR INTERNET ! #1,True,OK,duXjNRyZ82s,17:37,25,18,False,,CONFIRMED_OFFICIAL_THUMBNAIL,https://artworks.thetvdb.com/banners/episodes/328213/6917636.jpg,https://www.youtube.com/watch?v=duXjNRyZ82s
S2018E83,IN_SCOPE,2018-11-23,,False,,ESSAYEZ DE NE PAS REGARDER CHALLENGE,ESSAYEZ DE NE PAS REGARDER CHALLENGE,True,OK,J9O4iBKYQ38,10:06,25,10,False,,CONFIRMED_OFFICIAL_THUMBNAIL,https://artworks.thetvdb.com/banners/episodes/328213/6915022.jpg,https://www.youtube.com/watch?v=J9O4iBKYQ38
S2018E82,IN_SCOPE,2018-11-18,,False,,VOUS CONTROLEZ MES ACTIONS À LA REDBOX !,VOUS CONTROLEZ MES ACTIONS À LA REDBOX !,True,OK,H43f435DAEE,22:28,25,22,False,,MISSING_IMAGE,,https://www.youtube.com/watch?v=H43f435DAEE
S2018E81,IN_SCOPE,2018-11-16,,False,,LES COMPTES TWITTER LES PLUS DRÔLES ! #2,LES COMPTES TWITTER LES PLUS DRÔLES ! #2,True,OK,B0z7NW1Mslc,16:40,25,17,False,,CONFIRMED_OFFICIAL_THUMBNAIL,https://artworks.thetvdb.com/banners/episodes/328213/6907020.jpg,https://www.youtube.com/watch?v=B0z7NW1Mslc
S2018E80,IN_SCOPE,2018-11-11,,False,,JE RÉPONDS À VOS QUESTIONS (DANS UN AVION DE CHASSE) !,JE RÉPONDS À VOS QUESTIONS (DANS UN AVION DE CHASSE) !,True,OK,pxc-WGfvz-M,18:01,25,18,False,,MISSING_IMAGE,,https://www.youtube.com/watch?v=pxc-WGfvz-M
S2018E79,IN_SCOPE,2018-11-09,,False,,J’AI (ENCORE) RÉALISÉ UN RÊVE D’ENFANT !,J’AI (ENCORE) RÉALISÉ UN RÊVE D’ENFANT !,True,OK,x3froQtmOe4,14:19,25,14,False,,CONFIRMED_OFFICIAL_THUMBNAIL,https://artworks.thetvdb.com/banners/episodes/328213/6898776.jpg,https://www.youtube.com/watch?v=x3froQtmOe4
S2018E78,IN_SCOPE,2018-11-04,,False,,JE TESTE ENFIN L'OBJET DE MES RÊVES !,JE TESTE ENFIN L'OBJET DE MES RÊVES !,True,OK,11YRCzK8XFg,20:47,25,21,False,,MISSING_IMAGE,,https://www.youtube.com/watch?v=11YRCzK8XFg
S2018E77,IN_SCOPE,2018-11-01,,False,,LE DERNIER DÉCOR SECRET DE LA REDBOX !,LE DERNIER DÉCOR SECRET DE LA REDBOX !,True,OK,27X2TZZ-cG0,11:19,25,11,False,,MISSING_IMAGE,,https://www.youtube.com/watch?v=27X2TZZ-cG0
S2018E76,IN_SCOPE,2018-10-28,,False,,"99,5% DE MALAISE ! (TIK TOK)","99,5% DE MALAISE ! (TIK TOK)",True,OK,G4oDm9TvFVs,14:19,25,14,False,,MISSING_IMAGE,,https://www.youtube.com/watch?v=G4oDm9TvFVs
S2018E75,IN_SCOPE,2018-10-26,,False,,JE PASSE MON PERMIS DE TANK !,JE PASSE MON PERMIS DE TANK !,True,OK,TBXOLLf2YBw,23:03,25,23,False,,CONFIRMED_OFFICIAL_THUMBNAIL,https://artworks.thetvdb.com/banners/episodes/328213/6880405.jpg,https://www.youtube.com/watch?v=TBXOLLf2YBw
S2018E74,IN_SCOPE,2018-10-21,,False,,LES PIRES OBJETS ACHETÉS SUR INTERNET (L’ÉMISSION) ! #1,LES PIRES OBJETS ACHETÉS SUR INTERNET (L’ÉMISSION) ! #1,True,OK,hWpXBnc6eKA,20:04,25,20,False,,CONFIRMED_OFFICIAL_THUMBNAIL,https://artworks.thetvdb.com/banners/episodes/328213/6872575.jpg,https://www.youtube.com/watch?v=hWpXBnc6eKA
S2018E73,IN_SCOPE,2018-10-19,,False,,JE RÉPONDS À VOS DILEMMES IMPOSSIBLES ! #2,JE RÉPONDS À VOS DILEMMES IMPOSSIBLES ! #2,True,OK,wvTs51RFG-Y,14:51,25,15,False,,MISSING_IMAGE,,https://www.youtube.com/watch?v=wvTs51RFG-Y
S2018E72,IN_SCOPE,2018-10-14,,False,,CET OBJET A DÉTRUIT NOTRE AMITIÉ !,CET OBJET A DÉTRUIT NOTRE AMITIÉ !,True,OK,9un4aEmFS0w,22:46,25,23,False,,CONFIRMED_OFFICIAL_THUMBNAIL,https://artworks.thetvdb.com/banners/episodes/328213/6864877.jpg,https://www.youtube.com/watch?v=9un4aEmFS0w
S2018E71,IN_SCOPE,2018-10-12,,False,,ESSAYEZ DE NE PAS CRASHER L'AVION CHALLENGE,ESSAYEZ DE NE PAS CRASHER L'AVION CHALLENGE,True,OK,zywVAaOczAg,13:44,25,14,False,,CONFIRMED_OFFICIAL_THUMBNAIL,https://artworks.thetvdb.com/banners/episodes/328213/6864872.jpg,https://www.youtube.com/watch?v=zywVAaOczAg
S2018E70,IN_SCOPE,2018-09-30,,False,,JE SUIS PAPA !,JE SUIS PAPA !,True,OK,5ToN3JUp_rg,4:53,25,5,False,,CONFIRMED_OFFICIAL_THUMBNAIL,https://artworks.thetvdb.com/banners/episodes/328213/6845753.jpg,https://www.youtube.com/watch?v=5ToN3JUp_rg
S2018E69,IN_SCOPE,2018-09-28,,False,,JE LIVRE DES CADEAUX À DES ABONNÉS AU HASARD !,JE LIVRE DES CADEAUX À DES ABONNÉS AU HASARD !,True,OK,ce-d_G9Nu14,21:03,25,21,False,,CONFIRMED_OFFICIAL_THUMBNAIL,https://artworks.thetvdb.com/banners/episodes/328213/6845637.jpg,https://www.youtube.com/watch?v=ce-d_G9Nu14
S2018E68,IN_SCOPE,2018-09-23,,False,,ILS CONTRÔLENT MA VIE PENDANT 48H !,ILS CONTRÔLENT MA VIE PENDANT 48H !,True,OK,dnMXQPdw3hQ,23:34,25,24,False,,MISSING_IMAGE,,https://www.youtube.com/watch?v=dnMXQPdw3hQ
S2018E67,IN_SCOPE,2018-09-21,,False,,LES PIRES (et les meilleurs) OBJETS DES ANNÉES 90 ! (ft. Joyca),LES PIRES (et les meilleurs) OBJETS DES ANNÉES 90 ! (ft. Joyca),True,OK,mNcNgdLqD8o,15:57,25,16,False,,CONFIRMED_OFFICIAL_THUMBNAIL,https://artworks.thetvdb.com/banners/episodes/328213/6837083.jpg,https://www.youtube.com/watch?v=mNcNgdLqD8o
S2018E66,IN_SCOPE,2018-09-14,,False,,JE REGARDE DES PUBS JAPONAISES !,JE REGARDE DES PUBS JAPONAISES !,True,OK,T3ck6_ytGao,13:42,25,14,False,,CONFIRMED_OFFICIAL_THUMBNAIL,https://artworks.thetvdb.com/banners/episodes/328213/6827732.jpg,https://www.youtube.com/watch?v=T3ck6_ytGao
S2018E65,IN_SCOPE,2018-09-09,,False,,ON A REÇU UN MYSTERIEUX COLIS ! (feat. JOYCA),ON A REÇU UN MYSTERIEUX COLIS ! (feat. JOYCA),True,OK,y5shR-bqm_I,14:06,25,14,False,,CONFIRMED_OFFICIAL_THUMBNAIL,https://artworks.thetvdb.com/banners/episodes/328213/6821879.jpg,https://www.youtube.com/watch?v=y5shR-bqm_I
S2018E64,IN_SCOPE,2018-09-06,,False,,LA VÉRITÉ SUR MES ORIGINES...,LA VÉRITÉ SUR MES ORIGINES...,True,OK,Ib8_WTWMeJ0,18:59,25,19,False,,CONFIRMED_OFFICIAL_THUMBNAIL,https://artworks.thetvdb.com/banners/episodes/328213/6818636.jpg,https://www.youtube.com/watch?v=Ib8_WTWMeJ0
S2018E63,IN_SCOPE,2018-09-02,,False,,LES PIRES OBJETS DES SITES CHINOIS ! #4,LES PIRES OBJETS DES SITES CHINOIS ! #4,True,OK,5hTk2vq16D8,16:51,25,17,False,,CONFIRMED_OFFICIAL_THUMBNAIL,https://artworks.thetvdb.com/banners/episodes/328213/6812843.jpg,https://www.youtube.com/watch?v=5hTk2vq16D8
S2018E62,IN_SCOPE,2018-08-28,,False,,JE PERDS = JE DONNE MA CARTE BLEUE À UN ABONNÉ...,JE PERDS = JE DONNE MA CARTE BLEUE À UN ABONNÉ...,True,OK,yuN8-1e03z4,21:46,25,22,False,,MISSING_IMAGE,,https://www.youtube.com/watch?v=yuN8-1e03z4
S2018E61,IN_SCOPE,2018-08-24,,False,,JE RÉPONDS À VOS DILEMMES IMPOSSIBLES !,JE RÉPONDS À VOS DILEMMES IMPOSSIBLES !,True,OK,AYYY51kvaFg,13:18,25,13,False,,MISSING_IMAGE,,https://www.youtube.com/watch?v=AYYY51kvaFg
S2018E60,IN_SCOPE,2018-08-18,,False,,CE JEU M'A RETOURNÉ LE CERVEAU !,CE JEU M'A RETOURNÉ LE CERVEAU !,True,OK,XNM5vxuFHNA,12:54,25,13,False,,CONFIRMED_OFFICIAL_THUMBNAIL,https://artworks.thetvdb.com/banners/episodes/328213/6802858.jpg,https://www.youtube.com/watch?v=XNM5vxuFHNA
S2018E59,IN_SCOPE,2018-08-15,,False,,SI J'AVAIS FAIT CETTE VIDÉO EN 1998...,SI J'AVAIS FAIT CETTE VIDÉO EN 1998...,True,OK,FPDMGEaAB9I,10:45,25,11,False,,MISSING_IMAGE,,https://www.youtube.com/watch?v=FPDMGEaAB9I
S2018E58,IN_SCOPE,2018-08-12,,False,,ENORME BATAILLE NAVALE DANS LA VRAIE VIE ! (ft. ALL STAR REDBOX),ÉNORME BATAILLE NAVALE DANS LA VRAIE VIE ! (ft. ALL STAR REDBOX),False,PUNCTUATION_EMOJI_EXACTNESS,znW0X_Z11y4,15:24,25,15,False,,CONFIRMED_OFFICIAL_THUMBNAIL,https://artworks.thetvdb.com/banners/episodes/328213/6791197.jpg,https://www.youtube.com/watch?v=znW0X_Z11y4
S2018E57,IN_SCOPE,2018-08-05,,False,,LES PIRES ARTICLES AMAZON ! (Spécial objets miniatures),LES PIRES ARTICLES AMAZON ! (Spécial objets miniatures),True,OK,X9cO0vSLNPM,16:27,25,16,False,,CONFIRMED_OFFICIAL_THUMBNAIL,https://artworks.thetvdb.com/banners/episodes/328213/6791195.jpg,https://www.youtube.com/watch?v=X9cO0vSLNPM
S2018E56,IN_SCOPE,2018-08-02,,False,,"POUR COMBIEN TU... ? (ft. Vodk, Mastu, Neoxi)","POUR COMBIEN TU... ? (ft. Vodk, Mastu, Neoxi)",True,OK,4sLMo9YJpDQ,12:42,25,13,False,,MISSING_IMAGE,,https://www.youtube.com/watch?v=4sLMo9YJpDQ
S2018E55,IN_SCOPE,2018-07-29,,False,,NOTRE NOUVEAU STUDIO À LA REDBOX !,NOTRE NOUVEAU STUDIO À LA REDBOX !,True,OK,ybfM7M9z3gA,14:14,25,14,False,,CONFIRMED_OFFICIAL_THUMBNAIL,https://artworks.thetvdb.com/banners/episodes/328213/6775263.jpg,https://www.youtube.com/watch?v=ybfM7M9z3gA
S2018E54,IN_SCOPE,2018-07-25,,False,,JE NE DEVRAIS PAS ETRE ICI...,JE NE DEVRAIS PAS ETRE ICI...,True,OK,raMLsam2e78,16:29,25,16,False,,MISSING_IMAGE,,https://www.youtube.com/watch?v=raMLsam2e78
S2018E53,IN_SCOPE,2018-07-22,,False,,"PONT EN CARTON CHALLENGE ! (ft. Vodk, Joyca, Neoxi, Mastu)","PONT EN CARTON CHALLENGE ! (ft. Vodk, Joyca, Neoxi, Mastu)",True,OK,79eXL1x6vbU,17:12,25,17,False,,CONFIRMED_OFFICIAL_THUMBNAIL,https://artworks.thetvdb.com/banners/episodes/328213/6771907.jpg,https://www.youtube.com/watch?v=79eXL1x6vbU
S2018E52,IN_SCOPE,2018-07-19,,False,,CETTE TECHNOLOGIE EST INCROYABLE ! (Drone Sous-Marin #2),CETTE TECHNOLOGIE EST INCROYABLE ! (Drone Sous-Marin #2),True,OK,g8Qp_F4IADY,10:20,25,10,False,,MISSING_IMAGE,,https://www.youtube.com/watch?v=g8Qp_F4IADY
S2018E51,IN_SCOPE,2018-07-14,,False,,LES PIRES DOUBLAGES DE TABLEAUX ! EPISODE #1,LES PIRES DOUBLAGES DE TABLEAUX ! EPISODE #1,True,OK,ndBIFpFRkS8,4:45,25,5,False,,MISSING_IMAGE,,https://www.youtube.com/watch?v=ndBIFpFRkS8
S2018E50,IN_SCOPE,2018-07-12,,False,,J'EXPLORE DES ÉPAVES EN DRONE SOUS MARIN ! #1,J'EXPLORE DES ÉPAVES EN DRONE SOUS MARIN ! #1,True,OK,fwRVF4pGZqE,12:56,25,13,False,,CONFIRMED_OFFICIAL_THUMBNAIL,https://artworks.thetvdb.com/banners/episodes/328213/6761584.jpg,https://www.youtube.com/watch?v=fwRVF4pGZqE
S2018E49,IN_SCOPE,2018-07-08,,False,,LE CADEAU D'ABONNÉ LE PLUS INCROYABLE !,LE CADEAU D'ABONNÉ LE PLUS INCROYABLE !,True,OK,WZf20ELnnrM,25:02,25,25,True,,CONFIRMED_OFFICIAL_THUMBNAIL,https://artworks.thetvdb.com/banners/episodes/328213/6755061.jpg,https://www.youtube.com/watch?v=WZf20ELnnrM
S2018E48,IN_SCOPE,2018-07-04,,False,,JE VOUS PRÉSENTE MON IDOLE !,JE VOUS PRÉSENTE MON IDOLE !,True,OK,EpYmeJntjwQ,13:59,25,14,False,,CONFIRMED_OFFICIAL_THUMBNAIL,https://artworks.thetvdb.com/banners/episodes/328213/6752073.jpg,https://www.youtube.com/watch?v=EpYmeJntjwQ
S2018E47,IN_SCOPE,2018-06-29,,False,,VOICI MON NOUVEAU MÉTIER !,VOICI MON NOUVEAU MÉTIER !,True,OK,p8Sn8PowQLQ,18:57,25,19,False,,CONFIRMED_OFFICIAL_THUMBNAIL,https://artworks.thetvdb.com/banners/episodes/328213/6752071.jpg,https://www.youtube.com/watch?v=p8Sn8PowQLQ
S2018E46,IN_SCOPE,2018-06-24,,False,,LES COMPTES TWITTER LES PLUS DRÔLES ! #1,LES COMPTES TWITTER LES PLUS DRÔLES ! #1,True,OK,cHHSWGb1UCM,15:48,25,16,False,,CONFIRMED_OFFICIAL_THUMBNAIL,https://artworks.thetvdb.com/banners/episodes/328213/6741306.jpg,https://www.youtube.com/watch?v=cHHSWGb1UCM
S2018E45,IN_SCOPE,2018-06-21,,False,,CE JEU T'AIDE À FAIRE LES BONS CHOIX !,CE JEU T'AIDE À FAIRE LES BONS CHOIX !,True,OK,i0w0XOMarho,8:30,25,9,False,,CONFIRMED_OFFICIAL_THUMBNAIL,https://artworks.thetvdb.com/banners/episodes/328213/6736820.jpg,https://www.youtube.com/watch?v=i0w0XOMarho
S2018E44,IN_SCOPE,2018-06-16,,False,,LES PIRES OBJETS JAPONAIS (achetés à TOKYO) ! #3,LES PIRES OBJETS JAPONAIS (achetés à TOKYO) ! #3,True,OK,sHR7cAgRbsk,12:03,25,12,False,,CONFIRMED_OFFICIAL_THUMBNAIL,https://artworks.thetvdb.com/banners/episodes/328213/6730153.jpg,https://www.youtube.com/watch?v=sHR7cAgRbsk
S2018E43,IN_SCOPE,2018-06-13,,False,,CE JEU VA TE FAIRE DÉTESTER L’ÉCOLE !,CE JEU VA TE FAIRE DÉTESTER L’ÉCOLE !,True,OK,op7LxfhzWQI,12:11,25,12,False,,CONFIRMED_OFFICIAL_THUMBNAIL,https://artworks.thetvdb.com/banners/episodes/328213/6730151.jpg,https://www.youtube.com/watch?v=op7LxfhzWQI
S2018E42,IN_SCOPE,2018-06-09,,False,,JE NE PEUX FAIRE CONFIANCE À PERSONNE... (Nerf),JE NE PEUX FAIRE CONFIANCE À PERSONNE... (Nerf),True,OK,M68VGX5hbg8,15:09,25,15,False,,CONFIRMED_OFFICIAL_THUMBNAIL,https://artworks.thetvdb.com/banners/episodes/328213/6722478.jpg,https://www.youtube.com/watch?v=M68VGX5hbg8
S2018E41,IN_SCOPE,2018-06-06,,False,,J’AI RETROUVÉ LES JEUX DE MON ENFANCE ! #1,J’AI RETROUVÉ LES JEUX DE MON ENFANCE ! #1,True,OK,3jzAaF106NI,16:53,25,17,False,,CONFIRMED_OFFICIAL_THUMBNAIL,https://artworks.thetvdb.com/banners/episodes/328213/6722477.jpg,https://www.youtube.com/watch?v=3jzAaF106NI
S2018E40,IN_SCOPE,2018-06-02,,False,,LA MEILLEURE AVENTURE EN VOITURE ! - RedboxTrip #3,LA MEILLEURE AVENTURE EN VOITURE ! - RedboxTrip #3,True,OK,lBxp9Cv-Zcg,32:30,25,33,False,,MISSING_IMAGE,,https://www.youtube.com/watch?v=lBxp9Cv-Zcg
S2018E39,IN_SCOPE,2018-05-31,,False,,AVEZ-VOUS L'ESPRIT MAL PLACÉ ? (test d'innocence),AVEZ-VOUS L'ESPRIT MAL PLACÉ ? (test d'innocence),True,OK,V7bpLLw-MY0,10:33,25,11,False,,CONFIRMED_OFFICIAL_THUMBNAIL,https://artworks.thetvdb.com/banners/episodes/328213/6712719.jpg,https://www.youtube.com/watch?v=V7bpLLw-MY0
S2018E38,IN_SCOPE,2018-05-26,,False,,ON A COMPLÈTEMENT CRAQUÉ ! Redbox Trip #2,ON A COMPLÈTEMENT CRAQUÉ ! Redbox Trip #2,True,OK,jELGG8JNjdU,28:24,25,28,False,,MISSING_IMAGE,,https://www.youtube.com/watch?v=jELGG8JNjdU
S2018E37,IN_SCOPE,2018-05-21,,False,,COME BACK LITTLE RED SH*T !!! (Dessin animé),COME BACK LITTLE RED SH*T !!! (Dessin animé),True,OK,xiMZRrKmMwY,4:56,25,5,False,,CONFIRMED_OFFICIAL_THUMBNAIL,https://artworks.thetvdb.com/banners/episodes/328213/6712044.jpg,https://www.youtube.com/watch?v=xiMZRrKmMwY
S2018E36,IN_SCOPE,2018-05-18,,False,,1000 KILOMÈTRES SANS CARTE NI GPS ! - RedBoxTrip #1,1000 KILOMÈTRES SANS CARTE NI GPS ! - RedBox Trip #1,False,SUBSTANTIVE_MISMATCH,L2uczIO7efY,35:18,25,35,False,,MISSING_IMAGE,,https://www.youtube.com/watch?v=L2uczIO7efY
S2018E35,IN_SCOPE,2018-05-14,,False,,ON SE PERD SUR GOOGLE STREET !,ON SE PERD SUR GOOGLE STREET !,True,OK,Qg7tFKi8txI,11:14,25,11,False,,CONFIRMED_OFFICIAL_THUMBNAIL,https://artworks.thetvdb.com/banners/episodes/328213/6695247.jpg,https://www.youtube.com/watch?v=Qg7tFKi8txI
S2018E34,IN_SCOPE,2018-05-09,,False,,JE REPONDS À VOS QUESTIONS VIDÉOS ! (FAQ pas très originale),JE REPONDS À VOS QUESTIONS VIDÉOS ! (FAQ pas très originale),True,OK,M51mDLujKPQ,25:56,25,26,False,,MISSING_IMAGE,,https://www.youtube.com/watch?v=M51mDLujKPQ
S2018E33,IN_SCOPE,2018-05-03,,False,,LES PIRES OBJETS JAPONAIS (achetés à TOKYO) ! #2,LES PIRES OBJETS JAPONAIS (achetés à TOKYO) ! #2,True,OK,4bz23qyK4CY,11:57,25,12,False,,CONFIRMED_OFFICIAL_THUMBNAIL,https://artworks.thetvdb.com/banners/episodes/328213/6680321.jpg,https://www.youtube.com/watch?v=4bz23qyK4CY
S2018E32,IN_SCOPE,2018-04-29,,False,,5 SECONDES CHALLENGE,5 SECONDES CHALLENGE,True,OK,ieI61ZxGe28,18:35,25,19,False,,MISSING_IMAGE,,https://www.youtube.com/watch?v=ieI61ZxGe28
S2018E31,IN_SCOPE,2018-04-25,,False,,CET OBJET VA RÉVOLUTIONNER YOUTUBE ! (Drone Sous-Marin),CET OBJET VA RÉVOLUTIONNER YOUTUBE ! (Drone Sous-Marin),True,OK,20AH29tjA5A,12:57,25,13,False,,CONFIRMED_OFFICIAL_THUMBNAIL,https://artworks.thetvdb.com/banners/episodes/328213/6665114.jpg,https://www.youtube.com/watch?v=20AH29tjA5A
S2018E30,IN_SCOPE,2018-04-23,,False,,LES PIRES PRÉDICTIONS JAPONAISES ! (ft. Vodk & Joyca),LES PIRES PRÉDICTIONS JAPONAISES ! (ft. Vodk & Joyca),True,OK,5MHTBQp2_gs,11:10,25,11,False,,MISSING_IMAGE,,https://www.youtube.com/watch?v=5MHTBQp2_gs
S2018E29,IN_SCOPE,2018-04-19,,False,,LES PIRES OBJETS JAPONAIS (achetés à TOKYO) ! #1,LES PIRES OBJETS JAPONAIS (achetés à TOKYO) ! #1,True,OK,DjK0NU2viVk,12:40,25,13,False,,CONFIRMED_OFFICIAL_THUMBNAIL,https://artworks.thetvdb.com/banners/episodes/328213/6661497.jpg,https://www.youtube.com/watch?v=DjK0NU2viVk
S2018E28,IN_SCOPE,2018-04-15,,False,,VOICI D'OÙ JE VIENS ! (Mon test ADN),VOICI D'OÙ JE VIENS ! (Mon test ADN),True,OK,by168cgLmw0,20:03,25,20,False,,CONFIRMED_OFFICIAL_THUMBNAIL,https://artworks.thetvdb.com/banners/episodes/328213/6661490.jpg,https://www.youtube.com/watch?v=by168cgLmw0
S2018E27,IN_SCOPE,2018-04-11,,False,,ON DÉGUSTE DES PRODUITS JAPONAIS (douteux) !,ON DÉGUSTE DES PRODUITS JAPONAIS (douteux) !,True,OK,gnadE9sIxqQ,15:48,25,16,False,,CONFIRMED_OFFICIAL_THUMBNAIL,https://artworks.thetvdb.com/banners/episodes/328213/6645391.jpg,https://www.youtube.com/watch?v=gnadE9sIxqQ
S2018E26,IN_SCOPE,2018-04-06,,False,,JE REGARDE DES VIDEOS DE GENS INCONSCIENTS ! (Compilation),JE REGARDE DES VIDEOS DE GENS INCONSCIENTS ! (Compilation),True,OK,tMANCEKjpSg,13:56,25,14,False,,CONFIRMED_OFFICIAL_THUMBNAIL,https://artworks.thetvdb.com/banners/episodes/328213/6645388.jpg,https://www.youtube.com/watch?v=tMANCEKjpSg
S2018E25,IN_SCOPE,2018-04-03,,False,,JE VLOG LES COULISSES DE BIGFLO ET OLI !,JE VLOG LES COULISSES DE BIGFLO ET OLI !,True,OK,IalavtIYtPc,10:54,25,11,False,,CONFIRMED_OFFICIAL_THUMBNAIL,https://artworks.thetvdb.com/banners/episodes/328213/6632483.jpg,https://www.youtube.com/watch?v=IalavtIYtPc
S2018E24,IN_SCOPE,2018-03-30,,False,,LE JEU QUI TE FAIT PERDRE UN POTE !,LE JEU QUI TE FAIT PERDRE UN POTE !,True,OK,RMgCJiNwKIw,16:29,25,16,False,,CONFIRMED_OFFICIAL_THUMBNAIL,https://artworks.thetvdb.com/banners/episodes/328213/6626686.jpg,https://www.youtube.com/watch?v=RMgCJiNwKIw
S2018E23,IN_SCOPE,2018-03-27,,False,,LE PIRE PECHEUR DE L'HISTOIRE ! (ft. Cyr!l & Vodk),LE PIRE PECHEUR DE L'HISTOIRE ! (ft. Cyr!l & Vodk),True,OK,LUR-hPDlfBU,15:31,25,16,False,,CONFIRMED_OFFICIAL_THUMBNAIL,https://artworks.thetvdb.com/banners/episodes/328213/6622667.jpg,https://www.youtube.com/watch?v=LUR-hPDlfBU
S2018E22,IN_SCOPE,2018-03-22,,False,,ON A CONSTRUIT UNE ÉCOLE DANS LE DÉSERT !,ON A CONSTRUIT UNE ÉCOLE DANS LE DÉSERT !,True,OK,q10ZherIg08,14:54,25,15,False,,CONFIRMED_OFFICIAL_THUMBNAIL,https://artworks.thetvdb.com/banners/episodes/328213/6614722.jpg,https://www.youtube.com/watch?v=q10ZherIg08
S2018E21,IN_SCOPE,2018-03-18,,False,,IL VOUS RESTE 60 SECONDES AVANT LA FIN DU MONDE ! (60 Seconds Meteor),IL VOUS RESTE 60 SECONDES AVANT LA FIN DU MONDE ! (60 Seconds Meteor),True,OK,ZVkjj0o--vA,13:13,25,13,False,,CONFIRMED_OFFICIAL_THUMBNAIL,https://artworks.thetvdb.com/banners/episodes/328213/6607225.jpg,https://www.youtube.com/watch?v=ZVkjj0o--vA
S2018E20,IN_SCOPE,2018-03-15,,False,,JE VOUS DÉVOILE MON NOUVEAU DÉCOR !,JE VOUS DÉVOILE MON NOUVEAU DÉCOR !,True,OK,mDvmMlW3K_4,13:46,25,14,False,,CONFIRMED_OFFICIAL_THUMBNAIL,https://artworks.thetvdb.com/banners/episodes/328213/6602608.jpg,https://www.youtube.com/watch?v=mDvmMlW3K_4
S2018E19,IN_SCOPE,2018-03-11,,False,,JE VLOG SUR LE TOURNAGE D'UN GROS FILM ! (Tomb Raider),JE VLOG SUR LE TOURNAGE D'UN GROS FILM ! (Tomb Raider ),False,PUNCTUATION_EMOJI_EXACTNESS,VVQPKtt-NgM,15:30,25,16,False,,MISSING_IMAGE,,https://www.youtube.com/watch?v=VVQPKtt-NgM
S2018E18,IN_SCOPE,2018-03-05,,False,,JE RECRUTE DES ABONNÉS !,JE RECRUTE DES ABONNÉS !,True,OK,91kNfnKnR6s,5:16,25,5,False,,CONFIRMED_OFFICIAL_THUMBNAIL,https://artworks.thetvdb.com/banners/episodes/328213/6587608.jpg,https://www.youtube.com/watch?v=91kNfnKnR6s
S2018E17,IN_SCOPE,2018-03-02,,False,,LE RÉSEAU SOCIAL LE PLUS DRÔLE DU MONDE ! (VRCHAT #3 ft. Squeezie),LE RÉSEAU SOCIAL LE PLUS DRÔLE DU MONDE ! (VRCHAT #3 ft. Squeezie),True,OK,t07WVehMBKU,16:40,25,17,False,,MISSING_IMAGE,,https://www.youtube.com/watch?v=t07WVehMBKU
S2018E16,IN_SCOPE,2018-02-26,,False,,LE JEU QUI DÉTRUIT DES AMITIÉS !,LE JEU QUI DÉTRUIT DES AMITIÉS !,True,OK,ax3ep45thiQ,14:53,25,15,False,,MISSING_IMAGE,,https://www.youtube.com/watch?v=ax3ep45thiQ
S2018E15,IN_SCOPE,2018-02-24,,False,,JE N'AURAIS JAMAIS DU L'INVITER DANS CETTE VIDÉO...,JE N'AURAIS JAMAIS DU L'INVITER DANS CETTE VIDÉO...,True,OK,f6Fln5_gI0k,11:11,25,11,False,,CONFIRMED_OFFICIAL_THUMBNAIL,https://artworks.thetvdb.com/banners/episodes/328213/6572119.jpg,https://www.youtube.com/watch?v=f6Fln5_gI0k
S2018E14,IN_SCOPE,2018-02-22,,False,,LES PIRES OBJETS SUR LES SITES CHINOIS ! #3,LES PIRES OBJETS SUR LES SITES CHINOIS ! #3,True,OK,TITlnMA7bH8,11:29,25,11,False,,MISSING_IMAGE,,https://www.youtube.com/watch?v=TITlnMA7bH8
S2018E13,IN_SCOPE,2018-02-18,,False,,LE RÉSEAU SOCIAL LE PLUS DROLE DU MONDE ! (VRCHAT #2),LE RÉSEAU SOCIAL LE PLUS DROLE DU MONDE ! (VRCHAT #2),True,OK,ZlG2bN9A01o,13:35,25,14,False,,CONFIRMED_OFFICIAL_THUMBNAIL,https://artworks.thetvdb.com/banners/episodes/328213/6559523.jpg,https://www.youtube.com/watch?v=ZlG2bN9A01o
S2018E12,IN_SCOPE,2018-02-15,,False,,J'AI RÉALISÉ MON RÊVE D'ENFANT ! (Décollage Fusée),J'AI RÉALISÉ MON RÊVE D'ENFANT ! (Décollage Fusée),True,OK,usBoJJxrFLs,20:41,25,21,False,,MISSING_IMAGE,,https://www.youtube.com/watch?v=usBoJJxrFLs
S2018E11,IN_SCOPE,2018-02-09,,False,,J’AI REÇU UN COLIS SACRÉ D’UN ABONNÉ !,J’AI REÇU UN COLIS SACRÉ D’UN ABONNÉ !,True,OK,iaQt5yekTpg,12:21,25,12,False,,CONFIRMED_OFFICIAL_THUMBNAIL,https://artworks.thetvdb.com/banners/episodes/328213/6548419.jpg,https://www.youtube.com/watch?v=iaQt5yekTpg
S2018E10,IN_SCOPE,2018-02-07,,False,,LE RÉSEAU SOCIAL LE PLUS DRÔLE DU MONDE ! (VRCHAT #1),LE RÉSEAU SOCIAL LE PLUS DRÔLE DU MONDE ! (VRCHAT #1),True,OK,QN9ZBsZI-kI,12:11,25,12,False,,MISSING_IMAGE,,https://www.youtube.com/watch?v=QN9ZBsZI-kI
S2018E09,IN_SCOPE,2018-02-04,,False,,LES PIRES PIRATES DE L'HISTOIRE ! (avec Wankil Studio & Cyril),LES PIRES PIRATES DE L'HISTOIRE ! (avec Wankil Studio & Cyril),True,OK,_3S71cULqKo,16:37,25,17,False,,CONFIRMED_OFFICIAL_THUMBNAIL,https://artworks.thetvdb.com/banners/episodes/328213/6542072.jpg,https://www.youtube.com/watch?v=_3S71cULqKo
S2018E08,IN_SCOPE,2018-01-31,,False,,JE N'AI JAMAIS EU AUSSI PEUR EN VOITURE !,JE N'AI JAMAIS EU AUSSI PEUR EN VOITURE !,True,OK,1FEef8QiTlE,7:17,25,7,False,,PRESENT_ORIGIN_UNPROVEN,https://artworks.thetvdb.com/banners/episodes/328213/6534108.jpg,https://www.youtube.com/watch?v=1FEef8QiTlE
S2018E07,IN_SCOPE,2018-01-26,,False,,LES PIRES ET MEILLEURS ABONNÉS QUE J’AI RENCONTRÉS !,LES PIRES ET MEILLEURS ABONNÉS QUE J’AI RENCONTRÉS !,True,OK,ZXdxPS_tyxw,21:20,25,21,False,,CONFIRMED_OFFICIAL_THUMBNAIL,https://artworks.thetvdb.com/banners/episodes/328213/6524860.jpg,https://www.youtube.com/watch?v=ZXdxPS_tyxw
S2018E06,IN_SCOPE,2018-01-24,,False,,JE RÉPONDS À VOS QUESTIONS ! (FAQ Amixem),JE RÉPONDS À VOS QUESTIONS ! (FAQ Amixem),True,OK,2TmnBFdBNSA,20:22,25,20,False,,MISSING_IMAGE,,https://www.youtube.com/watch?v=2TmnBFdBNSA
S2018E05,IN_SCOPE,2018-01-19,,False,,J'AI DÉTRUIT UNE VOITURE AVEC UNE PELLETEUSE ! (Vlog Las Vegas),J'AI DÉTRUIT UNE VOITURE AVEC UNE PELLETEUSE ! (Vlog Las Vegas),True,OK,nqZOKaXKxmE,15:58,25,16,False,,CONFIRMED_OFFICIAL_THUMBNAIL,https://artworks.thetvdb.com/banners/episodes/328213/6515442.jpg,https://www.youtube.com/watch?v=nqZOKaXKxmE
S2018E04,IN_SCOPE,2018-01-14,,False,,ON PARODIE DES CLIPS ! (feat. Joyca) #1,ON PARODIE DES CLIPS ! (feat. Joyca) #1,True,OK,HyuvbaEDSlo,10:57,25,11,False,,MISSING_IMAGE,,https://www.youtube.com/watch?v=HyuvbaEDSlo
S2018E03,IN_SCOPE,2018-01-11,,False,,MON ANNÉE 2017 SUR YOUTUBE !,MON ANNÉE 2017 SUR YOUTUBE !,True,OK,fzqnDSGIh6M,6:31,25,7,False,,MISSING_IMAGE,,https://www.youtube.com/watch?v=fzqnDSGIh6M
S2018E02,IN_SCOPE,2018-01-07,,False,,ON AFFRONTE NOS ABONNÉS ! (avec YouTunes),ON AFFRONTE NOS ABONNÉS ! (avec YouTunes),True,OK,vf8g_fW7cNc,10:15,25,10,False,,MISSING_IMAGE,,https://www.youtube.com/watch?v=vf8g_fW7cNc
S2018E01,IN_SCOPE,2018-01-03,,False,,BATTLE ROYALE DANS LA VRAIE VIE ! (PUBG NERF Episode 2),BATTLE ROYALE DANS LA VRAIE VIE ! (PUBG NERF Episode 2),True,OK,L0zy4OFVOdk,14:21,25,14,False,,MISSING_IMAGE,,https://www.youtube.com/watch?v=L0zy4OFVOdk
S2017E101,IN_SCOPE,2017-12-31,,False,,VOS PIRES MOTS DANS LE CARNET ! #3,VOS PIRES MOTS DANS LE CARNET ! #3,True,OK,HzbeSq9-Gl8,10:45,25,11,False,season finale,MISSING_IMAGE,,https://www.youtube.com/watch?v=HzbeSq9-Gl8
S2017E100,IN_SCOPE,2017-12-27,,False,,NE ME LAISSEZ PLUS JAMAIS JOUER À CE JEU.,NE ME LAISSEZ PLUS JAMAIS JOUER À CE JEU.,True,OK,Uf5bf8RjjPE,11:18,25,11,False,,MISSING_IMAGE,,https://www.youtube.com/watch?v=Uf5bf8RjjPE
S2017E99,IN_SCOPE,2017-12-24,,False,,ON DECOUVRE NOS FUTURS STUDIOS !,ON DECOUVRE NOS FUTURS STUDIOS !,True,OK,-ImCYFTX6r0,11:29,25,11,False,,MISSING_IMAGE,,https://www.youtube.com/watch?v=-ImCYFTX6r0
S2017E98,IN_SCOPE,2017-12-20,,False,,JE REGARDE VOS VIDÉOS FOND VERT ! #3,JE REGARDE VOS VIDÉOS FOND VERT ! #3,True,OK,0BGwPgTQTwE,16:37,25,17,False,,MISSING_IMAGE,,https://www.youtube.com/watch?v=0BGwPgTQTwE
S2017E97,IN_SCOPE,2017-12-16,,False,,J'AI FAIT PERDRE 1000€ À UN POTE ...,J'AI FAIT PERDRE 1000€ À UN POTE ...,True,OK,Lp8KfVUboWc,10:27,25,10,False,,MISSING_IMAGE,,https://www.youtube.com/watch?v=Lp8KfVUboWc
S2017E96,IN_SCOPE,2017-12-13,,False,,LE JEU LE PLUS CHOQUANT !,LE JEU LE PLUS CHOQUANT !,True,OK,m6O2mgpIObY,10:43,25,11,False,,MISSING_IMAGE,,https://www.youtube.com/watch?v=m6O2mgpIObY
S2017E95,IN_SCOPE,2017-12-11,,False,,ON VA ADOPTER UNE CHÈVRE ? (FAQ REDBOX),ON VA ADOPTER UNE CHÈVRE ? (FAQ REDBOX),True,OK,UpuVfqzf2xM,13:12,25,13,False,,MISSING_IMAGE,,https://www.youtube.com/watch?v=UpuVfqzf2xM
S2017E94,IN_SCOPE,2017-12-08,,False,,ENORME BATTLE ROYALE DANS LA VRAIE VIE ! (PUBG NERF),ENORME BATTLE ROYALE DANS LA VRAIE VIE ! (PUBG NERF),True,OK,miEr1jCa3Cs,11:51,25,12,False,,MISSING_IMAGE,,https://www.youtube.com/watch?v=miEr1jCa3Cs
S2017E93,IN_SCOPE,2017-12-03,,False,,LES PIRES ANNONCES SUR LEBONCOIN ! #8,LES PIRES ANNONCES SUR LEBONCOIN ! #8,True,OK,ncsIeL_A_3g,9:32,25,10,False,,MISSING_IMAGE,,https://www.youtube.com/watch?v=ncsIeL_A_3g
S2017E92,IN_SCOPE,2017-11-29,,False,,ON VOUS ANNONCE NOTRE PROJET SECRET !,ON VOUS ANNONCE NOTRE PROJET SECRET !,True,OK,LTfcqAOdlE4,13:08,25,13,False,,MISSING_IMAGE,,https://www.youtube.com/watch?v=LTfcqAOdlE4
S2017E91,IN_SCOPE,2017-11-24,,False,,MES ABONNÉS ESSAYENT DE CASSER MON IPHONE X !,MES ABONNÉS ESSAYENT DE CASSER MON IPHONE X !,True,OK,ijOx2O5BoVs,12:49,25,13,False,,MISSING_IMAGE,,https://www.youtube.com/watch?v=ijOx2O5BoVs
S2017E90,IN_SCOPE,2017-11-19,,False,,LES PIRES OBJETS SUR LES SITES CHINOIS ! #2,LES PIRES OBJETS SUR LES SITES CHINOIS ! #2,True,OK,P9khypN8zJw,10:48,25,11,False,,CONFIRMED_OFFICIAL_THUMBNAIL,https://artworks.thetvdb.com/banners/episodes/328213/6416368.jpg,https://www.youtube.com/watch?v=P9khypN8zJw
S2017E89,IN_SCOPE,2017-11-14,,False,,DUEL DE BLAGUES NULLES ! #2 (Vs Google Home),DUEL DE BLAGUES NULLES ! #2 (Vs Google Home),True,OK,UWOAuTP27eo,10:04,25,10,False,,MISSING_IMAGE,,https://www.youtube.com/watch?v=UWOAuTP27eo
S2017E88,IN_SCOPE,2017-11-09,,False,,VOS PIRES MOTS DANS LE CARNET ! #2,VOS PIRES MOTS DANS LE CARNET ! #2,True,OK,4wC10NOMFgs,10:12,25,10,False,,MISSING_IMAGE,,https://www.youtube.com/watch?v=4wC10NOMFgs
S2017E87,IN_SCOPE,2017-11-05,,False,,CETTE TECHNOLOGIE EST INCROYABLE !,CETTE TECHNOLOGIE EST INCROYABLE !,True,OK,sXUH9drIMQE,11:03,25,11,False,,CONFIRMED_OFFICIAL_THUMBNAIL,https://artworks.thetvdb.com/banners/episodes/328213/6398813.jpg,https://www.youtube.com/watch?v=sXUH9drIMQE
S2017E86,IN_SCOPE,2017-11-02,,False,,MA PLUS GROSSE FRAYEUR EN AVION !,MA PLUS GROSSE FRAYEUR EN AVION !,True,OK,Hnu5zfH1gGc,13:15,25,13,False,,CONFIRMED_OFFICIAL_THUMBNAIL,https://artworks.thetvdb.com/banners/episodes/328213/6391457.jpg,https://www.youtube.com/watch?v=Hnu5zfH1gGc
S2017E85,IN_SCOPE,2017-10-28,,False,,LES PIRES CHANSONS ÉTRANGÈRES ! (ft. Youtunes),LES PIRES CHANSONS ÉTRANGÈRES ! (ft. Youtunes),True,OK,z7VoGi79MjI,13:24,25,13,False,,CONFIRMED_OFFICIAL_THUMBNAIL,https://artworks.thetvdb.com/banners/episodes/328213/6385539.jpg,https://www.youtube.com/watch?v=z7VoGi79MjI
S2017E84,IN_SCOPE,2017-10-25,,False,,LE JEU DE LA FRIENDZONE !,LE JEU DE LA FRIENDZONE !,True,OK,nenL4s8p2Eg,24:46,25,25,True,,CONFIRMED_OFFICIAL_THUMBNAIL,https://artworks.thetvdb.com/banners/episodes/328213/6380438.jpg,https://www.youtube.com/watch?v=nenL4s8p2Eg
S2017E83,IN_SCOPE,2017-10-20,,False,,LES PIRES OBJETS SUR LES SITES CHINOIS !,LES PIRES OBJETS SUR LES SITES CHINOIS !⁠⁠⁠⁠,False,COSMETIC_EXACTNESS,GgbDDgO2s5s,11:11,25,11,False,,CONFIRMED_OFFICIAL_THUMBNAIL,https://artworks.thetvdb.com/banners/episodes/328213/6373943.jpg,https://www.youtube.com/watch?v=GgbDDgO2s5s
S2017E82,IN_SCOPE,2017-10-18,,False,,J'AI CONDUIT UNE VOITURE À 150000€ ! (et j'ai eu peur),J'AI CONDUIT UNE VOITURE À 150000€ ! (et j'ai eu peur),True,OK,18Qxg3lFd2Y,12:27,25,12,False,,CONFIRMED_OFFICIAL_THUMBNAIL,https://artworks.thetvdb.com/banners/episodes/328213/6369837.jpg,https://www.youtube.com/watch?v=18Qxg3lFd2Y
S2017E81,IN_SCOPE,2017-10-15,,False,,LE JEU LE PLUS DRÔLE EN RÉALITÉ VIRTUELLE ! (ft. SuperKonar & Wankil),LE JEU LE PLUS DRÔLE EN RÉALITÉ VIRTUELLE ! (ft. SuperKonar & Wankil),True,OK,d6moyYGvQfU,14:36,25,15,False,,CONFIRMED_OFFICIAL_THUMBNAIL,https://artworks.thetvdb.com/banners/episodes/328213/6363684.jpg,https://www.youtube.com/watch?v=d6moyYGvQfU
S2017E80,IN_SCOPE,2017-10-11,,False,,ESSAYEZ DE DEVINER CES LANGAGES ! (99% impossible),ESSAYEZ DE DEVINER CES LANGAGES ! (99% impossible),True,OK,Q8qTCRFyJkM,11:12,25,11,False,,CONFIRMED_OFFICIAL_THUMBNAIL,https://artworks.thetvdb.com/banners/episodes/328213/6357974.jpg,https://www.youtube.com/watch?v=Q8qTCRFyJkM
S2017E79,IN_SCOPE,2017-10-06,,False,,COMMENT CRÉER UN SITE INTERNET STYLÉ ? (je regarde les anciennes vidéos),COMMENT CRÉER UN SITE INTERNET STYLÉ ? (je regarde les anciennes vidéos),True,OK,rue7Rppun0I,15:40,25,16,False,,CONFIRMED_OFFICIAL_THUMBNAIL,https://artworks.thetvdb.com/banners/episodes/328213/6351134.jpg,https://www.youtube.com/watch?v=rue7Rppun0I
S2017E78,IN_SCOPE,2017-09-29,,False,,J'AI FAIT UNE BATAILLE DE CHAR PAINTBALL !,J'AI FAIT UNE BATAILLE DE CHAR PAINTBALL !,True,OK,d0SOWBOxXUc,13:06,25,13,False,,CONFIRMED_OFFICIAL_THUMBNAIL,https://artworks.thetvdb.com/banners/episodes/328213/6338600.jpg,https://www.youtube.com/watch?v=d0SOWBOxXUc
S2017E77,IN_SCOPE,2017-09-26,,False,,VOS PIRES MOTS DANS LE CARNET !,VOS PIRES MOTS DANS LE CARNET !,True,OK,2ximImkgWC8,9:04,25,9,False,,MISSING_IMAGE,,https://www.youtube.com/watch?v=2ximImkgWC8
S2017E76,IN_SCOPE,2017-09-23,,False,,MA PLUS GROSSE CHASSE AU TRÉSOR !,MA PLUS GROSSE CHASSE AU TRÉSOR !,True,OK,9502c0AN7GU,16:14,25,16,False,,CONFIRMED_OFFICIAL_THUMBNAIL,https://artworks.thetvdb.com/banners/episodes/328213/6330248.jpg,https://www.youtube.com/watch?v=9502c0AN7GU
S2017E75,IN_SCOPE,2017-09-20,,False,,JE ME SUIS FAIT ATTAQUER PAR DES FRELONS ! (avec LEGRANDJD),JE ME SUIS FAIT ATTAQUER PAR DES FRELONS ! (avec LEGRANDJD),True,OK,j6cV-FMpGzc,12:48,25,13,False,,CONFIRMED_OFFICIAL_THUMBNAIL,https://artworks.thetvdb.com/banners/episodes/328213/6327856.jpg,https://www.youtube.com/watch?v=j6cV-FMpGzc
S2017E74,IN_SCOPE,2017-09-17,,False,,LES PIRES ARTICLES AMAZON USA ! #3,LES PIRES ARTICLES AMAZON USA ! #3,True,OK,6hUXnDVXZKM,10:01,25,10,False,,MISSING_IMAGE,,https://www.youtube.com/watch?v=6hUXnDVXZKM
S2017E73,IN_SCOPE,2017-09-13,,False,,VOS PIRES BULLETINS DE NOTE !,VOS PIRES BULLETINS DE NOTE !,True,OK,cj2wp7H3ctE,10:08,25,10,False,,MISSING_IMAGE,,https://www.youtube.com/watch?v=cj2wp7H3ctE
S2017E72,IN_SCOPE,2017-09-09,,False,,DUEL DE BLAGUES NULLES ! (Amixem Vs Joyca),DUEL DE BLAGUES NULLES ! (Amixem Vs Joyca),True,OK,-lVZ8wluBfc,13:04,25,13,False,,MISSING_IMAGE,,https://www.youtube.com/watch?v=-lVZ8wluBfc
S2017E71,IN_SCOPE,2017-09-06,,False,,JE SUIS À VENDRE SUR INTERNET !,JE SUIS À VENDRE SUR INTERNET !,True,OK,br85wE1HSvk,12:25,25,12,False,,MISSING_IMAGE,,https://www.youtube.com/watch?v=br85wE1HSvk
S2017E70,IN_SCOPE,2017-09-03,,False,,UNE GRANDE NOUVELLE À VOUS ANNONCER !,UNE GRANDE NOUVELLE À VOUS ANNONCER !,True,OK,XkckIvLQCPc,10:51,25,11,False,,CONFIRMED_OFFICIAL_THUMBNAIL,https://artworks.thetvdb.com/banners/episodes/328213/6298012.jpg,https://www.youtube.com/watch?v=XkckIvLQCPc
S2017E69,IN_SCOPE,2017-08-30,,False,,JE L'AI RENCONTRÉE SUR TINDER !,JE L'AI RENCONTRÉE SUR TINDER !,True,OK,pNjwO4xcP2o,15:01,25,15,False,,CONFIRMED_OFFICIAL_THUMBNAIL,https://artworks.thetvdb.com/banners/episodes/328213/6341994.jpg,https://www.youtube.com/watch?v=pNjwO4xcP2o
S2017E68,IN_SCOPE,2017-08-28,,False,,J'AI TESTÉ UNE EXPÉRIENCE INCROYABLE ! (Scooter Sous Marin),J'AI TESTÉ UNE EXPÉRIENCE INCROYABLE ! (Scooter Sous Marin),True,OK,yBH2o-b5K_k,10:49,25,11,False,,CONFIRMED_OFFICIAL_THUMBNAIL,https://artworks.thetvdb.com/banners/episodes/328213/6286347.jpg,https://www.youtube.com/watch?v=yBH2o-b5K_k
S2017E67,IN_SCOPE,2017-08-23,,False,,J'AI RÉALISÉ MON PLUS GROS RÊVE !,J'AI RÉALISÉ MON PLUS GROS RÊVE !,True,OK,FndSoBhdZd8,28:11,25,28,False,,CONFIRMED_OFFICIAL_THUMBNAIL,https://artworks.thetvdb.com/banners/episodes/328213/6281408.jpg,https://www.youtube.com/watch?v=FndSoBhdZd8
S2017E66,IN_SCOPE,2017-08-19,,False,,LES PLUS GROS FOUS RIRES AVEC MES ABONNÉS !,LES PLUS GROS FOUS RIRES AVEC MES ABONNÉS !,True,OK,aoVDPXLh_TY,10:20,25,10,False,,CONFIRMED_OFFICIAL_THUMBNAIL,https://artworks.thetvdb.com/banners/episodes/328213/6270004.jpg,https://www.youtube.com/watch?v=aoVDPXLh_TY
S2017E65,IN_SCOPE,2017-08-16,,False,,CE CADEAU D'ABONNÉ EST GÊNANT !,CE CADEAU D'ABONNÉ EST GÊNANT !,True,OK,V2iD-Lpv7sc,13:58,25,14,False,,CONFIRMED_OFFICIAL_THUMBNAIL,https://artworks.thetvdb.com/banners/episodes/328213/6270000.jpg,https://www.youtube.com/watch?v=V2iD-Lpv7sc
S2017E64,IN_SCOPE,2017-08-11,,False,,JE VLOG DANS UN SOUS-MARIN !,JE VLOG DANS UN SOUS-MARIN !,True,OK,6OP27KenfLA,19:05,25,19,False,,CONFIRMED_OFFICIAL_THUMBNAIL,https://artworks.thetvdb.com/banners/episodes/328213/6269997.jpg,https://www.youtube.com/watch?v=6OP27KenfLA
S2017E63,IN_SCOPE,2017-08-07,,False,,TU DOIS ESSAYER DE DEVINER QUI EST CE YOUTUBER !,TU DOIS ESSAYER DE DEVINER QUI EST CE YOUTUBER !,True,OK,GqcfADYSlXk,9:18,25,9,False,,CONFIRMED_OFFICIAL_THUMBNAIL,https://artworks.thetvdb.com/banners/episodes/328213/6237131.jpg,https://www.youtube.com/watch?v=GqcfADYSlXk
S2017E62,IN_SCOPE,2017-08-01,,False,,"LES PIRES REPRISES DE ""SHAPE OF YOU - ED SHEERAN"" ! (vidéo bonus)","LES PIRES REPRISES DE ""SHAPE OF YOU - ED SHEERAN"" ! (vidéo bonus)",True,OK,FV-I0UUqIe4,6:46,7,7,True,,MISSING_IMAGE,,https://www.youtube.com/watch?v=FV-I0UUqIe4
S2017E61,IN_SCOPE,2017-07-30,,False,,CET INSTRUMENT DE MUSIQUE EST DINGUE !,CET INSTRUMENT DE MUSIQUE EST DINGUE !,True,OK,mVg-RRWSduM,16:30,25,17,False,,CONFIRMED_OFFICIAL_THUMBNAIL,https://artworks.thetvdb.com/banners/episodes/328213/6237130.jpg,https://www.youtube.com/watch?v=mVg-RRWSduM
S2017E60,IN_SCOPE,2017-07-26,,False,,J'ESSAYE DE MENTIR À UN MENTALISTE !,J'ESSAYE DE MENTIR À UN MENTALISTE !,True,OK,rsHH-_5j5OE,11:50,25,12,False,,CONFIRMED_OFFICIAL_THUMBNAIL,https://artworks.thetvdb.com/banners/episodes/328213/6219445.jpg,https://www.youtube.com/watch?v=rsHH-_5j5OE
S2017E59,IN_SCOPE,2017-07-22,,False,,LES RECHERCHES GOOGLE LES PLUS DRÔLES !,LES RECHERCHES GOOGLE LES PLUS DRÔLES !,True,OK,SxrzcH59HGA,9:39,25,10,False,,MISSING_IMAGE,,https://www.youtube.com/watch?v=SxrzcH59HGA
S2017E58,IN_SCOPE,2017-07-20,,False,,LE CADEAU D'ABONNÉ LE PLUS DINGUE !,LE CADEAU D'ABONNÉ LE PLUS DINGUE !,True,OK,XRgw4dgotdk,10:21,25,10,False,,CONFIRMED_OFFICIAL_THUMBNAIL,https://artworks.thetvdb.com/banners/episodes/328213/6207856.jpg,https://www.youtube.com/watch?v=XRgw4dgotdk
S2017E57,IN_SCOPE,2017-07-17,,False,,LE JEU LE PLUS FACILE DU MONDE !,LE JEU LE PLUS FACILE DU MONDE !,True,OK,h2stmcj2kOg,11:51,25,12,False,,MISSING_IMAGE,,https://www.youtube.com/watch?v=h2stmcj2kOg
S2017E56,IN_SCOPE,2017-07-14,,False,,LES PIRES ARTICLES AMAZON USA ! #2,LES PIRES ARTICLES AMAZON USA ! #2,True,OK,pV_pENW3JFM,10:04,25,10,False,,CONFIRMED_OFFICIAL_THUMBNAIL,https://artworks.thetvdb.com/banners/episodes/328213/6196642.jpg,https://www.youtube.com/watch?v=pV_pENW3JFM
S2017E55,IN_SCOPE,2017-07-10,,False,,J'AI TIRÉ AVEC DES ARMES ULTRA RARES !,J'AI TIRÉ AVEC DES ARMES ULTRA RARES !,True,OK,aZWqoq3Edfg,13:05,25,13,False,,CONFIRMED_OFFICIAL_THUMBNAIL,https://artworks.thetvdb.com/banners/episodes/328213/6187806.jpg,https://www.youtube.com/watch?v=aZWqoq3Edfg
S2017E54,IN_SCOPE,2017-07-06,,False,,JE ME SUIS CHERCHÉ SUR GOOGLE !,JE ME SUIS CHERCHÉ SUR GOOGLE !,True,OK,ai8TTMGng78,11:14,25,11,False,,MISSING_IMAGE,,https://www.youtube.com/watch?v=ai8TTMGng78
S2017E53,IN_SCOPE,2017-07-01,,False,,LE TOURNAGE LE PLUS DRÔLE DE MA VIE ! (Doublage ft. Sofyan),LE TOURNAGE LE PLUS DRÔLE DE MA VIE ! (Doublage ft. Sofyan),True,OK,XD9ufsbmPvs,7:41,25,8,False,,CONFIRMED_OFFICIAL_THUMBNAIL,https://artworks.thetvdb.com/banners/episodes/328213/6169894.jpg,https://www.youtube.com/watch?v=XD9ufsbmPvs
S2017E52,IN_SCOPE,2017-06-29,,False,,LES PIRES CV DE MES ABONNÉS !,LES PIRES CV DE MES ABONNÉS !,True,OK,2FMwKf7_q30,11:14,25,11,False,,MISSING_IMAGE,,https://www.youtube.com/watch?v=2FMwKf7_q30
S2017E51,IN_SCOPE,2017-06-24,,False,,LA CHANSON PUTACLIC - Amixem ft. YouTunes,LA CHANSON PUTACLIC - Amixem ft. YouTunes,True,OK,lnbrTzMm3i8,3:31,25,4,False,,MISSING_IMAGE,,https://www.youtube.com/watch?v=lnbrTzMm3i8
S2017E50,IN_SCOPE,2017-06-23,,False,,ON A COMPOSÉ UNE CHANSON EN 24H !,ON A COMPOSÉ UNE CHANSON EN 24H !,True,OK,03Cn6JbaI1Y,23:45,25,24,False,,MISSING_IMAGE,,https://www.youtube.com/watch?v=03Cn6JbaI1Y
S2017E49,IN_SCOPE,2017-06-20,,False,,LES PIRES ARTICLES AMAZON USA !,LES PIRES ARTICLES AMAZON USA !,True,OK,ZQhypRYFV5g,12:23,25,12,False,,MISSING_IMAGE,,https://www.youtube.com/watch?v=ZQhypRYFV5g
S2017E48,IN_SCOPE,2017-06-18,,False,,CETTE TECHNOLOGIE TE TRANSFORME EN OISEAU !,CETTE TECHNOLOGIE TE TRANSFORME EN OISEAU !,True,OK,ZRlJ9YBq7VY,8:14,25,8,False,,CONFIRMED_OFFICIAL_THUMBNAIL,https://artworks.thetvdb.com/banners/episodes/328213/6144793.jpg,https://www.youtube.com/watch?v=ZRlJ9YBq7VY
S2017E47,IN_SCOPE,2017-06-15,,False,,J'AI PRANK UN YOUTUBER AMÉRICAIN ! (omg no fake explications),J'AI PRANK UN YOUTUBER AMÉRICAIN ! (omg no fake explications),True,OK,mb8Dzz0tQUc,6:30,25,7,False,,CONFIRMED_OFFICIAL_THUMBNAIL,https://artworks.thetvdb.com/banners/episodes/328213/6136955.jpg,https://www.youtube.com/watch?v=mb8Dzz0tQUc
S2017E46,IN_SCOPE,2017-06-11,,False,,MA PREMIÈRE FOIS SUR SCÈNE !,MA PREMIÈRE FOIS SUR SCÈNE !,True,OK,oBWhD3Xj6zI,10:04,25,10,False,,CONFIRMED_OFFICIAL_THUMBNAIL,https://artworks.thetvdb.com/banners/episodes/328213/6131994.jpg,https://www.youtube.com/watch?v=oBWhD3Xj6zI
S2017E45,IN_SCOPE,2017-06-07,,False,,CE BATEAU EST ABSOLUMENT INCROYABLE !,CE BATEAU EST ABSOLUMENT INCROYABLE !,True,OK,hvgb950m7D0,8:59,25,9,False,,CONFIRMED_OFFICIAL_THUMBNAIL,https://artworks.thetvdb.com/banners/episodes/328213/6124585.jpg,https://www.youtube.com/watch?v=hvgb950m7D0
S2017E44,IN_SCOPE,2017-06-03,,False,,LES PIRES ARTICLES AMAZON ! #3,LES PIRES ARTICLES AMAZON ! #3,True,OK,tai7zrXsYlw,14:10,25,14,False,,MISSING_IMAGE,,https://www.youtube.com/watch?v=tai7zrXsYlw
S2017E43,IN_SCOPE,2017-05-30,,False,,LE CADEAU D'ABONNÉ LE PLUS GÊNANT,LE CADEAU D'ABONNÉ LE PLUS GÊNANT !,False,PUNCTUATION_EMOJI_EXACTNESS,OJq9X6wGXRU,16:51,25,17,False,,CONFIRMED_OFFICIAL_THUMBNAIL,https://artworks.thetvdb.com/banners/episodes/328213/6111940.jpg,https://www.youtube.com/watch?v=OJq9X6wGXRU
S2017E42,IN_SCOPE,2017-05-26,,False,,CET HOMME NE SAIT PAS CE QU'IL MANGE !,CET HOMME NE SAIT PAS CE QU'IL MANGE !,True,OK,o0etBDnd164,10:04,25,10,False,,CONFIRMED_OFFICIAL_THUMBNAIL,https://artworks.thetvdb.com/banners/episodes/328213/6107254.jpg,https://www.youtube.com/watch?v=o0etBDnd164
S2017E41,IN_SCOPE,2017-05-23,,False,,50% DE CHANCE D'ÊTRE TRAUMATISÉ ! (50/50 CHALLENGE),50% DE CHANCE D'ÊTRE TRAUMATISÉ ! (50/50 CHALLENGE),True,OK,2q3kEu-jMNI,12:34,25,13,False,,MISSING_IMAGE,,https://www.youtube.com/watch?v=2q3kEu-jMNI
S2017E40,IN_SCOPE,2017-05-20,,False,,JE JETTE MA VOITURE DANS L'EAU !,JE JETTE MA VOITURE DANS L'EAU !,True,OK,7O5oLcTvabw,13:45,25,14,False,,CONFIRMED_OFFICIAL_THUMBNAIL,https://artworks.thetvdb.com/banners/episodes/328213/6102868.jpg,https://www.youtube.com/watch?v=7O5oLcTvabw
S2017E39,IN_SCOPE,2017-05-16,,False,,J'AI ÉTÉ INVITÉ CHEZ UNE STAR AMÉRICAINE !,J'AI ÉTÉ INVITÉ CHEZ UNE STAR AMÉRICAINE !,True,OK,LZOXymCxQg0,16:08,25,16,False,,CONFIRMED_OFFICIAL_THUMBNAIL,https://artworks.thetvdb.com/banners/episodes/328213/6102867.jpg,https://www.youtube.com/watch?v=LZOXymCxQg0
S2017E38,IN_SCOPE,2017-05-12,,False,,YOUTUBERS Vs ABONNÉS : LE GRAND CLASH !,YOUTUBERS Vs ABONNÉS : LE GRAND CLASH !,True,OK,-0CptHqg5B8,8:24,25,8,False,,MISSING_IMAGE,,https://www.youtube.com/watch?v=-0CptHqg5B8
S2017E37,IN_SCOPE,2017-05-09,,False,,LE JOUR OÙ JE ME SUIS RÉVEILLÉ DANS UNE BAIGNOIRE ...,LE JOUR OÙ JE ME SUIS RÉVEILLÉ DANS UNE BAIGNOIRE...,False,PUNCTUATION_EMOJI_EXACTNESS,yDT_DcyQeB0,11:09,25,11,False,,CONFIRMED_OFFICIAL_THUMBNAIL,https://artworks.thetvdb.com/banners/episodes/328213/6102865.jpg,https://www.youtube.com/watch?v=yDT_DcyQeB0
S2017E36,IN_SCOPE,2017-05-05,,False,,LES PIRES ANNONCES SUR LEBONCOIN ! #7,LES PIRES ANNONCES SUR LEBONCOIN ! #7,True,OK,RxPbDchBeyw,13:28,25,13,False,,CONFIRMED_OFFICIAL_THUMBNAIL,https://artworks.thetvdb.com/banners/episodes/328213/6102864.jpg,https://www.youtube.com/watch?v=RxPbDchBeyw
S2017E35,IN_SCOPE,2017-05-03,,False,,LES PREMIERS SEINS EN RÉALITÉ VIRTUELLE ! Tilt Brush #5,LES PREMIERS SEINS EN RÉALITÉ VIRTUELLE ! Tilt Brush #5,True,OK,Nm4gSP12EoU,15:01,25,15,False,,CONFIRMED_OFFICIAL_THUMBNAIL,https://artworks.thetvdb.com/banners/episodes/328213/6102863.jpg,https://www.youtube.com/watch?v=Nm4gSP12EoU
S2017E34,IN_SCOPE,2017-04-30,,False,,LE COACH DE YOUTUBE !,LE COACH DE YOUTUBE !,True,OK,f7-vm6Wcuhc,3:19,25,3,False,,CONFIRMED_OFFICIAL_THUMBNAIL,https://artworks.thetvdb.com/banners/episodes/328213/6102862.jpg,https://www.youtube.com/watch?v=f7-vm6Wcuhc
S2017E33,IN_SCOPE,2017-04-28,,False,,COMMENT DISCUTER AVEC UN MEURTRIER ?,COMMENT DISCUTER AVEC UN MEURTRIER ?,True,OK,LU4DRDqADqY,15:46,25,16,False,,CONFIRMED_OFFICIAL_THUMBNAIL,https://artworks.thetvdb.com/banners/episodes/328213/6102861.jpg,https://www.youtube.com/watch?v=LU4DRDqADqY
S2017E32,IN_SCOPE,2017-04-26,,False,,LA PRISON LA PLUS MYTHIQUE DU MONDE ! (Vlog Afrique du Sud),LA PRISON LA PLUS MYTHIQUE DU MONDE ! (Vlog Afrique du Sud),True,OK,yiSMYNHd3Z8,12:34,25,13,False,,CONFIRMED_OFFICIAL_THUMBNAIL,https://artworks.thetvdb.com/banners/episodes/328213/6102860.jpg,https://www.youtube.com/watch?v=yiSMYNHd3Z8
S2017E31,IN_SCOPE,2017-04-20,,False,,UN ALLIGATOR ME BLOQUE LA ROUTE ! (Vlog Floride),UN ALLIGATOR ME BLOQUE LA ROUTE !  (Vlog Floride),False,COSMETIC_EXACTNESS,fAc5_EAsV_I,11:19,25,11,False,,CONFIRMED_OFFICIAL_THUMBNAIL,https://artworks.thetvdb.com/banners/episodes/328213/6102859.jpg,https://www.youtube.com/watch?v=fAc5_EAsV_I
S2017E30,IN_SCOPE,2017-04-16,,False,,L'UNBOXING DES CARTES YOUTUBERS !,L'UNBOXING DES CARTES YOUTUBERS !,True,OK,0EBSpP2L1iY,16:41,25,17,False,,CONFIRMED_OFFICIAL_THUMBNAIL,https://artworks.thetvdb.com/banners/episodes/328213/6102858.jpg,https://www.youtube.com/watch?v=0EBSpP2L1iY
S2017E29,IN_SCOPE,2017-04-14,,False,,JE REPASSE LE CODE DE LA ROUTE 7 ANS APRÈS ...,JE REPASSE LE CODE DE LA ROUTE 7 ANS APRÈS ...,True,OK,UMGNXwKrX_Y,11:23,25,11,False,,CONFIRMED_OFFICIAL_THUMBNAIL,https://artworks.thetvdb.com/banners/episodes/328213/6102857.jpg,https://www.youtube.com/watch?v=UMGNXwKrX_Y
S2017E28,IN_SCOPE,2017-04-11,,False,,LE CALENDRIER DES YOUTUBERS NUS ! (J'ouvre vos colis),LE CALENDRIER DES YOUTUBERS NUS ! (J'ouvre vos colis),True,OK,pUtEop30iTk,15:07,25,15,False,,CONFIRMED_OFFICIAL_THUMBNAIL,https://artworks.thetvdb.com/banners/episodes/328213/6102856.jpg,https://www.youtube.com/watch?v=pUtEop30iTk
S2017E27,IN_SCOPE,2017-04-07,,False,,J'ÉCRIS DES SMS EN CONDUISANT !,J'ÉCRIS DES SMS EN CONDUISANT !,True,OK,wvFkfTTtd2Y,15:17,25,15,False,,CONFIRMED_OFFICIAL_THUMBNAIL,https://artworks.thetvdb.com/banners/episodes/328213/6102854.jpg,https://www.youtube.com/watch?v=wvFkfTTtd2Y
S2017E26,IN_SCOPE,2017-04-04,,False,,LE JOUR OÙ ON S'EST PRIS LA TÊTE ! 4L Trophy FAQ,LE JOUR OÙ ON S'EST PRIS LA TÊTE ! 4L Trophy FAQ,True,OK,nhHNNf5ta2M,27:32,25,28,False,,CONFIRMED_OFFICIAL_THUMBNAIL,https://artworks.thetvdb.com/banners/episodes/328213/6102852.jpg,https://www.youtube.com/watch?v=nhHNNf5ta2M
S2017E25,IN_SCOPE,2017-03-31,,False,,JE CRITIQUE DES PUBLICITÉS TV !,JE CRITIQUE DES PUBLICITÉS TV !,True,OK,snQ3oBYDTPE,10:14,25,10,False,,CONFIRMED_OFFICIAL_THUMBNAIL,https://artworks.thetvdb.com/banners/episodes/328213/6102848.jpg,https://www.youtube.com/watch?v=snQ3oBYDTPE
S2017E24,IN_SCOPE,2017-03-28,,False,,LES PIRES ARTICLES AMAZON ! #2,LES PIRES ARTICLES AMAZON ! #2,True,OK,wFq7s6zdrYE,15:26,25,15,False,,MISSING_IMAGE,,https://www.youtube.com/watch?v=wFq7s6zdrYE
S2017E23,IN_SCOPE,2017-03-24,,False,,VISITER 7 PAYS EN UNE VIDÉO !,VISITER 7 PAYS EN UNE VIDÉO !,True,OK,YtvC_XHN5nU,5:33,25,6,False,,CONFIRMED_OFFICIAL_THUMBNAIL,https://artworks.thetvdb.com/banners/episodes/328213/6102844.jpg,https://www.youtube.com/watch?v=YtvC_XHN5nU
S2017E22,IN_SCOPE,2017-03-22,,False,,QUAND TES PARENTS REGARDENT MES VIDÉOS !,QUAND TES PARENTS REGARDENT MES VIDÉOS !,True,OK,Tpad3z_GyDc,10:42,25,11,False,,MISSING_IMAGE,,https://www.youtube.com/watch?v=Tpad3z_GyDc
S2017E21,IN_SCOPE,2017-03-18,,False,,VOICI LE MOMENT LE PLUS ÉPIQUE DE MA VIE ! - 4L Trophy EP #5,VOICI LE MOMENT LE PLUS ÉPIQUE DE MA VIE ! - 4L Trophy EP #5,True,OK,bjH_HVYvi-g,15:45,25,16,False,,MISSING_IMAGE,,https://www.youtube.com/watch?v=bjH_HVYvi-g
S2017E19,IN_SCOPE,2017-03-15,,False,,JE VISITE LA STATION SPATIALE !,JE VISITE LA STATION SPATIALE !,True,OK,O1zuxU76bo0,10:43,25,11,False,,MISSING_IMAGE,,https://www.youtube.com/watch?v=O1zuxU76bo0
S2017E18,IN_SCOPE,2017-03-11,,False,,ENSABLÉS DANS LE DÉSERT ! 4L Trophy EP #3,ENSABLÉS DANS LE DÉSERT ! 4L Trophy EP #3,True,OK,Rs22D63gaFo,22:54,25,23,False,,MISSING_IMAGE,,https://www.youtube.com/watch?v=Rs22D63gaFo
S2017E17,IN_SCOPE,2017-03-08,,False,,LES PIRES ARTICLES AMAZON !,LES PIRES ARTICLES AMAZON !,True,OK,TzJqBaB2VR4,10:52,25,11,False,,MISSING_IMAGE,,https://www.youtube.com/watch?v=TzJqBaB2VR4
S2017E16,IN_SCOPE,2017-03-04,,False,,L'AVENTURE LA PLUS DINGUE DE MA VIE ! - 4L Trophy EP #1,L'AVENTURE LA PLUS DINGUE DE MA VIE ! - 4L Trophy EP #1,True,OK,q4Zd-LxoK1c,22:00,25,22,False,,MISSING_IMAGE,,https://www.youtube.com/watch?v=q4Zd-LxoK1c
S2017E15,IN_SCOPE,2017-02-26,,False,,JE TESTE LES PIRES INSTRUMENTS DE MUSIQUES !,JE TESTE LES PIRES INSTRUMENTS DE MUSIQUES !,True,OK,Fv5YnxVsik8,12:30,25,13,False,,MISSING_IMAGE,,https://www.youtube.com/watch?v=Fv5YnxVsik8
S2017E14,IN_SCOPE,2017-02-22,,False,,MA PREMIÈRE PARTIE D'AIRSOFT EN HÉLICOPTÈRE !,MA PREMIÈRE PARTIE D'AIRSOFT EN HÉLICOPTÈRE !,True,OK,V_0d8qLqGU0,21:46,25,22,False,,MISSING_IMAGE,,https://www.youtube.com/watch?v=V_0d8qLqGU0
S2017E13,IN_SCOPE,2017-02-19,,False,,LE PIRE COLIS QU'UN ABONNÉ M'AIT ENVOYÉ !,LE PIRE COLIS QU'UN ABONNÉ M'AIT ENVOYÉ !,True,OK,bSolxDXEo4g,17:44,25,18,False,,MISSING_IMAGE,,https://www.youtube.com/watch?v=bSolxDXEo4g
S2017E12,IN_SCOPE,2017-02-11,,False,,LE MEILLEUR TEST DE PERSONNALITÉ !,JE JOUE À L'INSTRUMENT DE MUSIQUE LE PLUS BIZARRE !,False,SUBSTANTIVE_MISMATCH,fu-nBHrmokA,14:19,25,14,False,,MISSING_IMAGE,,https://www.youtube.com/watch?v=fu-nBHrmokA
S2017E11,IN_SCOPE,2017-02-07,,False,,QUELS YOUTUBERS REGARDENT MA CHAINE ?,QUELS YOUTUBERS REGARDENT MA CHAINE ?,True,OK,6hyWorMg0DQ,10:15,25,10,False,,MISSING_IMAGE,,https://www.youtube.com/watch?v=6hyWorMg0DQ
S2017E10,IN_SCOPE,2017-02-03,,False,,LES PIRES CADEAUX DE MES ABONNÉS !,LES PIRES CADEAUX DE MES ABONNÉS !,True,OK,RYUuzTKdt6g,16:02,25,16,False,,MISSING_IMAGE,,https://www.youtube.com/watch?v=RYUuzTKdt6g
S2017E09,IN_SCOPE,2017-01-31,,False,,MA CAMERA ECRASÉE PAR UNE VOITURE ! (Vlog Colorado),MA CAMERA ECRASÉE PAR UNE VOITURE ! (Vlog Colorado),True,OK,7OAyl9qxLzs,24:40,25,25,True,,MISSING_IMAGE,,https://www.youtube.com/watch?v=7OAyl9qxLzs
S2017E08,IN_SCOPE,2017-01-29,,False,,LES VIDÉOS LES PLUS DRÔLES QUE J'AI JAMAIS VUES !,LES VIDÉOS LES PLUS DRÔLES QUE J'AI JAMAIS VUES !,True,OK,SOt7NCee16E,12:51,25,13,False,,MISSING_IMAGE,,https://www.youtube.com/watch?v=SOt7NCee16E
S2017E07,IN_SCOPE,2017-01-25,,False,,LES PIRES ANNONCES SUR LEBONCOIN ! #6,LES PIRES ANNONCES SUR LEBONCOIN ! #6,True,OK,o6DA3H_eoxc,12:53,25,13,False,,MISSING_IMAGE,,https://www.youtube.com/watch?v=o6DA3H_eoxc
S2017E06,IN_SCOPE,2017-01-20,,False,,MON OPÉRATION DES YEUX EN VIDÉO !,MON OPÉRATION DES YEUX EN VIDÉO !,True,OK,yi-qfoz1Bh4,10:39,25,11,False,,MISSING_IMAGE,,https://www.youtube.com/watch?v=yi-qfoz1Bh4
S2017E05,IN_SCOPE,2017-01-17,,False,,CET HOMME A PASSÉ LA PIRE JOURNÉE DU MONDE,CET HOMME A PASSÉ LA PIRE JOURNÉE DU MONDE,True,OK,jdsiMCnWRCY,50:59,25,51,False,,MISSING_IMAGE,,https://www.youtube.com/watch?v=jdsiMCnWRCY
S2017E04,IN_SCOPE,2017-01-11,,False,,CE QU'IL S'EST VRAIMENT PASSÉ PENDANT CETTE SCÈNE...,CE QU'IL S'EST VRAIMENT PASSÉ PENDANT CETTE SCÈNE...,True,OK,LxFmXDB2zfM,6:45,25,7,False,,MISSING_IMAGE,,https://www.youtube.com/watch?v=LxFmXDB2zfM
S2017E03,IN_SCOPE,2017-01-07,,False,,IL DEVINE MON MOT DE PASSE YOUTUBE !,IL DEVINE MON MOT DE PASSE YOUTUBE !,True,OK,zBs6al8-gCw,11:19,25,11,False,,MISSING_IMAGE,,https://www.youtube.com/watch?v=zBs6al8-gCw
S2017E02,IN_SCOPE,2017-01-04,,False,,J'ESPIONNE LE TELEPHONE D'UN TERRORISTE - Replica,J'ESPIONNE LE TELEPHONE D'UN TERRORISTE - Replica,True,OK,Zha2XNELzCI,23:36,25,24,False,,MISSING_IMAGE,,https://www.youtube.com/watch?v=Zha2XNELzCI
S2017E01,IN_SCOPE,2017-01-01,,False,,J'AI ACHETÉ UNE VOITURE AVEC L'ARGENT DES ABONNÉS !,J'AI ACHETÉ UNE VOITURE AVEC L'ARGENT DES ABONNÉS !,True,OK,MCgRcBdJFs8,19:45,25,20,False,,MISSING_IMAGE,,https://www.youtube.com/watch?v=MCgRcBdJFs8
S2016E103,IN_SCOPE,2016-12-29,,False,,LES PREMIÈRES TESTICULES EN RÉALITÉ VIRTUELLE ! - Tilt Brush #4,LES PREMIÈRES TESTICULES EN RÉALITÉ VIRTUELLE ! - Tilt Brush #4,True,OK,za9adUhxJMc,15:26,25,15,False,season finale,MISSING_IMAGE,,https://www.youtube.com/watch?v=za9adUhxJMc
S2016E102,IN_SCOPE,2016-12-26,,False,,DES INCONNUS RÉAGISSENT À MES VIDÉOS !,DES INCONNUS RÉAGISSENT À MES VIDÉOS !,True,OK,5fSSQjrUxjI,9:29,25,9,False,,MISSING_IMAGE,,https://www.youtube.com/watch?v=5fSSQjrUxjI
S2016E101,IN_SCOPE,2016-12-24,,False,,LE PIRE PÈRE NOËL !,LE PIRE PÈRE NOËL !,True,OK,QyyCe0wIBzU,10:52,25,11,False,,MISSING_IMAGE,,https://www.youtube.com/watch?v=QyyCe0wIBzU
S2016E100,IN_SCOPE,2016-12-22,,False,,JE REGARDE VOS VIDEOS FOND VERT ! #2,JE REGARDE VOS VIDEOS FOND VERT ! #2,True,OK,n10h-B-XKkw,20:17,25,20,False,,MISSING_IMAGE,,https://www.youtube.com/watch?v=n10h-B-XKkw
S2016E99,IN_SCOPE,2016-12-19,,False,,J'OUVRE VOS LETTRES & COLIS !,J'OUVRE VOS LETTRES & COLIS !,True,OK,aDuEAPrqqjg,20:46,25,21,False,,MISSING_IMAGE,,https://www.youtube.com/watch?v=aDuEAPrqqjg
S2016E98,IN_SCOPE,2016-12-17,,False,,JE JUGE LES YOUTUBERS !,"J'AI CRASHÉ MON NOUVEAU DRONE ! (Oui, encore...)",False,SUBSTANTIVE_MISMATCH,Zja5z7C0c7g,10:48,25,11,False,,MISSING_IMAGE,,https://www.youtube.com/watch?v=Zja5z7C0c7g
S2016E97,IN_SCOPE,2016-12-17,,False,,"J'AI CRASHÉ MON NOUVEAU DRONE ! (Oui, encore...)",JE JUGE LES YOUTUBERS !,False,SUBSTANTIVE_MISMATCH,Tu0tDXPx_4k,12:41,25,13,False,,MISSING_IMAGE,,https://www.youtube.com/watch?v=Tu0tDXPx_4k
S2016E96,IN_SCOPE,2016-12-13,,False,,L'UNE DE CES DEUX PERSONNES DOIT MOURIR. (Moral Machine),L'UNE DE CES DEUX PERSONNES DOIT MOURIR. (Moral Machine),True,OK,DnjcSV6ftow,10:27,25,10,False,,MISSING_IMAGE,,https://www.youtube.com/watch?v=DnjcSV6ftow
S2016E95,IN_SCOPE,2016-12-10,,False,,J'EMPÊCHE LE SUICIDE D'UN SOLDAT ! (Onward),J'EMPÊCHE LE SUICIDE D'UN SOLDAT ! (Onward),True,OK,Dj0FFGSZWWk,10:31,25,11,False,,MISSING_IMAGE,,https://www.youtube.com/watch?v=Dj0FFGSZWWk
S2016E94,IN_SCOPE,2016-12-08,,False,,LES PIRES CALENDRIERS DE L'AVENT !,LES PIRES CALENDRIERS DE L'AVENT !,True,OK,FeFuFYwz7Ls,12:24,25,12,False,,MISSING_IMAGE,,https://www.youtube.com/watch?v=FeFuFYwz7Ls
S2016E93,IN_SCOPE,2016-12-06,,False,,JE VOUS DONNE MON ADRESSE !,JE VOUS DONNE MON ADRESSE !,True,OK,L-DIDqBPK1I,11:53,25,12,False,,MISSING_IMAGE,,https://www.youtube.com/watch?v=L-DIDqBPK1I
S2016E92,IN_SCOPE,2016-12-02,,False,,QUAND TON POTE CROIT QU'IL EST LE MEILLEUR ! (Vlog Ski),QUAND TON POTE CROIT QU'IL EST LE MEILLEUR ! (Vlog Ski),True,OK,C_wwkCMLl9k,12:32,25,13,False,,MISSING_IMAGE,,https://www.youtube.com/watch?v=C_wwkCMLl9k
S2016E91,IN_SCOPE,2016-11-29,,False,,JE JOUE AU JEU LE PLUS ATTENDU DU MONDE !,JE JOUE AU JEU LE PLUS ATTENDU DU MONDE !,True,OK,oaUZry-Hz6g,7:48,25,8,False,,MISSING_IMAGE,,https://www.youtube.com/watch?v=oaUZry-Hz6g
S2016E90,IN_SCOPE,2016-11-23,,False,,JE FOUILLE LE TÉLÉPHONE D'UNE INCONNUE ! (Sara Is Missing),JE FOUILLE LE TÉLÉPHONE D'UNE INCONNUE ! (Sara Is Missing),True,OK,y16ZblFl4hs,27:30,25,28,False,,MISSING_IMAGE,,https://www.youtube.com/watch?v=y16ZblFl4hs
S2016E89,IN_SCOPE,2016-11-18,,False,,JE ME BAIGNE DANS UN LAC GELÉ ! (Finlande),JE ME BAIGNE DANS UN LAC GELÉ ! (Finlande),True,OK,Z-mlnxbDuWA,12:52,25,13,False,,MISSING_IMAGE,,https://www.youtube.com/watch?v=Z-mlnxbDuWA
S2016E88,IN_SCOPE,2016-11-16,,False,,LE PREMIER POULET CONNECTÉ AU MONDE !,LE PREMIER POULET CONNECTÉ AU MONDE !,True,OK,o1hwRHlhHvI,9:10,25,9,False,,MISSING_IMAGE,,https://www.youtube.com/watch?v=o1hwRHlhHvI
S2016E87,IN_SCOPE,2016-11-12,,False,,MA PIRE FRAYEUR EN HÉLICOPTÈRE !,MA PIRE FRAYEUR EN HÉLICOPTÈRE !,True,OK,Calp91n4QQk,10:54,25,11,False,,MISSING_IMAGE,,https://www.youtube.com/watch?v=Calp91n4QQk
S2016E86,IN_SCOPE,2016-11-09,,False,,J'EMPÊCHE UN SUICIDE.,J'EMPÊCHE UN SUICIDE.,True,OK,xPmgQ-08BJg,10:25,25,10,False,,MISSING_IMAGE,,https://www.youtube.com/watch?v=xPmgQ-08BJg
S2016E85,IN_SCOPE,2016-11-05,,False,,BIENVENUE CHEZ MOI ! (SETUP),BIENVENUE CHEZ MOI ! (SETUP),True,OK,5XmXYW5IjNM,23:19,25,23,False,,MISSING_IMAGE,,https://www.youtube.com/watch?v=5XmXYW5IjNM
S2016E84,IN_SCOPE,2016-10-31,,False,,JE ME FAIS CLASHER PAR MES ABONNÉS,JE ME FAIS CLASHER PAR MES ABONNÉS,True,OK,wKjRmcO83qk,6:12,25,6,False,,MISSING_IMAGE,,https://www.youtube.com/watch?v=wKjRmcO83qk
S2016E83,IN_SCOPE,2016-10-26,,False,,ESSAYEZ DE NE PAS ÊTRE MAL À L' AISE,ESSAYEZ DE NE PAS ÊTRE MAL À L' AISE,True,OK,f8nSAj_I21E,8:00,25,8,False,,MISSING_IMAGE,,https://www.youtube.com/watch?v=f8nSAj_I21E
S2016E82,IN_SCOPE,2016-10-22,,False,,MON PIRE SOUVENIR DU JAPON !,MON PIRE SOUVENIR DU JAPON !,True,OK,CxxOtztpFFU,15:07,25,15,False,,MISSING_IMAGE,,https://www.youtube.com/watch?v=CxxOtztpFFU
S2016E81,IN_SCOPE,2016-10-19,,False,,JE ME SUIS FAIT ATTAQUER PAR UN REQUIN !,JE ME SUIS FAIT ATTAQUER PAR UN REQUIN !,True,OK,Fl_CyUw2Vuo,13:19,25,13,False,,MISSING_IMAGE,,https://www.youtube.com/watch?v=Fl_CyUw2Vuo
S2016E80,IN_SCOPE,2016-10-15,,False,,JE VLOG EN APESANTEUR !,JE VLOG EN APESANTEUR !,True,OK,qIHLmjnFiug,15:50,25,16,False,,MISSING_IMAGE,,https://www.youtube.com/watch?v=qIHLmjnFiug
S2016E79,IN_SCOPE,2016-10-12,,False,,LE PIRE MÉTIER DU MONDE...,LE PIRE MÉTIER DU MONDE...,True,OK,L6Vge5gaNDw,8:51,25,9,False,,MISSING_IMAGE,,https://www.youtube.com/watch?v=L6Vge5gaNDw
S2016E78,IN_SCOPE,2016-10-08,,False,,LA DERNIÈRE VIDÉO AVANT LA FIN DU MONDE,LA DERNIÈRE VIDÉO AVANT LA FIN DU MONDE,True,OK,UO8ZqqcJyhg,13:52,25,14,False,,MISSING_IMAGE,,https://www.youtube.com/watch?v=UO8ZqqcJyhg
S2016E77,IN_SCOPE,2016-10-05,,False,,VOS PIRES TOP COMMENTAIRES...,VOS PIRES TOP COMMENTAIRES...,True,OK,1GSF2Qo-sRU,6:27,25,6,False,,MISSING_IMAGE,,https://www.youtube.com/watch?v=1GSF2Qo-sRU
S2016E76,IN_SCOPE,2016-10-01,,False,,J'AI VISITÉ UNE ÎLE ABANDONNÉE !,J'AI VISITÉ UNE ÎLE ABANDONNÉE !,True,OK,QKENmLFLlx8,14:29,25,14,False,,MISSING_IMAGE,,https://www.youtube.com/watch?v=QKENmLFLlx8
S2016E75,IN_SCOPE,2016-09-28,,False,,LE BEST OF D'AMIXEM !,LE BEST OF D'AMIXEM !,True,OK,FwHgbtuVDio,5:19,25,5,False,,MISSING_IMAGE,,https://www.youtube.com/watch?v=FwHgbtuVDio
S2016E74,IN_SCOPE,2016-09-24,,False,,J'AI GOÛTÉ LE FRUIT LE PLUS DÉGOÛTANT DU MONDE !,J'AI GOÛTÉ LE FRUIT LE PLUS DÉGOÛTANT DU MONDE !,True,OK,3GJ-CV_K7jg,11:37,25,12,False,,MISSING_IMAGE,,https://www.youtube.com/watch?v=3GJ-CV_K7jg
S2016E73,IN_SCOPE,2016-09-21,,False,,LA PREMIÈRE CROTTE EN RÉALITÉ VIRTUELLE ! - Tilt Brush #3,LA PREMIÈRE CROTTE EN RÉALITÉ VIRTUELLE ! - Tilt Brush #3,True,OK,y4rrZ1Ku-3I,7:53,25,8,False,,MISSING_IMAGE,,https://www.youtube.com/watch?v=y4rrZ1Ku-3I
S2016E72,IN_SCOPE,2016-09-17,,False,,L'INCROYABLE ENQUÊTE DU FUTUR,L'INCROYABLE ENQUÊTE DU FUTUR,True,OK,86JOO3_XTJU,11:08,25,11,False,,MISSING_IMAGE,,https://www.youtube.com/watch?v=86JOO3_XTJU
S2016E71,IN_SCOPE,2016-09-14,,False,,LE DIEU DE YOUTUBE,LE DIEU DE YOUTUBE,True,OK,-wXtD8EpciY,10:47,25,11,False,,MISSING_IMAGE,,https://www.youtube.com/watch?v=-wXtD8EpciY
S2016E70,IN_SCOPE,2016-09-10,,False,,JE ME SUIS FAIT FRIENDZONER...,JE ME SUIS FAIT FRIENDZONER...,True,OK,Iq37eRcjn24,17:35,25,18,False,,MISSING_IMAGE,,https://www.youtube.com/watch?v=Iq37eRcjn24
S2016E69,IN_SCOPE,2016-09-07,,False,,J'AI SURVOLÉ UNE BALEINE EN DRONE !,J'AI SURVOLÉ UNE BALEINE EN DRONE !,True,OK,tR8TYYvrYzM,8:22,25,8,False,,MISSING_IMAGE,,https://www.youtube.com/watch?v=tR8TYYvrYzM
S2016E68,IN_SCOPE,2016-09-02,,False,,LA PARTIE PAINTBALL LA PLUS ÉPIQUE !,LA PARTIE PAINTBALL LA PLUS ÉPIQUE !,True,OK,B3bJNcW6yC8,10:42,25,11,False,,MISSING_IMAGE,,https://www.youtube.com/watch?v=B3bJNcW6yC8
S2016E67,IN_SCOPE,2016-08-31,,False,,LA PREMIÈRE MANETTE BROSSE À DENT AU MONDE.,LA PREMIÈRE MANETTE BROSSE À DENT AU MONDE.,True,OK,OjImi0mfV94,6:56,25,7,False,,MISSING_IMAGE,,https://www.youtube.com/watch?v=OjImi0mfV94
S2016E66,IN_SCOPE,2016-08-27,,False,,J'AI RENCONTRÉ UNE VOYANTE !,J'AI RENCONTRÉ UNE VOYANTE !,True,OK,8CCMMK98f8c,10:57,25,11,False,,MISSING_IMAGE,,https://www.youtube.com/watch?v=8CCMMK98f8c
S2016E65,IN_SCOPE,2016-08-24,,False,,MON MYSTÉRIEUX COLIS.,MON MYSTÉRIEUX COLIS.,True,OK,y8o6ZPzAmt0,4:18,25,4,False,,MISSING_IMAGE,,https://www.youtube.com/watch?v=y8o6ZPzAmt0
S2016E64,IN_SCOPE,2016-08-20,,False,,LES PIRES ANNONCES SUR LEBONCOIN ! #5,LES PIRES ANNONCES SUR LEBONCOIN ! #5,True,OK,mE03yFsnyZM,8:58,25,9,False,,MISSING_IMAGE,,https://www.youtube.com/watch?v=mE03yFsnyZM
S2016E63,IN_SCOPE,2016-08-17,,False,,DEVINEZ DANS QUEL PAYS JE SUIS ? GeoGuessr #2,DEVINEZ DANS QUEL PAYS JE SUIS ? GeoGuessr #2,True,OK,MYEfU4hCXKU,11:30,25,12,False,,MISSING_IMAGE,,https://www.youtube.com/watch?v=MYEfU4hCXKU
S2016E62,IN_SCOPE,2016-08-14,,False,,CET ENFANT NOUS A RENDU FOUS. - The Hidden,CET ENFANT NOUS A RENDU FOUS. - The Hidden,True,OK,FKqC6EM-feY,10:02,25,10,False,,MISSING_IMAGE,,https://www.youtube.com/watch?v=FKqC6EM-feY
S2016E61,IN_SCOPE,2016-08-10,,False,,JE RÉPONDS À VOS QUESTIONS !,JE RÉPONDS À VOS QUESTIONS !,True,OK,_-W1fIDXBvs,22:49,25,23,False,,MISSING_IMAGE,,https://www.youtube.com/watch?v=_-W1fIDXBvs
S2016E60,IN_SCOPE,2016-08-06,,False,,JE REGARDE VOS VIDEOS FOND VERT !,JE REGARDE VOS VIDEOS FOND VERT !,True,OK,fRuG2q600pk,20:15,25,20,False,,MISSING_IMAGE,,https://www.youtube.com/watch?v=fRuG2q600pk
S2016E59,IN_SCOPE,2016-08-03,,False,,CE QUE LES GENS CHERCHENT LE PLUS SUR GOOGLE.,CE QUE LES GENS CHERCHENT LE PLUS SUR GOOGLE.,True,OK,keLXvIs7Ym0,6:20,25,6,False,,MISSING_IMAGE,,https://www.youtube.com/watch?v=keLXvIs7Ym0
S2016E58,IN_SCOPE,2016-07-29,,False,,LA BRIGADE POKEMON GO,LA BRIGADE POKEMON GO,True,OK,dpUg4wO9umo,12:17,25,12,False,,MISSING_IMAGE,,https://www.youtube.com/watch?v=dpUg4wO9umo
S2016E57,IN_SCOPE,2016-07-26,,False,,LA FIN DE MON FOND VERT...,LA FIN DE MON FOND VERT...,True,OK,KpO0YgXBMVU,8:11,25,8,False,,MISSING_IMAGE,,https://www.youtube.com/watch?v=KpO0YgXBMVU
S2016E56,IN_SCOPE,2016-07-21,,False,,UN PASSAGE SECRET DANS MON IMMEUBLE !,UN PASSAGE SECRET DANS MON IMMEUBLE !,True,OK,RK6MfXGZF7E,14:50,25,15,False,,MISSING_IMAGE,,https://www.youtube.com/watch?v=RK6MfXGZF7E
S2016E55,IN_SCOPE,2016-07-17,,False,,J'AI SAUTÉ DU 3ÈME ÉTAGE !,J'AI SAUTÉ DU 3ÈME ÉTAGE !,True,OK,Nkky5CFg4CA,8:05,25,8,False,,MISSING_IMAGE,,https://www.youtube.com/watch?v=Nkky5CFg4CA
S2016E54,IN_SCOPE,2016-07-14,,False,,COMMENT FAIRE UNE OEUVRE D'ART EN RÉALITÉ VIRTUELLE ?,COMMENT FAIRE UNE OEUVRE D'ART EN RÉALITÉ VIRTUELLE ?,True,OK,sXFdONjTGXU,5:01,25,5,False,,MISSING_IMAGE,,https://www.youtube.com/watch?v=sXFdONjTGXU
S2016E53,IN_SCOPE,2016-07-10,,False,,DEVINEZ DANS QUEL PAYS JE SUIS ? - GeoGuessr,DEVINEZ DANS QUEL PAYS JE SUIS ? - GeoGuessr,True,OK,UoGndt_MBho,12:09,25,12,False,,MISSING_IMAGE,,https://www.youtube.com/watch?v=UoGndt_MBho
S2016E52,IN_SCOPE,2016-07-05,,False,,LES PIRES ANNONCES SUR LEBONCOIN ! #4,LES PIRES ANNONCES SUR LEBONCOIN ! #4,True,OK,8EeRCDqXDJk,10:05,25,10,False,,MISSING_IMAGE,,https://www.youtube.com/watch?v=8EeRCDqXDJk
S2016E51,IN_SCOPE,2016-07-01,,False,,ELLE TUE UN ORC AVEC SES SEINS,ELLE TUE UN ORC AVEC SES SEINS,True,OK,p2Mt1rom6i0,8:53,25,9,False,,MISSING_IMAGE,,https://www.youtube.com/watch?v=p2Mt1rom6i0
S2016E50,IN_SCOPE,2016-06-29,,False,,COMMENT PILOTER UN DRONE ?,COMMENT PILOTER UN DRONE ?,True,OK,tHEpv1-vx-M,10:06,25,10,False,,MISSING_IMAGE,,https://www.youtube.com/watch?v=tHEpv1-vx-M
S2016E49,IN_SCOPE,2016-06-25,,False,,QUAND DES INCONNUS TESTENT LA RÉALITÉ VIRTUELLE !,QUAND DES INCONNUS TESTENT LA RÉALITÉ VIRTUELLE  !,False,COSMETIC_EXACTNESS,tBP-i6vYfbs,12:52,25,13,False,,MISSING_IMAGE,,https://www.youtube.com/watch?v=tBP-i6vYfbs
S2016E48,IN_SCOPE,2016-06-21,,False,,J'AI ESSAYÉ LE PORNO EN RÉALITÉ VIRTUELLE... - Vlog E3,J'AI ESSAYÉ LE PORNO EN RÉALITÉ VIRTUELLE... - Vlog E3,True,OK,Y6fvJLnaK8E,7:58,25,8,False,,MISSING_IMAGE,,https://www.youtube.com/watch?v=Y6fvJLnaK8E
S2016E47,IN_SCOPE,2016-06-18,,False,,AMIXEM DIE PIE - REMIX,AMIXEM DIE PIE - REMIX,True,OK,FavD5n9cIng,2:05,25,2,False,,MISSING_IMAGE,,https://www.youtube.com/watch?v=FavD5n9cIng
S2016E46,IN_SCOPE,2016-06-15,,False,,J'AI JOUÉ CONTRE WIZ KHALIFA ! Battlefield 1,J'AI JOUÉ CONTRE WIZ KHALIFA ! Battlefield 1,True,OK,X8uEpJDF0L0,10:01,25,10,False,,MISSING_IMAGE,,https://www.youtube.com/watch?v=X8uEpJDF0L0
S2016E45,IN_SCOPE,2016-06-12,,False,,FOUETTÉ PAR UNE INFIRMIÈRE,FOUETTÉ PAR UNE INFIRMIÈRE,True,OK,70DbOdo1FGM,11:54,25,12,False,,MISSING_IMAGE,,https://www.youtube.com/watch?v=70DbOdo1FGM
S2016E44,IN_SCOPE,2016-06-07,,False,,LES YOUTUBERS DESSINENT EN RÉALITÉ VIRTUELLE ! ft. Pierre Croce..,"LES YOUTUBERS DESSINENT EN RÉALITÉ VIRTUELLE ! ft. Pierre Croce, Terracid & LeMondeÀLenvers",False,SUBSTANTIVE_MISMATCH,nbkFZjdfgdU,27:08,25,27,False,,MISSING_IMAGE,,https://www.youtube.com/watch?v=nbkFZjdfgdU
S2016E43,IN_SCOPE,2016-06-01,,False,,CE JEU EST SCANDALEUX.,CE JEU EST SCANDALEUX.,True,OK,COQMOyVq_P0,11:35,25,12,False,,MISSING_IMAGE,,https://www.youtube.com/watch?v=COQMOyVq_P0
S2016E42,IN_SCOPE,2016-05-28,,False,,MES MEILLEURES VIDÉOS AU DRONE !,MES MEILLEURES VIDÉOS AU DRONE !,True,OK,jPIguIJy0B4,5:21,25,5,False,,MISSING_IMAGE,,https://www.youtube.com/watch?v=jPIguIJy0B4
S2016E41,IN_SCOPE,2016-05-25,,False,,COMMENT CONSTRUIRE UN BÉLIER ?,COMMENT CONSTRUIRE UN BÉLIER ?,True,OK,tKpec0shUI4,10:02,25,10,False,,MISSING_IMAGE,,https://www.youtube.com/watch?v=tKpec0shUI4
S2016E40,IN_SCOPE,2016-05-21,,False,,COMMENT DEVENIR UN YOUTUBER CÉLÈBRE ?,COMMENT DEVENIR UN YOUTUBER CÉLÈBRE ?,True,OK,09U0JCDoJHs,12:09,25,12,False,,MISSING_IMAGE,,https://www.youtube.com/watch?v=09U0JCDoJHs
S2016E39,IN_SCOPE,2016-05-18,,False,,LA MEILLEURE EXPÉRIENCE DE RÉALITÉ VIRTUELLE - Tilt Brush #2,LA MEILLEURE EXPÉRIENCE DE RÉALITÉ VIRTUELLE - Tilt Brush #2,True,OK,6Yjx7PY7UC4,11:23,25,11,False,,MISSING_IMAGE,,https://www.youtube.com/watch?v=6Yjx7PY7UC4
S2016E38,IN_SCOPE,2016-05-13,,False,,QUAND T'EFFACES PAS TON HISTORIQUE INTERNET.,QUAND T'EFFACES PAS TON HISTORIQUE INTERNET.,True,OK,as6imHhtoqQ,7:11,25,7,False,,MISSING_IMAGE,,https://www.youtube.com/watch?v=as6imHhtoqQ
S2016E37,IN_SCOPE,2016-05-10,,False,,LA MEILLEURE EXPÉRIENCE DE RÉALITÉ VIRTUELLE ! Tilt Brush #1,LA MEILLEURE EXPÉRIENCE DE RÉALITÉ VIRTUELLE ! Tilt Brush #1,True,OK,SFNPiaCH3-0,7:40,25,8,False,,MISSING_IMAGE,,https://www.youtube.com/watch?v=SFNPiaCH3-0
S2016E36,IN_SCOPE,2016-05-06,,False,,MES PIRES DESSINS DE MATERNELLE !,MES PIRES DESSINS DE MATERNELLE !,True,OK,DxIcoePTU_w,5:27,25,5,False,,MISSING_IMAGE,,https://www.youtube.com/watch?v=DxIcoePTU_w
S2016E35,IN_SCOPE,2016-05-04,,False,,LE PIRE CONTROLEUR AÉRIEN !,LE PIRE CONTROLEUR AÉRIEN !,True,OK,nZP5M_KG_gc,5:01,25,5,False,,MISSING_IMAGE,,https://www.youtube.com/watch?v=nZP5M_KG_gc
S2016E34,IN_SCOPE,2016-05-01,,False,,MON STAGE À LA NASA,MON STAGE À LA NASA,True,OK,CVKb0ljIpe0,11:11,25,11,False,,MISSING_IMAGE,,https://www.youtube.com/watch?v=CVKb0ljIpe0
S2016E33,IN_SCOPE,2016-04-26,,False,,COMMENT PILOTER UN PORTE AVION ?,COMMENT PILOTER UN PORTE AVION ?,True,OK,Qr6Cqljb7pU,8:41,25,9,False,,MISSING_IMAGE,,https://www.youtube.com/watch?v=Qr6Cqljb7pU
S2016E32,IN_SCOPE,2016-04-23,,False,,CET HOMME SE PREND POUR UN CERF.,CET HOMME SE PREND POUR UN CERF.,True,OK,SzOufQbjP9I,10:48,25,11,False,,MISSING_IMAGE,,https://www.youtube.com/watch?v=SzOufQbjP9I
S2016E31,IN_SCOPE,2016-04-20,,False,,CRASHER SON DRONE EN ISLANDE,CRASHER SON DRONE EN ISLANDE,True,OK,9XIg4cxdtgQ,13:07,25,13,False,,MISSING_IMAGE,,https://www.youtube.com/watch?v=9XIg4cxdtgQ
S2016E30,IN_SCOPE,2016-04-15,,False,,ME CONNAISSEZ VOUS BIEN ? - Miitomo,ME CONNAISSEZ VOUS BIEN ? - Miitomo,True,OK,GHGybQzfNvI,9:17,25,9,False,,MISSING_IMAGE,,https://www.youtube.com/watch?v=GHGybQzfNvI
S2016E29,IN_SCOPE,2016-04-12,,False,,SE REVEILLER À CÔTÉ D'UNE INCONNUE.,SE REVEILLER À CÔTÉ D'UNE INCONNUE.,True,OK,FgrVSKhZHw0,10:35,25,11,False,,MISSING_IMAGE,,https://www.youtube.com/watch?v=FgrVSKhZHw0
S2016E28,IN_SCOPE,2016-04-08,,False,,MES ABONNÉS SONT-ILS FIDÈLES ?,MES ABONNÉS SONT-ILS FIDÈLES ?,True,OK,hhqA1NeatS8,8:01,25,8,False,,MISSING_IMAGE,,https://www.youtube.com/watch?v=hhqA1NeatS8
S2016E27,IN_SCOPE,2016-04-05,,False,,CET ENFANT A TUÉ UN HOMME.,CET ENFANT A TUÉ UN HOMME.,True,OK,9QU0w3dsaFg,10:26,25,10,False,,MISSING_IMAGE,,https://www.youtube.com/watch?v=9QU0w3dsaFg
S2016E26,IN_SCOPE,2016-04-01,,False,,UN PLATEAU DE TOURNAGE POUR MOI TOUT SEUL,UN PLATEAU DE TOURNAGE POUR MOI TOUT SEUL,True,OK,5yvsv-tmCtY,8:21,25,8,False,,MISSING_IMAGE,,https://www.youtube.com/watch?v=5yvsv-tmCtY
S2016E25,IN_SCOPE,2016-03-28,,False,,CETTE CHOSE EST ULTRA VIOLENTE.,CETTE CHOSE EST ULTRA VIOLENTE.,True,OK,5-ljOT36JX4,6:05,25,6,False,,MISSING_IMAGE,,https://www.youtube.com/watch?v=5-ljOT36JX4
S2016E24,IN_SCOPE,2016-03-24,,False,,YOUTUBE SIMULATOR,YOUTUBE SIMULATOR,True,OK,EV0wtvGGUcg,13:02,25,13,False,,MISSING_IMAGE,,https://www.youtube.com/watch?v=EV0wtvGGUcg
S2016E23,IN_SCOPE,2016-03-19,,False,,LES PIRES ANNONCES SUR LEBONCOIN ! #3,LES PIRES ANNONCES SUR LEBONCOIN ! #3,True,OK,vVSuMdKzmgQ,6:22,25,6,False,,MISSING_IMAGE,,https://www.youtube.com/watch?v=vVSuMdKzmgQ
S2016E22,IN_SCOPE,2016-03-16,,False,,COMMENT TUER AVEC UN LUSTRE ?,COMMENT TUER AVEC UN LUSTRE ?,True,OK,ldUG7fLcupo,8:31,25,9,False,,MISSING_IMAGE,,https://www.youtube.com/watch?v=ldUG7fLcupo
S2016E21,IN_SCOPE,2016-03-12,,False,,LE JEU LE PLUS ABUSÉ ! Avec Pierre Croce,LE JEU LE PLUS ABUSÉ ! Avec Pierre Croce,True,OK,BHmErsQj8bw,13:14,25,13,False,,MISSING_IMAGE,,https://www.youtube.com/watch?v=BHmErsQj8bw
S2016E20,IN_SCOPE,2016-03-09,,False,,QUAND TU TROUVES UN TÉLÉPHONE DANS LA RUE,QUAND TU TROUVES UN TÉLÉPHONE DANS LA RUE,True,OK,zeU6uy7244E,24:49,25,25,True,,MISSING_IMAGE,,https://www.youtube.com/watch?v=zeU6uy7244E
S2016E19,IN_SCOPE,2016-03-05,,False,,JE PARS FAIRE 6000KM DANS LE DÉSERT !,JE PARS FAIRE 6000KM DANS LE DÉSERT !,True,OK,P2nmN_lp8NU,6:57,25,7,False,,MISSING_IMAGE,,https://www.youtube.com/watch?v=P2nmN_lp8NU
S2016E18,IN_SCOPE,2016-03-01,,False,,TOUT DOUX MINOU ! Far Cry Primal,TOUT DOUX MINOU ! Far Cry Primal,True,OK,3gysB3x5wKY,11:25,25,11,False,,MISSING_IMAGE,,https://www.youtube.com/watch?v=3gysB3x5wKY
S2016E17,IN_SCOPE,2016-02-26,,False,,CETTE CHOSE A RÉPONSE À TOUT ! Simsimi,CETTE CHOSE A RÉPONSE À TOUT ! Simsimi,True,OK,FH0nsFAANVQ,7:19,25,7,False,,MISSING_IMAGE,,https://www.youtube.com/watch?v=FH0nsFAANVQ
S2016E16,IN_SCOPE,2016-02-23,,False,,COMMENT INFILTRER UN BATEAU ? Hitman,COMMENT INFILTRER UN BATEAU ? Hitman,True,OK,Uk-WJgtqfyE,8:55,25,9,False,,MISSING_IMAGE,,https://www.youtube.com/watch?v=Uk-WJgtqfyE
S2016E15,IN_SCOPE,2016-02-19,,False,,COMMENT SURVIVRE DANS LA NATURE ?,COMMENT SURVIVRE DANS LA NATURE ?,True,OK,0OSGta7WEoY,15:59,25,16,False,,MISSING_IMAGE,,https://www.youtube.com/watch?v=0OSGta7WEoY
S2016E14,IN_SCOPE,2016-02-16,,False,,TROP DE TROLL ET DE BUZZ DANS CE JEU !,TROP DE TROLL ET DE BUZZ DANS CE JEU !,True,OK,zT1eGE5FAvA,14:30,25,15,False,,MISSING_IMAGE,,https://www.youtube.com/watch?v=zT1eGE5FAvA
S2016E13,IN_SCOPE,2016-02-16,,False,,JE SUIS BONNE OU PAS ? - Face Swap Live,JE SUIS BONNE OU PAS ? - Face Swap Live,True,OK,Psmv8DzcJ94,7:32,25,8,False,,MISSING_IMAGE,,https://www.youtube.com/watch?v=Psmv8DzcJ94
S2016E12,IN_SCOPE,2016-02-11,,False,,QUAND UN STAGIAIRE NÉGOCIE UNE PRISE D'OTAGE - GTA V,QUAND UN STAGIAIRE NÉGOCIE UNE PRISE D'OTAGE - GTA V,True,OK,Z2krHMRVsNo,11:18,25,11,False,,MISSING_IMAGE,,https://www.youtube.com/watch?v=Z2krHMRVsNo
S2016E11,IN_SCOPE,2016-02-05,,False,,LES PIRES ANNONCES SUR LEBONCOIN ! #2,LES PIRES ANNONCES SUR LEBONCOIN ! #2,True,OK,wltzKCCH0d8,10:02,25,10,False,,MISSING_IMAGE,,https://www.youtube.com/watch?v=wltzKCCH0d8
S2016E10,IN_SCOPE,2016-02-03,,False,,COMMENT FAIRE DU COVOITURAGE AVEC UN PÉDOPHILE ?,COMMENT FAIRE DU COVOITURAGE AVEC UN PÉDOPHILE ?,True,OK,i_Dgq4hpJYM,12:08,25,12,False,,MISSING_IMAGE,,https://www.youtube.com/watch?v=i_Dgq4hpJYM
S2016E09,IN_SCOPE,2016-01-29,,False,,QUE FONT LES GENS SUR PERISCOPE ? #2,QUE FONT LES GENS SUR PERISCOPE ? #2,True,OK,E-pSjWYAPu8,11:32,25,12,False,,MISSING_IMAGE,,https://www.youtube.com/watch?v=E-pSjWYAPu8
S2016E08,IN_SCOPE,2016-01-27,,False,,CE JEU EST BEAUCOUP TROP ÉPIQUE ! Naval Action,CE JEU EST BEAUCOUP TROP ÉPIQUE ! Naval Action,True,OK,Qx2rK3wuCrA,10:03,25,10,False,,MISSING_IMAGE,,https://www.youtube.com/watch?v=Qx2rK3wuCrA
S2016E07,IN_SCOPE,2016-01-22,,False,,COMMENT ÉTAIT INTERNET IL Y A 10 ANS ?,COMMENT ÉTAIT INTERNET IL Y A 10 ANS ?,True,OK,S4JPTKxDR10,10:02,25,10,False,,MISSING_IMAGE,,https://www.youtube.com/watch?v=S4JPTKxDR10
S2016E06,IN_SCOPE,2016-01-20,,False,,CE JEU N'EST PAS CE QUE TU CROIS.,CE JEU N'EST PAS CE QUE TU CROIS.,True,OK,-Px8iIz3d4E,23:46,25,24,False,,MISSING_IMAGE,,https://www.youtube.com/watch?v=-Px8iIz3d4E
S2016E05,IN_SCOPE,2016-01-16,,False,,FAIRE DE LA GYM EN PLEINE GUERRE - The Division,FAIRE DE LA GYM EN PLEINE GUERRE - The Division,True,OK,a23EetdA7x4,10:17,25,10,False,,MISSING_IMAGE,,https://www.youtube.com/watch?v=a23EetdA7x4
S2016E04,IN_SCOPE,2016-01-13,,False,,QUE FONT LES GENS SUR PERISCOPE ? #1,QUE FONT LES GENS SUR PERISCOPE ? #1,True,OK,_ZRTr2Md4ys,11:05,25,11,False,,MISSING_IMAGE,,https://www.youtube.com/watch?v=_ZRTr2Md4ys
S2016E03,IN_SCOPE,2016-01-08,,False,,LES PIRES DILEMMES ! - Would You Rather,LES PIRES DILEMMES ! - Would You Rather,True,OK,8F96ePxXTyM,12:11,25,12,False,,MISSING_IMAGE,,https://www.youtube.com/watch?v=8F96ePxXTyM
S2016E02,IN_SCOPE,2016-01-05,,False,,JE SUIS LE ROI OMG ! - Sort The Court,JE SUIS LE ROI OMG ! - Sort The Court,True,OK,Z0u7mxREtr8,8:36,25,9,False,,MISSING_IMAGE,,https://www.youtube.com/watch?v=Z0u7mxREtr8
S2016E01,IN_SCOPE,2016-01-02,,False,,PIANO Vs. GUITARE !,PIANO Vs. GUITARE !,True,OK,55f48mljek8,7:25,25,7,False,,MISSING_IMAGE,,https://www.youtube.com/watch?v=55f48mljek8
S2015E99,IN_SCOPE,2015-12-30,,False,,VIE NULLE SIMULATOR - Life: The Game,VIE NULLE SIMULATOR - Life: The Game,True,OK,ifB2nECqxI4,11:45,25,12,False,season finale,MISSING_IMAGE,,https://www.youtube.com/watch?v=ifB2nECqxI4
S2015E98,IN_SCOPE,2015-12-27,,False,,LES PIRES ANNONCES SUR LEBONCOIN !,LES PIRES ANNONCES SUR LEBONCOIN !,True,OK,ASZekCHzguU,10:02,25,10,False,,MISSING_IMAGE,,https://www.youtube.com/watch?v=ASZekCHzguU
S2015E97,IN_SCOPE,2015-12-24,,False,,JE REGARDE VOS VIDÉOS ! - Vos YTP,JE REGARDE VOS VIDÉOS ! - Vos YTP,True,OK,fU11wbNvz9k,12:13,25,12,False,,MISSING_IMAGE,,https://www.youtube.com/watch?v=fU11wbNvz9k
S2015E96,IN_SCOPE,2015-12-22,,False,,COMMENT VOLER EN MONTGOLFIÈRE HUMAINE ?! Just Cause 3,COMMENT VOLER EN MONTGOLFIÈRE HUMAINE ?! Just Cause 3,True,OK,hm7awFtXOy8,15:45,25,16,False,,MISSING_IMAGE,,https://www.youtube.com/watch?v=hm7awFtXOy8
S2015E95,IN_SCOPE,2015-12-16,,False,,COMMENT COURIR SANS JAMBES ? Ben and Ed,COMMENT COURIR SANS JAMBES ? Ben and Ed,True,OK,zU0bFmxfZms,10:02,25,10,False,,MISSING_IMAGE,,https://www.youtube.com/watch?v=zU0bFmxfZms
S2015E94,IN_SCOPE,2015-12-12,,False,,J'AI JOUÉ DANS STAR WARS !,J'AI JOUÉ DANS STAR WARS !,True,OK,AlzgT8g-YpI,10:22,25,10,False,,MISSING_IMAGE,,https://www.youtube.com/watch?v=AlzgT8g-YpI
S2015E93,IN_SCOPE,2015-12-09,,False,,MON UNIVERSITÉ À LONDRES !,MON UNIVERSITÉ À LONDRES !,True,OK,mrnBIxMSE0g,11:20,25,11,False,,MISSING_IMAGE,,https://www.youtube.com/watch?v=mrnBIxMSE0g
S2015E92,IN_SCOPE,2015-12-04,,False,,CHEVAUCHER UN MAMMOUTH ?! Far Cry Primal,CHEVAUCHER UN MAMMOUTH ?! Far Cry Primal,True,OK,AlTyhXeKClA,12:39,25,13,False,,MISSING_IMAGE,,https://www.youtube.com/watch?v=AlTyhXeKClA
S2015E91,IN_SCOPE,2015-12-01,,False,,COMMENT S'ENFUIR D'UNE BASE MILITAIRE ? Fleeing The Complex,COMMENT S'ENFUIR D'UNE BASE MILITAIRE ? Fleeing The Complex,True,OK,QasEyzA9Cxs,40:35,25,41,False,,MISSING_IMAGE,,https://www.youtube.com/watch?v=QasEyzA9Cxs
S2015E90,IN_SCOPE,2015-11-27,,False,,N'APPUIE PAS SUR CE BOUTON OMG,N'APPUIE PAS SUR CE BOUTON OMG,True,OK,XXgWeyMtvns,14:11,25,14,False,,MISSING_IMAGE,,https://www.youtube.com/watch?v=XXgWeyMtvns
S2015E89,IN_SCOPE,2015-11-25,,False,,COMMENT ENVOYER UNE VACHE DANS L'ESPACE ? Just Cause 3,COMMENT ENVOYER UNE VACHE DANS L'ESPACE ? Just Cause 3,True,OK,3ysJY-6x3rM,12:08,25,12,False,,MISSING_IMAGE,,https://www.youtube.com/watch?v=3ysJY-6x3rM
S2015E88,IN_SCOPE,2015-11-18,,False,,LES BEAUFS À LA PÊCHE ! (Euro Fishing ft. Terracid),LES BEAUFS À LA PÊCHE ! (Euro Fishing ft. Terracid),True,OK,-oB0WwfIuDo,35:34,25,36,False,,MISSING_IMAGE,,https://www.youtube.com/watch?v=-oB0WwfIuDo
S2015E87,IN_SCOPE,2015-11-13,,False,,JE REGARDE VOS VIDÉOS YOUTUBE !,JE REGARDE VOS VIDÉOS YOUTUBE !,True,OK,bNlk6PrqcjM,6:59,25,7,False,,MISSING_IMAGE,,https://www.youtube.com/watch?v=bNlk6PrqcjM
S2015E86,IN_SCOPE,2015-11-10,,False,,"1000 FOIS PLUS VIOLENT QU'ADIBOU, ET POURTANT... - Unreal Tournament","1000 FOIS PLUS VIOLENT QU'ADIBOU, ET POURTANT... - Unreal Tournament",True,OK,UHkd9iBeBoU,7:47,25,8,False,,MISSING_IMAGE,,https://www.youtube.com/watch?v=UHkd9iBeBoU
S2015E85,IN_SCOPE,2015-11-06,,False,,L'ORIGINE DE MON PSEUDO ?! - Vos Commentaires YouTube #1,L'ORIGINE DE MON PSEUDO ?! - Vos Commentaires YouTube #1,True,OK,ew-8cO8vEqY,11:05,25,11,False,,MISSING_IMAGE,,https://www.youtube.com/watch?v=ew-8cO8vEqY
S2015E83,IN_SCOPE,2015-11-01,,False,,COULISSES DE LA PARIS GAMES WEEK 2015 ! - Amixem,COULISSES DE LA PARIS GAMES WEEK 2015 ! - Amixem,True,OK,cpXaxw0p2Wo,9:26,25,9,False,,MISSING_IMAGE,,https://www.youtube.com/watch?v=cpXaxw0p2Wo
S2015E82,IN_SCOPE,2015-10-28,,False,,COMMENT INFILTRER UN AVION ? (Infiltrating The Airship),COMMENT INFILTRER UN AVION ? (Infiltrating The Airship),True,OK,JgJyVIbnBDo,37:02,25,37,False,,MISSING_IMAGE,,https://www.youtube.com/watch?v=JgJyVIbnBDo
S2015E81,IN_SCOPE,2015-10-25,,False,,LA VIDÉO NULLE ! - PARIS GAMES WEEK 2015,LA VIDÉO NULLE ! - PARIS GAMES WEEK 2015,True,OK,_RA5s7zrOpk,2:46,25,3,False,,MISSING_IMAGE,,https://www.youtube.com/watch?v=_RA5s7zrOpk
S2015E80,IN_SCOPE,2015-10-23,,False,,IL DEVINE MES YOUTUBERS PRÉFÉRÉS ! - Akinator,IL DEVINE MES YOUTUBERS PRÉFÉRÉS ! - Akinator,True,OK,G_NPQX4ohfw,13:12,25,13,False,,MISSING_IMAGE,,https://www.youtube.com/watch?v=G_NPQX4ohfw
S2015E79,IN_SCOPE,2015-10-20,,False,,LA GUERRE DES CARTONS ! - METAL GEAR ONLINE,LA GUERRE DES CARTONS ! - METAL GEAR ONLINE,True,OK,fHHCJa_aw9A,17:33,25,18,False,,MISSING_IMAGE,,https://www.youtube.com/watch?v=fHHCJa_aw9A
S2015E78,IN_SCOPE,2015-10-16,,False,,MON PIANO EST LE MEILLEUR !,MON PIANO EST LE MEILLEUR !,True,OK,7yzzXvbQpm8,6:20,25,6,False,,MISSING_IMAGE,,https://www.youtube.com/watch?v=7yzzXvbQpm8
S2015E77,IN_SCOPE,2015-10-13,,False,,JE FAIS DU eSPORT SUR ADIBOU !,JE FAIS DU eSPORT SUR ADIBOU !,True,OK,XJZI1AdeBYE,7:45,25,8,False,,MISSING_IMAGE,,https://www.youtube.com/watch?v=XJZI1AdeBYE
S2015E76,IN_SCOPE,2015-10-09,,False,,LE JET LAG DU PÂTÉ,LE JET LAG DU PÂTÉ,True,OK,6aN8ZPLJAOE,3:18,25,3,False,,MISSING_IMAGE,,https://www.youtube.com/watch?v=6aN8ZPLJAOE
S2015E75,IN_SCOPE,2015-10-06,,False,,PARDON... J'AI DETRUIT L'UNIVERS (Universe Sandbox 2),PARDON... J'AI DETRUIT L'UNIVERS (Universe Sandbox 2),True,OK,BNUhEEwK6jA,15:29,25,15,False,,MISSING_IMAGE,,https://www.youtube.com/watch?v=BNUhEEwK6jA
S2015E74,IN_SCOPE,2015-10-02,,False,,UNE PROMENADE DE 8000 KM !,UNE PROMENADE DE 8000 KM !,True,OK,ixIEXBLjkEw,11:06,25,11,False,,MISSING_IMAGE,,https://www.youtube.com/watch?v=ixIEXBLjkEw
S2015E73,IN_SCOPE,2015-09-30,,False,,QUEL YOUTUBER EST LE MEURTRIER ? - GMOD Murder,QUEL YOUTUBER EST LE MEURTRIER ? - GMOD Murder,True,OK,cozniGsPcLE,16:11,25,16,False,,MISSING_IMAGE,,https://www.youtube.com/watch?v=cozniGsPcLE
S2015E72,IN_SCOPE,2015-09-25,,False,,LE POÈTE DES TOILETTES !,LE POÈTE DES TOILETTES !,True,OK,69c_maTNSXY,4:33,25,5,False,,MISSING_IMAGE,,https://www.youtube.com/watch?v=69c_maTNSXY
S2015E71,IN_SCOPE,2015-09-22,,False,,AGARIO AVEC LES ABONNÉS !,AGARIO AVEC LES ABONNÉS !,True,OK,8_HARiaqqGQ,10:14,25,10,False,,MISSING_IMAGE,,https://www.youtube.com/watch?v=8_HARiaqqGQ
S2015E70,IN_SCOPE,2015-09-18,,False,,MON FOND VERT EST VIVANT !,MON FOND VERT EST VIVANT !,True,OK,UYcGhbI3x-I,4:33,25,5,False,,MISSING_IMAGE,,https://www.youtube.com/watch?v=UYcGhbI3x-I
S2015E68,IN_SCOPE,2015-09-11,,False,,J'OUVRE VOS SNAP : VOS PIRES JEUX DE MOTS !,J'OUVRE VOS SNAP : VOS PIRES JEUX DE MOTS !,True,OK,UxSvvWDkdzU,10:19,25,10,False,,MISSING_IMAGE,,https://www.youtube.com/watch?v=UxSvvWDkdzU
S2015E66,IN_SCOPE,2015-09-04,,False,,IMPRESSION 3D DE ZIZI !,IMPRESSION 3D DE ZIZI !,True,OK,JUc8HBtlxUc,6:04,25,6,False,,MISSING_IMAGE,,https://www.youtube.com/watch?v=JUc8HBtlxUc
S2015E64,IN_SCOPE,2015-08-27,,False,,MEDLEY YOUTUBE AU PIANO !,MEDLEY YOUTUBE AU PIANO !,True,OK,kCDj3gNHp_s,4:22,25,4,False,,MISSING_IMAGE,,https://www.youtube.com/watch?v=kCDj3gNHp_s
S2015E63,IN_SCOPE,2015-08-24,,False,,5 YOUTUBERS SE CHIENT DESSUS ! - Dead Realm,5 YOUTUBERS SE CHIENT DESSUS ! - Dead Realm,True,OK,Z19QemgTONo,27:01,25,27,False,,MISSING_IMAGE,,https://www.youtube.com/watch?v=Z19QemgTONo
S2015E62,IN_SCOPE,2015-08-20,,False,,MES 5 SECRETS HONTEUX !,MES 5 SECRETS HONTEUX !,True,OK,ISP0NS_1Bns,7:42,25,8,False,,MISSING_IMAGE,,https://www.youtube.com/watch?v=ISP0NS_1Bns
S2015E61,IN_SCOPE,2015-08-16,,False,,ON VISITE UN HÔTEL FANTÔME ! - Altis Vs. Life #3,ON VISITE UN HÔTEL FANTÔME  ! - Altis Vs. Life #3,False,COSMETIC_EXACTNESS,J-qPFIb1cqM,7:32,25,8,False,,MISSING_IMAGE,,https://www.youtube.com/watch?v=J-qPFIb1cqM
S2015E58,IN_SCOPE,2015-08-04,,False,,J'OUVRE VOS SNAP : FAQ INVERSÉE !,J'OUVRE VOS SNAP : FAQ INVERSÉE !,True,OK,MCylMVqL4do,9:28,25,9,False,,MISSING_IMAGE,,https://www.youtube.com/watch?v=MCylMVqL4do
S2015E57,IN_SCOPE,2015-08-02,,False,,ALTIS Vs LIFE : KAVALA LA SUITE ! #2,ALTIS Vs LIFE : KAVALA LA SUITE ! #2,True,OK,JjqqBnibIzA,7:22,25,7,False,,MISSING_IMAGE,,https://www.youtube.com/watch?v=JjqqBnibIzA
S2015E56,IN_SCOPE,2015-07-30,,False,,MON PIANO EST VIVANT !,MON PIANO EST VIVANT !,True,OK,IpLLonVZW8s,7:53,25,8,False,,MISSING_IMAGE,,https://www.youtube.com/watch?v=IpLLonVZW8s
S2015E55,IN_SCOPE,2015-07-26,,False,,ALTIS Vs. LIFE - KAVALA IRL ! #1,ALTIS Vs. LIFE - KAVALA IRL ! #1,True,OK,VoZuy7QNQFw,15:27,25,15,False,,MISSING_IMAGE,,https://www.youtube.com/watch?v=VoZuy7QNQFw
S2015E54,IN_SCOPE,2015-07-22,,False,,LA CHANSON DES ABONNÉS !,LA CHANSON DES ABONNÉS !,True,OK,btWTPY_-Bns,15:30,25,16,False,,MISSING_IMAGE,,https://www.youtube.com/watch?v=btWTPY_-Bns
S2015E52,IN_SCOPE,2015-07-15,,False,,J'OUVRE VOS SNAP !,J'OUVRE VOS SNAP !,True,OK,5K-az6lh4qU,7:44,25,8,False,,MISSING_IMAGE,,https://www.youtube.com/watch?v=5K-az6lh4qU
S2015E51,IN_SCOPE,2015-07-11,,False,,JE VOUS PIÈGE AU TÉLÉPHONE !,JE VOUS PIÈGE AU TÉLÉPHONE !,True,OK,Ew1xNq70Xo0,12:22,25,12,False,,MISSING_IMAGE,,https://www.youtube.com/watch?v=Ew1xNq70Xo0
S2015E50,IN_SCOPE,2015-07-07,,False,,BEST REACTIONS après RAID TWITCH ! - Amixem,BEST REACTIONS après RAID TWITCH ! - Amixem,True,OK,Y5yJm-gwJfU,12:41,25,13,False,,MISSING_IMAGE,,https://www.youtube.com/watch?v=Y5yJm-gwJfU
S2015E49,IN_SCOPE,2015-06-26,,False,,J'OUVRE VOS SNAPCHAT : RENDEZ L'ARGENT AUX YOUTUBERS !,J'OUVRE VOS SNAPCHAT : RENDEZ L'ARGENT AUX YOUTUBERS !,True,OK,sfeuVkkGSwc,7:03,25,7,False,,MISSING_IMAGE,,https://www.youtube.com/watch?v=sfeuVkkGSwc
S2015E48,IN_SCOPE,2015-06-22,,False,,LA VIDEO SETUP OMG,LA VIDEO SETUP OMG,True,OK,LwiycISjzmE,34:53,25,35,False,,MISSING_IMAGE,,https://www.youtube.com/watch?v=LwiycISjzmE
S2015E47,IN_SCOPE,2015-06-21,,False,,DÉTENTE à L'E3 ! - Vlog E3 2015,DÉTENTE à L'E3 ! - Vlog E3 2015,True,OK,Aj4BwJWs4ls,9:01,9,9,True,,MISSING_IMAGE,,https://www.youtube.com/watch?v=Aj4BwJWs4ls
S2015E46,IN_SCOPE,2015-06-19,,False,,LA BAGUETTE YAMAKASI ! Mirror's Edge Catalyst - Vlog E3 2015,LA BAGUETTE YAMAKASI ! Mirror's Edge Catalyst - Vlog E3 2015,True,OK,6NNX23CGeGE,4:20,25,4,False,,MISSING_IMAGE,,https://www.youtube.com/watch?v=6NNX23CGeGE
S2015E45,IN_SCOPE,2015-06-18,,False,,J'AI JOUÉ À STARWARS BATTLEFRONT ! - Vlog E3 2015,J'AI JOUÉ À STARWARS BATTLEFRONT ! - Vlog E3 2015,True,OK,6ybq32VgXYM,7:16,25,7,False,,MISSING_IMAGE,,https://www.youtube.com/watch?v=6ybq32VgXYM
S2015E44,IN_SCOPE,2015-06-17,,False,,TOURNAGE DANS LE DÉSERT CALIFORNIEN ! - Vlog E3 2015,TOURNAGE DANS LE DÉSERT CALIFORNIEN ! - Vlog E3 2015,True,OK,-_hmNG3kcSw,5:01,25,5,False,,MISSING_IMAGE,,https://www.youtube.com/watch?v=-_hmNG3kcSw
S2015E43,IN_SCOPE,2015-06-14,,False,,À LA RECHERCHE DE L'E3 ! - Amixem,À LA RECHERCHE DE L'E3 ! - Amixem,True,OK,iv3LWDGuMvI,9:27,25,9,False,,MISSING_IMAGE,,https://www.youtube.com/watch?v=iv3LWDGuMvI
S2015E42,IN_SCOPE,2015-06-12,,False,,NOUVELLE CHAINE GAMING !,NOUVELLE CHAINE GAMING !,True,OK,yxj0EOyCzrQ,2:58,25,3,False,,MISSING_IMAGE,,https://www.youtube.com/watch?v=yxj0EOyCzrQ
S2015E41,IN_SCOPE,2015-06-10,,False,,"LE BRAQUAGE DU FAIL RATÉ ! ft. Sup3r Konar, DarkFu & Kalipso - PayDay 2 PS4 !","LE BRAQUAGE DU FAIL RATÉ ! ft. Sup3r Konar, DarkFu & Kalipso - PayDay 2 PS4 !",True,OK,W67h-_87x6g,12:57,25,13,False,,MISSING_IMAGE,,https://www.youtube.com/watch?v=W67h-_87x6g
S2015E40,IN_SCOPE,2015-06-03,,False,,C'est pas Sorcier - YouTube [Vidéo Annonce ;)],C'est pas Sorcier - YouTube [Vidéo Annonce ;)],True,OK,ec28aIOHQBQ,1:34,25,2,False,,MISSING_IMAGE,,https://www.youtube.com/watch?v=ec28aIOHQBQ
S2015E39,IN_SCOPE,2015-06-01,,False,,JE M'INCRUSTE DANS UNE SOIRÉE EN LIVE :O,JE M'INCRUSTE DANS UNE SOIRÉE EN LIVE :O,True,OK,ce-g-HF3GXA,11:44,25,12,False,,MISSING_IMAGE,,https://www.youtube.com/watch?v=ce-g-HF3GXA
S2015E37,IN_SCOPE,2015-05-23,,False,,J'OUVRE VOS SNAPCHAT ! - AMIXEM,J'OUVRE VOS SNAPCHAT ! - AMIXEM,True,OK,dK9Gwt1eFtE,11:16,25,11,False,,MISSING_IMAGE,,https://www.youtube.com/watch?v=dK9Gwt1eFtE
S2015E36,IN_SCOPE,2015-05-17,,False,,LE RAID ULTIME SUR TWITCH ! TWERK EN LIVE :O #2,LE RAID ULTIME SUR TWITCH ! TWERK EN LIVE :O #2,True,OK,gtGfu87luDg,17:12,25,17,False,,MISSING_IMAGE,,https://www.youtube.com/watch?v=gtGfu87luDg
S2015E34,IN_SCOPE,2015-05-07,,False,,LE RAID ULTIME SUR TWITCH ! VOUS L'AVEZ FAIT CRAQUER ! #1,LE RAID ULTIME SUR TWITCH ! VOUS L'AVEZ FAIT CRAQUER ! #1,True,OK,pHUqVQ3zECw,26:12,25,26,False,,MISSING_IMAGE,,https://www.youtube.com/watch?v=pHUqVQ3zECw
S2015E22,IN_SCOPE,2015-03-31,,False,,YO ! JE VAIS À LA CAVICON & VIDEO CITY PARIS !,YO ! JE VAIS À LA CAVICON & VIDEO CITY PARIS !,True,OK,Vd13-R-sTRc,4:25,25,4,False,,MISSING_IMAGE,,https://www.youtube.com/watch?v=Vd13-R-sTRc
S2015E12,IN_SCOPE,2015-03-06,,False,,L'INCROYABLE HISTOIRE DE LA PISCINE À BOULES + BONUS CHANSONS EN LIVE,L'INCROYABLE HISTOIRE DE LA PISCINE À BOULES + BONUS CHANSONS EN LIVE,True,OK,iPu2NKvZjyQ,21:57,25,22,False,,MISSING_IMAGE,,https://www.youtube.com/watch?v=iPu2NKvZjyQ
S2015E04,IN_SCOPE,2015-02-06,,False,,COURSES POURSUITES WTF ft. Chris & Duff sur Battlefield Hardline [Rediff Twitch],COURSES POURSUITES WTF ft. Chris & Duff sur Battlefield Hardline [Rediff Twitch],True,OK,ylULUCnFH8I,10:23,25,10,False,,MISSING_IMAGE,,https://www.youtube.com/watch?v=ylULUCnFH8I
S2015E03,IN_SCOPE,2015-01-28,,False,,ZOMBIES Vs. MOI,ZOMBIES Vs. MOI,True,OK,qwm61ZqaeFM,3:37,25,4,False,,MISSING_IMAGE,,https://www.youtube.com/watch?v=qwm61ZqaeFM
S2014E22,IN_SCOPE,2014-10-29,,False,,LA BRIGADE ANTI RAGEUX - TRAILER (Vidéo dispo sur The Fantastiques),LA BRIGADE ANTI RAGEUX - TRAILER (Vidéo dispo sur The Fantastiques),True,OK,Duap50Ww0EY,2:09,25,2,False,,MISSING_IMAGE,,https://www.youtube.com/watch?v=Duap50Ww0EY
S2014E17,IN_SCOPE,2014-09-05,,False,,JE SUIS LÀ POUR T'AIDER ! - Parodie IRL SIMS 4 ft. SUP3R KONAR !,JE SUIS LÀ POUR T'AIDER ! - Parodie IRL SIMS 4 ft. SUP3R KONAR !,True,OK,bx613OLEn_Q,6:31,25,7,False,,MISSING_IMAGE,,https://www.youtube.com/watch?v=bx613OLEn_Q
S2013E33,IN_SCOPE,2013-10-07,,False,,The GameTrotter #1 - Tokyo Game Show.,The GameTrotter #1 - Tokyo Game Show.,True,OK,c4qXoXoiOkA,8:02,25,8,False,,MISSING_IMAGE,,https://www.youtube.com/watch?v=c4qXoXoiOkA
S2013E28,IN_SCOPE,2013-08-06,,False,,"► Let's Play Toilet Simulator 2013 - Episodes 1, 2, 3, 4, 5, 6, 7 et 8.","► Let's Play Toilet Simulator 2013 - Episodes 1, 2, 3, 4, 5, 6, 7 et 8.",True,OK,9nMLfg8EgtE,5:24,25,5,False,,MISSING_IMAGE,,https://www.youtube.com/watch?v=9nMLfg8EgtE
S2013E27,IN_SCOPE,2013-07-10,,False,,► LEGO Seigneur des Anneaux EN MODE POSEY !◄ by CoopGameplays,► LEGO Seigneur des Anneaux EN MODE POSEY !◄ by CoopGameplays,True,OK,3S7h6QBV4dI,10:25,25,10,False,,MISSING_IMAGE,,https://www.youtube.com/watch?v=3S7h6QBV4dI
S2013E26,IN_SCOPE,2013-07-05,,False,,► TUTO : Comment avoir le succès de Diablox9 ? | by CoopGameplays.,► TUTO : Comment avoir le succès de Diablox9 ? | by CoopGameplays.,True,OK,sg6ftz6ck3w,4:24,25,4,False,,MISSING_IMAGE,,https://www.youtube.com/watch?v=sg6ftz6ck3w
S2013E19,IN_SCOPE,2013-05-11,,False,,"► Un whisky, un ami, un SLENDER. ◄ by Coop Gameplays","► Un whisky, un ami, un SLENDER. ◄ by Coop Gameplays",True,OK,SCU_cZzuAQs,7:23,25,7,False,,MISSING_IMAGE,,https://www.youtube.com/watch?v=SCU_cZzuAQs
S2013E17,IN_SCOPE,2013-04-16,,False,,"► OMG, 2000 ABONNÉS ! by CoopGameplays ◄","► OMG, 2000 ABONNÉS ! by CoopGameplays ◄",True,OK,pGoRBwonA60,3:15,25,3,False,,MISSING_IMAGE,,https://www.youtube.com/watch?v=pGoRBwonA60
S2013E15,IN_SCOPE,2013-04-09,,False,,► VIDÉO 1000 ABONNÉS - Discours du PDG de la CoopGameplays.,► VIDÉO 1000 ABONNÉS - Discours du PDG de la CoopGameplays.,True,OK,_4CHH7x6EbE,2:47,25,3,False,,MISSING_IMAGE,,https://www.youtube.com/watch?v=_4CHH7x6EbE
S2013E12,IN_SCOPE,2013-03-25,,False,,► Let's Play #2 fr ! The Walking Dead : Survival Instinct ! Part 2 Episode 2 [FRANCAIS],► Let's Play #2 fr ! The Walking Dead : Survival Instinct ! Part 2 Episode 2 [FRANCAIS],True,OK,AIK7UX5hwgk,21:52,25,22,False,,MISSING_IMAGE,,https://www.youtube.com/watch?v=AIK7UX5hwgk
S2013E11,IN_SCOPE,2013-03-21,,False,,► Let's Play #1 fr ! The Walking Dead : Survival Instinct ! Part 1 Episode 1 [FRANCAIS],► Let's Play #1 fr !  The Walking Dead : Survival Instinct ! Part 1 Episode 1 [FRANCAIS],False,COSMETIC_EXACTNESS,DwvV2CebyMM,15:54,25,16,False,,MISSING_IMAGE,,https://www.youtube.com/watch?v=DwvV2CebyMM
S2013E10,IN_SCOPE,2013-03-21,,False,,► TOMB RAIDER 2013 (1080p) - Gameplay découverte commenté. [FR],► TOMB RAIDER 2013 (1080p) - Gameplay découverte commenté. [FR],True,OK,dnx4sj-Ul8I,19:59,25,20,False,,MISSING_IMAGE,,https://www.youtube.com/watch?v=dnx4sj-Ul8I
S2013E09,IN_SCOPE,2013-03-13,,False,,► Meilleurs moments LoL de la CoopGameplays sur Battlefield 3.,► Meilleurs moments LoL de la CoopGameplays sur Battlefield 3.,True,OK,ahojLtLERDo,3:34,25,4,False,,MISSING_IMAGE,,https://www.youtube.com/watch?v=ahojLtLERDo
S2013E08,IN_SCOPE,2013-03-10,,False,,► DEAD OPS ARCADE à l'ancienne ! [Call Of Duty Black Ops],► DEAD OPS ARCADE à l'ancienne ! [Call Of Duty Black Ops],True,OK,fZiXfhZJB3Y,11:44,25,12,False,,MISSING_IMAGE,,https://www.youtube.com/watch?v=fZiXfhZJB3Y
S2013E07,IN_SCOPE,2013-03-04,,False,,►PlanetSide 2 | Zap : Meilleurs Moments avec JiinZz Gaming,►PlanetSide 2 | Zap : Meilleurs Moments avec JiinZz Gaming,True,OK,_g7z63mOYBs,12:01,25,12,False,,MISSING_IMAGE,,https://www.youtube.com/watch?v=_g7z63mOYBs
S2013E06,IN_SCOPE,2013-02-14,,False,,► Borderlands 2 : Massacre en Coop !,► Borderlands 2 : Massacre en Coop !,True,OK,Iu9BZdtH7lY,21:33,25,22,False,,MISSING_IMAGE,,https://www.youtube.com/watch?v=Iu9BZdtH7lY
S2013E05,IN_SCOPE,2013-01-28,,False,,► Délires sur FARMING SIMULATOR 2013,► Délires sur FARMING SIMULATOR 2013,True,OK,1HKmRWagXl8,17:34,25,18,False,,MISSING_IMAGE,,https://www.youtube.com/watch?v=1HKmRWagXl8
S2013E04,IN_SCOPE,2013-01-23,,False,,"► [TUTO] Cheat codes / Tricher sur FARCRY 3 ? [Argent, Santé, Munitions...]","► [TUTO] Cheat codes / Tricher sur FARCRY 3 ? [Argent, Santé, Munitions...]",True,OK,9VqxOamzSCI,17:21,25,17,False,,MISSING_IMAGE,,https://www.youtube.com/watch?v=9VqxOamzSCI
S2013E03,IN_SCOPE,2013-01-16,,False,,► EXTASE graphique sur Assassin's Creed 3 ! - Gameplay [FR],► EXTASE graphique sur Assassin's Creed 3 ! - Gameplay [FR],True,OK,-df82Zx2sak,19:02,25,19,False,,MISSING_IMAGE,,https://www.youtube.com/watch?v=-df82Zx2sak
S2013E02,IN_SCOPE,2013-01-14,,False,,► BATTLEFIELD 3 - DRUM n' BASS FRAGMOVIE [FR],► BATTLEFIELD 3 - DRUM n' BASS FRAGMOVIE [FR],True,OK,vvbhMdyirrY,3:27,25,3,False,,MISSING_IMAGE,,https://www.youtube.com/watch?v=vvbhMdyirrY
S2013E01,IN_SCOPE,2013-01-09,,False,,► Et si on rejouait à TRACKMANIA ? [FR],► Et si on rejouait à TRACKMANIA ? [FR],True,OK,AJjBuTKJ4gI,25:08,25,25,True,,MISSING_IMAGE,,https://www.youtube.com/watch?v=AJjBuTKJ4gI
S2012E07,IN_SCOPE,2012-12-20,,False,,► FAR CRY 3 - Gameplay découverte #2.,► FAR CRY 3 - Gameplay découverte #2.,True,OK,hZatyp3Tvss,22:17,25,22,False,season finale,MISSING_IMAGE,,https://www.youtube.com/watch?v=hZatyp3Tvss
S2012E06,IN_SCOPE,2012-12-12,,False,,► Pétage de plomb sur BF3 Aftermath : Le Gameplay le plus raté de l'Histoire ? [FR],► Pétage de plomb sur BF3 Aftermath : Le Gameplay le plus raté de l'Histoire ? [FR],True,OK,ksxNFa59OAg,11:48,25,12,False,,MISSING_IMAGE,,https://www.youtube.com/watch?v=ksxNFa59OAg
S2012E05,IN_SCOPE,2012-12-06,,False,,► Gameplay déjanté sur Battlefield 3 Aftermath [FR],► Gameplay déjanté sur Battlefield 3 Aftermath [FR],True,OK,o4pLOu8gJQo,26:18,25,26,False,,MISSING_IMAGE,,https://www.youtube.com/watch?v=o4pLOu8gJQo
S2012E04,IN_SCOPE,2012-12-05,,False,,► FAR CRY 3 : Gameplay découverte [FR],► FAR CRY 3 : Gameplay découverte [FR],True,OK,sSywkj82fwk,24:02,25,24,False,,MISSING_IMAGE,,https://www.youtube.com/watch?v=sSywkj82fwk
S2012E03,IN_SCOPE,2012-11-27,,False,,► Les 10 meilleures planques de ZIBA TOWER [Battlefield 3] [FR],► Les 10 meilleures planques de ZIBA TOWER [Battlefield 3] [FR],True,OK,5g0j29G2w58,33:57,25,34,False,,MISSING_IMAGE,,https://www.youtube.com/watch?v=5g0j29G2w58
S2012E02,IN_SCOPE,2012-11-14,,False,,► Battlefield 3 : Gameplay à Tour Ziba [AEK-971] [FR],► Battlefield 3 : Gameplay à Tour Ziba [AEK-971] [FR],True,OK,CH2s3kJuyVo,37:36,25,38,False,,MISSING_IMAGE,,https://www.youtube.com/watch?v=CH2s3kJuyVo
S2012E01,IN_SCOPE,2012-11-11,,False,,► Premiers pas sur Borderlands 2 - Gameplay découverte [FR],► Premiers pas sur Borderlands 2 - Gameplay découverte [FR],True,OK,xX8iRavbXxE,58:20,25,58,False,,MISSING_IMAGE,,https://www.youtube.com/watch?v=xX8iRavbXxE
