code,reference_scope,tvdb_date,youtube_date,date_verified,date_exact,tvdb_title,youtube_title,title_exact,title_status,youtube_id,youtube_duration,tvdb_runtime_minutes,expected_runtime_minutes,runtime_exact,season_flag,image_status,tvdb_artwork,youtube_url
S2026E60,IN_SCOPE,,,False,,"PRIORITIES : vous êtes plus d’accord avec David ou Raf ? (Moi avec Raf) June 6, 2026 YouTube 42",PRIORITIES : vous êtes plus d’accord avec David ou Raf ? (Moi avec Raf),False,SUBSTANTIVE_MISMATCH,QG1WcEWOF4g,41:43,,42,,,MISSING_IMAGE,,https://www.youtube.com/watch?v=QG1WcEWOF4g
S2026E59,IN_SCOPE,,,False,,"On réfléchit avec vous sur les nouvelles vidéos (il y aura un test de robinets voilà) October 1, 2026 YouTube 55",On réfléchit avec vous sur les nouvelles vidéos (il y aura un test de robinets voilà),False,SUBSTANTIVE_MISMATCH,1cl3-uhXvME,54:32,,55,,,MISSING_IMAGE,,https://www.youtube.com/watch?v=1cl3-uhXvME
S2026E58,IN_SCOPE,,,False,,"Vous avez 36h pour nous trouver à partir de vendredi (36 000€ à la clé) September 29, 2026 YouTube 11",Vous avez 36h pour nous trouver à partir de vendredi (36 000€ à la clé),False,SUBSTANTIVE_MISMATCH,VZYQJ1Taw7k,11:01,,11,,,MISSING_IMAGE,,https://www.youtube.com/watch?v=VZYQJ1Taw7k
S2026E57,IN_SCOPE,,,False,,"Tierlist des lettres de l’alphabet (désolé à tous les H qui nous regardent) September 22, 2026 YouTube 56",Tierlist des lettres de l’alphabet (désolé à tous les H qui nous regardent),False,SUBSTANTIVE_MISMATCH,8BhWoVSBtwc,56:25,,56,,,MISSING_IMAGE,,https://www.youtube.com/watch?v=8BhWoVSBtwc
S2026E56,IN_SCOPE,,,False,,"Janco nous parle du projet « Un Commun Accord » que l’on soutient September 17, 2026 YouTube 30",Janco nous parle du projet « Un Commun Accord » que l’on soutient,False,SUBSTANTIVE_MISMATCH,rJINZv9n9F0,30:21,,30,,,MISSING_IMAGE,,https://www.youtube.com/watch?v=rJINZv9n9F0
S2026E55,IN_SCOPE,,,False,,"Le Zevent c’était fou (coulisses, meilleurs moments, trop d’émotion) September 15, 2026 YouTube 114","Le Zevent c’était fou (coulisses, meilleurs moments, trop d’émotion)",False,SUBSTANTIVE_MISMATCH,YqWzuXN9eSI,1:54:29,,114,,,MISSING_IMAGE,,https://www.youtube.com/watch?v=YqWzuXN9eSI
S2026E54,IN_SCOPE,,,False,,"On fait une chanson avec Artus devant 40.000 personnes (vloginho à la Défense Arena) September 10, 2026 YouTube 29",On fait une chanson avec Artus devant 40.000 personnes (vloginho à la Défense Arena),False,SUBSTANTIVE_MISMATCH,x9e8hggcGhM,29:19,,29,,,MISSING_IMAGE,,https://www.youtube.com/watch?v=x9e8hggcGhM
S2026E53,IN_SCOPE,,,False,,"On ouvre des cartes One Piece et Mastu garde tous les hits pour lui September 8, 2026 YouTube 56",On ouvre des cartes One Piece et Mastu garde tous les hits pour lui,False,SUBSTANTIVE_MISMATCH,luTEU4xa_E8,55:43,,56,,,MISSING_IMAGE,,https://www.youtube.com/watch?v=luTEU4xa_E8
S2026E52,IN_SCOPE,,,False,,"Salut les petits loulous, on prend le temps ensemble (c’est Baghera, bagherajones sur les réseau) September 5, 2026 YouTube 11","Salut les petits loulous, on prend le temps ensemble 👍👍👍(c’est Baghera, bagherajones sur les réseau)",False,SUBSTANTIVE_MISMATCH,0PHUeNOsbKU,11:07,,11,,,MISSING_IMAGE,,https://www.youtube.com/watch?v=0PHUeNOsbKU
S2026E51,IN_SCOPE,,,False,,"Tu préfères McFly ou Carlito ? (Au Zevent)(orchestré par @thomasdeseur ) (ft. Un mime et @Joyca ) September 5, 2026 YouTube 2",Tu préfères McFly ou Carlito ? (Au Zevent)(orchestré par @thomasdeseur ) (ft. Un mime et @Joyca ),False,SUBSTANTIVE_MISMATCH,m3_WcBvMaV0,1:46,,2,,,MISSING_IMAGE,,https://www.youtube.com/watch?v=m3_WcBvMaV0
S2026E50,IN_SCOPE,,,False,,"ZEVENT 2026 : on compte sur vous ❤️ (on va tout donner) September 4, 2026 YouTube 4",ZEVENT 2026 : on compte sur vous ❤️ (on va tout donner),False,SUBSTANTIVE_MISMATCH,89sbQjgBfIg,4:03,,4,,,MISSING_IMAGE,,https://www.youtube.com/watch?v=89sbQjgBfIg
S2026E49,IN_SCOPE,,,False,,"Nos abonnés viennent débriefer la saison (on vous aime, merci pour tout) July 30, 2026 YouTube 58","Nos abonnés viennent débriefer la saison (on vous aime, merci pour tout)",False,SUBSTANTIVE_MISMATCH,WyEs4g3jQjM,57:50,,58,,,MISSING_IMAGE,,https://www.youtube.com/watch?v=WyEs4g3jQjM
S2026E48,IN_SCOPE,,,False,,"On fait un magnifique château de sable avec Fred qui trouvera une place dans vos cœurs July 28, 2026 YouTube 57",On fait un magnifique château de sable avec Fred qui trouvera une place dans vos cœurs,False,SUBSTANTIVE_MISMATCH,rJW00cN-IgQ,56:58,,57,,,MISSING_IMAGE,,https://www.youtube.com/watch?v=rJW00cN-IgQ
S2026E47,IN_SCOPE,,,False,,"UNPOPUNIAR OPINIGNON 3 : Bigflo hait les siestes et les comédies musicales July 23, 2026 YouTube 55",UNPOPUNIAR OPINIGNON 3 : Bigflo hait les siestes et les comédies musicales,False,SUBSTANTIVE_MISMATCH,YUwayyNWy1c,54:54,,55,,,MISSING_IMAGE,,https://www.youtube.com/watch?v=YUwayyNWy1c
S2026E46,IN_SCOPE,,,False,,"Les recos de Carl sont enfin là ! (Et Mcfly ne l'empêche pas) July 21, 2026 YouTube 28",Les recos de Carl sont enfin là ! (Et Mcfly ne l’empêche pas),False,SUBSTANTIVE_MISMATCH,vAZ5SacViMM,27:52,,28,,,MISSING_IMAGE,,https://www.youtube.com/watch?v=vAZ5SacViMM
S2026E45,IN_SCOPE,,,False,,"LA BATTLE DES PAYS : on déguste les spécialités Polonaises avec Natalka July 16, 2026 YouTube 42",LA BATTLE DES PAYS : on déguste les spécialités Polonaises avec Natalka,False,SUBSTANTIVE_MISMATCH,38YzeyCBqes,42:02,,42,,,MISSING_IMAGE,,https://www.youtube.com/watch?v=38YzeyCBqes
S2026E44,IN_SCOPE,,,False,,"On vous présente nos coups de cœur sur Insta July 14, 2026 YouTube 30",On vous présente nos coups de cœur sur Insta,False,SUBSTANTIVE_MISMATCH,NQX8g3vEPzo,30:30,,31,,,MISSING_IMAGE,,https://www.youtube.com/watch?v=NQX8g3vEPzo
S2026E43,IN_SCOPE,,,False,,"On classe 32 friandises de cinéma avec Florent Bernard & Seb Vaniček (Mcfly n’aime pas le popcorn ????) July 9, 2026 YouTube 106",On classe 32 friandises de cinéma avec Florent Bernard & Seb Vaniček (Mcfly n’aime pas le popcorn 🍿),False,SUBSTANTIVE_MISMATCH,Vr9kBC8rG3A,1:46:07,,106,,,MISSING_IMAGE,,https://www.youtube.com/watch?v=Vr9kBC8rG3A
S2026E42,IN_SCOPE,,,False,,"On parle, on peint, on joue à WARHAMMER avec Alphacast parfait en expert July 7, 2026 YouTube 40","On parle, on peint, on joue à WARHAMMER avec Alphacast parfait en expert",False,SUBSTANTIVE_MISMATCH,-ybot6ieI1w,40:19,,40,,,MISSING_IMAGE,,https://www.youtube.com/watch?v=-ybot6ieI1w
S2026E41,IN_SCOPE,,,False,,"On déguvine 32 bonbons avec Joyca et Matthieu et le plot twist de fin est magnifique July 2, 2026 YouTube 85",On déguvine 32 bonbons avec Joyca et Matthieu et le plot twist de fin est magnifique,False,SUBSTANTIVE_MISMATCH,k3x_skhZKHE,1:24:52,,85,,,MISSING_IMAGE,,https://www.youtube.com/watch?v=k3x_skhZKHE
S2026E40,IN_SCOPE,,,False,,"Discussion autour du deuil, histoires, conseils et beaucoup d’amour June 26, 2026 YouTube 128","Discussion autour du deuil, histoires, conseils et beaucoup d’amour",False,SUBSTANTIVE_MISMATCH,rDjBlHWBF_s,2:08:30,,129,,,MISSING_IMAGE,,https://www.youtube.com/watch?v=rDjBlHWBF_s
S2026E39,IN_SCOPE,,,False,,"On crée nos pizzas avec le légendaire Peppe et il doit mettre sa préférée à la carte de son resto ! June 24, 2026 YouTube 47",On crée nos pizzas avec le légendaire Peppe et il doit mettre sa préférée à la carte de son resto !,False,SUBSTANTIVE_MISMATCH,KozBZ5IuTTk,46:58,,47,,,MISSING_IMAGE,,https://www.youtube.com/watch?v=KozBZ5IuTTk
S2026E38,IN_SCOPE,,,False,,"On revoit les pubs cultes des années 90 (Papa c’est quoi cette bouteille de lait ?) June 22, 2026 YouTube 27",On revoit les pubs cultes des années 90 (Papa c’est quoi cette bouteille de lait ?),False,SUBSTANTIVE_MISMATCH,qTs0APDyucQ,26:43,,27,,,MISSING_IMAGE,,https://www.youtube.com/watch?v=qTs0APDyucQ
S2026E37,IN_SCOPE,,,False,,"Tierlist des 365 jours de l'année (Dramas, Polémiques autour de Juillet et Août) June 18, 2026 YouTube 121","Tierlist des 365 jours de l’année (Dramas, Polémiques autour de Juillet et Août)",False,SUBSTANTIVE_MISMATCH,9EoNehP9KY0,2:01:09,,121,,,MISSING_IMAGE,,https://www.youtube.com/watch?v=9EoNehP9KY0
S2026E36,IN_SCOPE,,,False,,"On devine 29 compotes avec Marine (c’est notre âme sœur) June 16, 2026 YouTube 57",On devine 29 compotes avec Marine (c’est notre âme sœur),False,SUBSTANTIVE_MISMATCH,_nIMtE65UsI,57:25,,57,,,MISSING_IMAGE,,https://www.youtube.com/watch?v=_nIMtE65UsI
S2026E35,IN_SCOPE,,,False,,"L'usine qui fabrique nos chips a brûlé. Mais Brosti renaîtra de ses cendres. June 12, 2026 YouTube 15",L’usine qui fabrique nos chips a brûlé. Mais Brosti renaîtra de ses cendres.,False,SUBSTANTIVE_MISMATCH,-VRN8hT_awE,14:35,,15,,,MISSING_IMAGE,,https://www.youtube.com/watch?v=-VRN8hT_awE
S2026E34,IN_SCOPE,,,False,,"C’est génial ce jeu (on en profite pour faire notre top 3 Disney) June 9, 2026 YouTube 21",C’est génial ce jeu (on en profite pour faire notre top 3 Disney),False,SUBSTANTIVE_MISMATCH,U2K8UxxIX08,21:21,,21,,,MISSING_IMAGE,,https://www.youtube.com/watch?v=U2K8UxxIX08
S2026E33,IN_SCOPE,,,False,,"Nos chips sont dispos. On vous raconte tout. June 1, 2026 YouTube 70",Nos chips sont dispos. On vous raconte tout.,False,SUBSTANTIVE_MISMATCH,gUkGUVIY-p4,1:10:13,,70,,,MISSING_IMAGE,,https://www.youtube.com/watch?v=gUkGUVIY-p4
S2026E32,IN_SCOPE,,,False,,"On apprend enfin à terminer un Rubik's cube grâce à Victor le goat May 26, 2026 YouTube 38",On apprend enfin à terminer un Rubik's cube grâce à Victor le goat,False,SUBSTANTIVE_MISMATCH,SzFdonz_CTY,38:06,,38,,,MISSING_IMAGE,,https://www.youtube.com/watch?v=SzFdonz_CTY
S2026E31,IN_SCOPE,,,False,,"Mcfly VS 50 abonnés : Qui aura le meilleur palais ? May 21, 2026 YouTube 65",Mcfly VS 50 abonnés : Qui aura le meilleur palais ?,False,SUBSTANTIVE_MISMATCH,veUUS8pn9N4,1:04:55,,65,,,MISSING_IMAGE,,https://www.youtube.com/watch?v=veUUS8pn9N4
S2026E30,IN_SCOPE,,,False,,"24h avec les marins-pompiers de Marseille (tournage le plus marquant de notre vie) May 14, 2026 YouTube 88",24h avec les marins-pompiers de Marseille (tournage le plus marquant de notre vie),False,SUBSTANTIVE_MISMATCH,vM52Carqn7U,1:28:02,,88,,,MISSING_IMAGE,,https://www.youtube.com/watch?v=vM52Carqn7U
S2026E29,IN_SCOPE,,,False,,"10 conseils qu’on aurait adoré recevoir en tant que parents May 12, 2026 YouTube 35",10 conseils qu’on aurait adoré recevoir en tant que parents,False,SUBSTANTIVE_MISMATCH,gDPEIwqRokc,34:45,,35,,,MISSING_IMAGE,,https://www.youtube.com/watch?v=gDPEIwqRokc
S2026E28,IN_SCOPE,,,False,,"On devine 41 fromages avec Max et Elian et Carlito n’a pas trouvé le camembert May 7, 2026 YouTube 75",On devine 41 fromages avec Max et Elian et Carlito n’a pas trouvé le camembert,False,SUBSTANTIVE_MISMATCH,H3qHmXrPyYs,1:15:01,,75,,,MISSING_IMAGE,,https://www.youtube.com/watch?v=H3qHmXrPyYs
S2026E27,IN_SCOPE,,,False,,"On répond en vocal à des commentaires méchants et promis on insulte personne May 5, 2026 YouTube 21",On répond en vocal à des commentaires méchants et promis on insulte personne,False,SUBSTANTIVE_MISMATCH,xFCGmjQlvZw,21:30,,22,,,MISSING_IMAGE,,https://www.youtube.com/watch?v=xFCGmjQlvZw
S2026E26,IN_SCOPE,,,False,,"On élit les meilleures chasses d’eau et @Djilsi refuse de faire la vidéo si on change pas de place April 21, 2026 YouTube 47",On élit les meilleures chasses d’eau et @Djilsi refuse de faire la vidéo si on change pas de place,False,SUBSTANTIVE_MISMATCH,j6V70tSzCxg,46:59,,47,,,MISSING_IMAGE,,https://www.youtube.com/watch?v=j6V70tSzCxg
S2026E25,IN_SCOPE,,,False,,"Sommes-nous TDAH ? (tests, discussions et résultats… surprenants) April 16, 2026 YouTube 40","Sommes-nous TDAH ? (tests, discussions et résultats… surprenants)",False,SUBSTANTIVE_MISMATCH,IuyGIoaOkQI,39:33,,40,,,MISSING_IMAGE,,https://www.youtube.com/watch?v=IuyGIoaOkQI
S2026E24,IN_SCOPE,,,False,,"Émilien répond premier degré à nos questions cons April 14, 2026 YouTube 22",Émilien répond premier degré à nos questions cons,False,SUBSTANTIVE_MISMATCH,_mP18lBPgGs,22:48,,23,,,MISSING_IMAGE,,https://www.youtube.com/watch?v=_mP18lBPgGs
S2026E23,IN_SCOPE,,,False,,"Qui est le plus cultivé de l'équipe ? Avec un Émilien parfait en host April 9, 2026 49",Qui est le plus cultivé de l’équipe ? Avec un Émilien parfait en host,False,SUBSTANTIVE_MISMATCH,gnertO1niK4,49:36,,50,,,MISSING_IMAGE,,https://www.youtube.com/watch?v=gnertO1niK4
S2026E22,IN_SCOPE,,,False,,"On ouvre des cartes One Piece et Mcfly ne peut plus s'arrêter April 2, 2026 40",On ouvre des cartes One Piece et Mcfly ne peut plus s’arrêter,False,SUBSTANTIVE_MISMATCH,3Fwsvsc4Y7c,39:46,,40,,,MISSING_IMAGE,,https://www.youtube.com/watch?v=3Fwsvsc4Y7c
S2026E21,IN_SCOPE,,,False,,"On élit la meilleure machine à café avec Djilsi (promis on a rien consommé. À part du café) March 26, 2026 62",On élit la meilleure machine à café avec Djilsi (promis on a rien consommé. À part du café),False,SUBSTANTIVE_MISMATCH,lAIK-pPoevc,1:01:36,,62,,,MISSING_IMAGE,,https://www.youtube.com/watch?v=lAIK-pPoevc
S2026E20,IN_SCOPE,,,False,,"LA BATTLE DES PAYS: on déguste les spécialités Suisses avec Mosimann March 24, 2026 48",LA BATTLE DES PAYS : on déguste les spécialités Suisses avec Mosimann,False,SUBSTANTIVE_MISMATCH,7mY9cw7bbjw,47:53,,48,,,MISSING_IMAGE,,https://www.youtube.com/watch?v=7mY9cw7bbjw
S2026E19,IN_SCOPE,,,False,,"On vérifie 1er degré les slogans des marques (qui s’est déjà levé pour Danette ?) March 19, 2026 48",On vérifie 1er degré les slogans des marques (qui s’est déjà levé pour Danette ?),False,SUBSTANTIVE_MISMATCH,PvTcPZDdpPk,47:55,,48,,,MISSING_IMAGE,,https://www.youtube.com/watch?v=PvTcPZDdpPk
S2026E18,IN_SCOPE,,,False,,"Les pires anecdotes de taf de nos abonnés ft. Natoo March 17, 2026 30",Les pires anecdotes de taf de nos abonnés ft. Natoo,False,SUBSTANTIVE_MISMATCH,weQBrhEI6ro,29:57,,30,,,MISSING_IMAGE,,https://www.youtube.com/watch?v=weQBrhEI6ro
S2026E17,IN_SCOPE,,,False,,"LA BATTLE DES PAYS : on déguste les spécialités Argentines avec Bigflo et Oli March 12, 2026 56",LA BATTLE DES PAYS : on déguste les spécialités Argentines avec Bigflo et Oli,False,SUBSTANTIVE_MISMATCH,UWO8IzloiWA,56:28,,56,,,MISSING_IMAGE,,https://www.youtube.com/watch?v=UWO8IzloiWA
S2026E16,IN_SCOPE,,,False,,"Carlito a-t-il gagné le concours du cri de la mouette ? (Vlog invraisemblable à Dunkerque) March 10, 2026 49",Carlito a-t-il gagné le concours du cri de la mouette ? (Vlog invraisemblable à Dunkerque),False,SUBSTANTIVE_MISMATCH,UG-38gH0utw,48:48,,49,,,MISSING_IMAGE,,https://www.youtube.com/watch?v=UG-38gH0utw
S2026E15,IN_SCOPE,,,False,,"Patrick Fiori nous dépose des tartelettes dans le bec (vlog dingue aux Enfoirés) February 26, 2026 56",Patrick Fiori nous dépose des tartelettes dans le bec (vlog dingue aux Enfoirés),False,SUBSTANTIVE_MISMATCH,FslDkJKasXk,56:02,,56,,,MISSING_IMAGE,,https://www.youtube.com/watch?v=FslDkJKasXk
S2026E14,IN_SCOPE,,,False,,"On devine 24 confitures avec Paul Mirabel qui est peut-être le plus mauvais palais de la planète February 24, 2026 48",On devine 24 confitures avec Paul Mirabel qui est peut-être le plus mauvais palais de la planète,False,SUBSTANTIVE_MISMATCH,GasSau1EvAM,47:58,,48,,,MISSING_IMAGE,,https://www.youtube.com/watch?v=GasSau1EvAM
S2026E13,IN_SCOPE,,,False,,"On a réussi le château de cartes avec Vald ! (Un vrai bangZ la vidéo) February 19, 2026 66",On a réussi le château de cartes avec Vald ! (Un vrai bangZ la vidéo),False,SUBSTANTIVE_MISMATCH,djRJrLTGG-g,1:05:09,,65,,,MISSING_IMAGE,,https://www.youtube.com/watch?v=djRJrLTGG-g
S2026E12,IN_SCOPE,,,False,,"LA BATTLE DES PAYS : on déguste les spécialités Portugaises avec David Castello-Lopes February 17, 2026 50",LA BATTLE DES PAYS : on déguste les spécialités Portugaises avec David Castello-Lopes,False,SUBSTANTIVE_MISMATCH,TKEX4dZZFPs,50:26,,50,,,MISSING_IMAGE,,https://www.youtube.com/watch?v=TKEX4dZZFPs
S2026E11,IN_SCOPE,,,False,,"Quel couple se connaît le mieux ? Avec Erika et Tif ???? (y a TOUT dans cette vidéo) February 14, 2026 67",Quel couple se connaît le mieux ? Avec Erika et Tif 💜 (y’a TOUT dans cette vidéo),False,SUBSTANTIVE_MISMATCH,nbKXn_XtajY,1:07:25,,67,,,MISSING_IMAGE,,https://www.youtube.com/watch?v=nbKXn_XtajY
S2026E10,IN_SCOPE,,,False,,"À LA RECHERCHE DE BILL DU BIGDIL (on a eu accès à un secret bien gardé…) February 12, 2026 32",À LA RECHERCHE DE BILL DU BIGDIL (on a eu accès à un secret bien gardé…),False,SUBSTANTIVE_MISMATCH,DNjeF5q0a0I,31:40,,32,,,MISSING_IMAGE,,https://www.youtube.com/watch?v=DNjeF5q0a0I
S2026E09,IN_SCOPE,,,False,,"POST IT 2 IRL feat Jamel et Fifi (fous rires sur fous rires) February 6, 2026 66",POST IT 2 IRL feat Jamel et Fifi (fous rires sur fous rires),False,SUBSTANTIVE_MISMATCH,Hj6Mczt3zBE,1:05:58,,66,,,MISSING_IMAGE,,https://www.youtube.com/watch?v=Hj6Mczt3zBE
S2026E08,IN_SCOPE,,,False,,"La moins bonne vidéo de la chaîne ? (Mcfly et les autres ont détesté mais Carl a aimé) February 4, 2026 12",La moins bonne vidéo de la chaîne ? (Mcfly et les autres ont détesté mais Carl a aimé),False,SUBSTANTIVE_MISMATCH,tvy1uCKbZEc,12:22,,12,,,MISSING_IMAGE,,https://www.youtube.com/watch?v=tvy1uCKbZEc
S2026E07,IN_SCOPE,,,False,,"Reconnaîtra-t-on ces gens qui sont apparus sur notre chaîne ? (Et vous ? Vous les avez tous ?) January 29, 2026 46",Reconnaîtra-t-on ces gens qui sont apparus sur notre chaîne ? (Et vous ? Vous les avez tous ?),False,SUBSTANTIVE_MISMATCH,gyTeLGS9iKQ,45:58,,46,,,MISSING_IMAGE,,https://www.youtube.com/watch?v=gyTeLGS9iKQ
S2026E06,IN_SCOPE,,,False,,"LA BATTLE DES PAYS: on déguste les spécialités Roumaines avec @Cyprien January 22, 2026 40",LA BATTLE DES PAYS : on déguste les spécialités Roumaines avec @cyprien,False,SUBSTANTIVE_MISMATCH,NsV1GFRQWRY,39:53,,40,,,MISSING_IMAGE,,https://www.youtube.com/watch?v=NsV1GFRQWRY
S2026E05,IN_SCOPE,,,False,,"Bienvenue au royaume du CRINGE (react au pilote de notre 1ere émission) January 20, 2026 29",Bienvenue au royaume du CRINGE (react au pilote de notre 1ere émission),False,SUBSTANTIVE_MISMATCH,uoQFDnx4uqA,29:28,,29,,,MISSING_IMAGE,,https://www.youtube.com/watch?v=uoQFDnx4uqA
S2026E04,IN_SCOPE,,,False,,"On élit la meilleure poignée de porte avec Sid (la saga continue, c’est un bonheur) January 15, 2026 49","On élit la meilleure poignée de porte avec Sid (la saga continue, c’est un bonheur)",False,SUBSTANTIVE_MISMATCH,Vc8EcSPs_F8,49:30,,50,,,MISSING_IMAGE,,https://www.youtube.com/watch?v=Vc8EcSPs_F8
S2026E03,IN_SCOPE,,,False,,"D’accord donc maintenant ça nous envoie de la m**** January 13, 2026 58",D’accord donc maintenant ça nous envoie de la m****,False,SUBSTANTIVE_MISMATCH,6lMaw4fdCHI,58:30,,59,,,MISSING_IMAGE,,https://www.youtube.com/watch?v=6lMaw4fdCHI
S2026E02,IN_SCOPE,,,False,,"Riad Sattouf nous apprend à dessiner l’arabe du futur (avec une super discussion en prime) January 8, 2026 36",Riad Sattouf nous apprend à dessiner l’arabe du futur (avec une super discussion en prime),False,SUBSTANTIVE_MISMATCH,vPGTNbZ4QAk,36:00,,36,,,MISSING_IMAGE,,https://www.youtube.com/watch?v=vPGTNbZ4QAk
S2026E01,IN_SCOPE,,,False,,"On apprend une choré de K-Pop mais c'est peut-être trop sexy pour vous ? January 6, 2026 25",On apprend une choré de K-Pop mais c’est peut être trop sexy pour vous ?,False,SUBSTANTIVE_MISMATCH,rc4TS6Vw6d0,24:52,,25,,,MISSING_IMAGE,,https://www.youtube.com/watch?v=rc4TS6Vw6d0
S2025E86,IN_SCOPE,,,False,,On devine 31 sucettes avec ‪@Mastu‬ : 1h de bonheur,On devine 31 sucettes avec @Mastu  : 1h de bonheur,False,PUNCTUATION_EMOJI_EXACTNESS,gZx3yeM4eWA,1:06:15,,66,,season finale,MISSING_IMAGE,,https://www.youtube.com/watch?v=gZx3yeM4eWA
S2025E85,IN_SCOPE,,,False,,"On élit le meilleur grille-pain avec Sid et on est tombés sur le pire de tous les temps December 23, 2025 YouTube 49",On élit le meilleur grille-pain avec Sid et on est tombés sur le pire de tous les temps,False,SUBSTANTIVE_MISMATCH,Br9TkdWPLxg,49:02,,49,,,MISSING_IMAGE,,https://www.youtube.com/watch?v=Br9TkdWPLxg
S2025E84,IN_SCOPE,,,False,,"Mcfly VS Philippe Etchebest : Qui sera le meilleur goûteur ? (duel au sommet) December 19, 2025 YouTube 45",Mcfly VS Philippe Etchebest : Qui sera le meilleur goûteur ? (duel au sommet),False,SUBSTANTIVE_MISMATCH,zBIA4WlxBqQ,45:09,,45,,,MISSING_IMAGE,,https://www.youtube.com/watch?v=zBIA4WlxBqQ
S2025E83,IN_SCOPE,,,False,,"On regarde des TikTok sur nous et heureusement qu’on est pas susceptibles December 17, 2025 YouTube 22",On regarde des TikTok sur nous et heureusement qu’on est pas susceptibles,False,SUBSTANTIVE_MISMATCH,QIMh_wZt_h4,22:09,,22,,,MISSING_IMAGE,,https://www.youtube.com/watch?v=QIMh_wZt_h4
S2025E82,IN_SCOPE,,,False,,"On se fait des compliments. Les larmes sont pas loin… December 15, 2025 YouTube 23",On se fait des compliments. Les larmes sont pas loin…,False,SUBSTANTIVE_MISMATCH,6Z18iOQ2-aw,22:44,,23,,,MISSING_IMAGE,,https://www.youtube.com/watch?v=6Z18iOQ2-aw
S2025E81,IN_SCOPE,,,False,,"On se redit nos 4 vérités (heureusement qu’il y a Paola cette fois) December 11, 2025 YouTube 56",On se redit nos 4 vérités (heureusement qu’il y a Paola cette fois),False,SUBSTANTIVE_MISMATCH,ekTGpnevzKI,55:57,,56,,,MISSING_IMAGE,,https://www.youtube.com/watch?v=ekTGpnevzKI
S2025E80,IN_SCOPE,,,False,,"On élit le meilleur croissant de Paris avec Cocottee December 9, 2025 YouTube 41",On élit le meilleur croissant de Paris avec Cocottee,False,SUBSTANTIVE_MISMATCH,2F0f6vQlnBw,41:03,,41,,,MISSING_IMAGE,,https://www.youtube.com/watch?v=2F0f6vQlnBw
S2025E79,IN_SCOPE,,,False,,"Faites nous rire avec @Joyca  et le moment de la farine quel bonheur December 5, 2025 YouTube 49",Faites nous rire avec @Joyca  et le moment de la farine quel bonheur,False,SUBSTANTIVE_MISMATCH,vEFr0pHXxYc,49:13,,49,,,MISSING_IMAGE,,https://www.youtube.com/watch?v=vEFr0pHXxYc
S2025E78,IN_SCOPE,,,False,,"⁠On devine 28 soupes et Léopold prétend être plus fort que Carlito November 30, 2025 YouTube 43",⁠On devine 28 soupes et Léopold prétend être plus fort que Carlito,False,SUBSTANTIVE_MISMATCH,X9bXRO7kNZ0,43:13,,43,,,MISSING_IMAGE,,https://www.youtube.com/watch?v=X9bXRO7kNZ0
S2025E77,IN_SCOPE,,,False,,"RAP & METAL feat DISIZ (et la pire ouverture pokémon de Youtube) November 27, 2025 YouTube 45",RAP & METAL feat DISIZ (et la pire ouverture pokémon de Youtube),False,SUBSTANTIVE_MISMATCH,WJfJwkm-Zgk,45:17,,45,,,MISSING_IMAGE,,https://www.youtube.com/watch?v=WJfJwkm-Zgk
S2025E76,IN_SCOPE,,,False,,"Byilhann peut-il battre un guépard à mains nues ? (Débats dans le van direction Pictionnagrue) November 25, 2025 YouTube 37",Byilhann peut-il battre un guépard à mains nues ? (Débats dans le van direction Pictionnagrue),False,SUBSTANTIVE_MISMATCH,o9EhQ7IdTyw,36:50,,37,,,MISSING_IMAGE,,https://www.youtube.com/watch?v=o9EhQ7IdTyw
S2025E75,IN_SCOPE,,,False,,"PICTIONNAGRUE FEAT NICO ET BYILHANN (Mcfly a vite regretté son idée) November 23, 2025 YouTube 46",PICTIONNAGRUE FEAT NICO ET BYILHANN (Mcfly a vite regretté son idée),False,SUBSTANTIVE_MISMATCH,xeW3Xx_6V_M,45:54,,46,,,MISSING_IMAGE,,https://www.youtube.com/watch?v=xeW3Xx_6V_M
S2025E74,IN_SCOPE,,,False,,"Dans le plus grand marché d'Europe avec Xavier Pincemin (Carlito confond la banane et la courgette) November 20, 2025 YouTube 61",Dans le plus grand marché d'Europe avec Xavier Pincemin (Carlito confond la banane et la courgette),False,SUBSTANTIVE_MISMATCH,zTdoOpDto0w,1:00:41,,61,,,MISSING_IMAGE,,https://www.youtube.com/watch?v=zTdoOpDto0w
S2025E73,IN_SCOPE,,,False,,"LA BATTLE DES PAYS : on déguste les spécialités Coréennes avec Miki November 18, 2025 YouTube 34",LA BATTLE DES PAYS : on déguste les spécialités Coréennes avec Miki,False,SUBSTANTIVE_MISMATCH,aIvJAQNexlM,33:58,,34,,,MISSING_IMAGE,,https://www.youtube.com/watch?v=aIvJAQNexlM
S2025E72,IN_SCOPE,,,False,,"On emmène Sacha manger son plat préféré ! (Vlog émotions + rires) November 13, 2025 YouTube 55",On emmène Sacha manger son plat préféré ! (Vlog émotions + rires),False,SUBSTANTIVE_MISMATCH,BnYUl6zA8lU,55:12,,55,,,MISSING_IMAGE,,https://www.youtube.com/watch?v=BnYUl6zA8lU
S2025E71,IN_SCOPE,,,False,,"Qui de nous 2 connaît le mieux la chaîne ? (1 seconde pour deviner la vidéo) November 11, 2025 YouTube 32",Qui de nous 2 connaît le mieux la chaîne ? (1 seconde pour deviner la vidéo),False,SUBSTANTIVE_MISMATCH,8tbgkfEeBgI,31:51,,32,,,MISSING_IMAGE,,https://www.youtube.com/watch?v=8tbgkfEeBgI
S2025E70,IN_SCOPE,,,False,,"LE RETOUR DU MEILLEUR JEU EN VOITURE #11 feat. Thomas Deseur November 6, 2025 YouTube 34",LE RETOUR DU MEILLEUR JEU EN VOITURE #11 feat. Thomas Deseur,False,SUBSTANTIVE_MISMATCH,qhlb6_95TCY,34:10,,34,,,MISSING_IMAGE,,https://www.youtube.com/watch?v=qhlb6_95TCY
S2025E69,IN_SCOPE,,,False,,"On a retrouvé l’escroc qui a utilisé le visage de Mcfly ! November 4, 2025 YouTube 33",On a retrouvé l’escroc qui a utilisé le visage de Mcfly !,False,SUBSTANTIVE_MISMATCH,gmAPjFx-Em8,32:12,,32,,,MISSING_IMAGE,,https://www.youtube.com/watch?v=gmAPjFx-Em8
S2025E68,IN_SCOPE,,,False,,"On déguste des plats cultes de films avec Alexandre Astier (TANIA OUVRE UN RESTO STP) October 23, 2025 YouTube 50",On déguste des plats cultes de films avec Alexandre Astier (TANIA OUVRE UN RESTO STP),False,SUBSTANTIVE_MISMATCH,04E0ARw19to,50:23,,50,,,MISSING_IMAGE,,https://www.youtube.com/watch?v=04E0ARw19to
S2025E67,IN_SCOPE,,,False,,"Pour briller en société, Nota Bene nous explique l’origine de ces expressions françaises. October 21, 2025 YouTube 28","Pour briller en société, Nota Bene nous explique l’origine de ces expressions françaises.",False,SUBSTANTIVE_MISMATCH,LFpCrzicmEY,28:28,,28,,,MISSING_IMAGE,,https://www.youtube.com/watch?v=LFpCrzicmEY
S2025E66,IN_SCOPE,,,False,,"26 céréales feat Florent Bernard et le glucose. October 16, 2025 YouTube 56",26 céréales feat Florent Bernard et le glucose.,False,SUBSTANTIVE_MISMATCH,HjHAMkGmW24,56:27,,56,,,MISSING_IMAGE,,https://www.youtube.com/watch?v=HjHAMkGmW24
S2025E65,IN_SCOPE,,,False,,"Dans la peau d'un conducteur poids lourd (galette moi saucisse) October 14, 2025 YouTube 47",Dans la peau d’un conducteur poids lourd (galette moi saucisse),False,SUBSTANTIVE_MISMATCH,8zbUwRC1Tgc,47:12,,47,,,MISSING_IMAGE,,https://www.youtube.com/watch?v=8zbUwRC1Tgc
S2025E64,IN_SCOPE,,,False,,"Les rencontrent de chiens #2 feat Max Biaggi, Styleto, Kyan, Melha et Tony October 10, 2025 YouTube 38","Les rencontrent de chiens #2 feat Max Biaggi, Styleto, Kyan, Melha et Tony",False,SUBSTANTIVE_MISMATCH,OpL4AgLW_vc,38:20,,38,,,MISSING_IMAGE,,https://www.youtube.com/watch?v=OpL4AgLW_vc
S2025E63,IN_SCOPE,,,False,,"On découvre le darkweb (âmes sensibles s’abstenir) October 8, 2025 YouTube 26",On découvre le darkweb (âmes sensibles s’abstenir),False,SUBSTANTIVE_MISMATCH,uM3DQpL8OLM,26:09,,26,,,MISSING_IMAGE,,https://www.youtube.com/watch?v=uM3DQpL8OLM
S2025E62,IN_SCOPE,,,False,,"On apprend les bonnes manières à table car on mange comme des gorets October 6, 2025 YouTube 35",On apprend les bonnes manières à table car on mange comme des gorets,False,SUBSTANTIVE_MISMATCH,sWtjnwMbEVU,34:55,,35,,,MISSING_IMAGE,,https://www.youtube.com/watch?v=sWtjnwMbEVU
S2025E61,IN_SCOPE,,,False,,"LA BATTLE DES PAYS : On déguste les spécialités tunisiennes avec Hakim Jemili October 2, 2025 YouTube 35",LA BATTLE DES PAYS : On déguste les spécialités tunisiennes avec Hakim Jemili,False,SUBSTANTIVE_MISMATCH,rw2hicFj_U4,35:23,,35,,,MISSING_IMAGE,,https://www.youtube.com/watch?v=rw2hicFj_U4
S2025E60,IN_SCOPE,,,False,,"Échange fascinant autour des sneakers avec ‪@CaminoTV‬ September 30, 2025 YouTube 33",Échange fascinant autour des sneakers avec @CaminoTV,False,SUBSTANTIVE_MISMATCH,1hhELGv4juQ,33:13,,33,,,MISSING_IMAGE,,https://www.youtube.com/watch?v=1hhELGv4juQ
S2025E59,IN_SCOPE,,,False,,"LA BATTLE DES PAYS : on déguste les spécialités brésiliennes avec une incroyable Cristina Córdula September 25, 2025 YouTube 46",LA BATTLE DES PAYS : on déguste les spécialités brésiliennes avec une incroyable Cristina Córdula,False,SUBSTANTIVE_MISMATCH,fyfQ-uZlIxs,45:45,,46,,,MISSING_IMAGE,,https://www.youtube.com/watch?v=fyfQ-uZlIxs
S2025E57,IN_SCOPE,,,False,,"PAINBALL : si t'es pas honnête, tu souffres #4 feat un Michou en grande forme September 18, 2025 YouTube 51","PAINBALL : si t’es pas honnête, tu souffres #4 feat un Michou en grande forme",False,SUBSTANTIVE_MISMATCH,MrJkXOhoW4M,51:33,,52,,,MISSING_IMAGE,,https://www.youtube.com/watch?v=MrJkXOhoW4M
S2025E56,IN_SCOPE,,,False,,"On découvre le tricot (la plus grosse vidéo de notre chaîne) September 16, 2025 YouTube 24",On découvre le tricot (la plus grosse vidéo de notre chaîne),False,SUBSTANTIVE_MISMATCH,m675VsUf09E,23:44,,24,,,MISSING_IMAGE,,https://www.youtube.com/watch?v=m675VsUf09E
S2025E55,IN_SCOPE,,,False,,"Au revoir Maman September 7, 2025 YouTube 75",Au revoir Maman,False,SUBSTANTIVE_MISMATCH,H524G4OIPxw,1:15:00,,75,,,MISSING_IMAGE,,https://www.youtube.com/watch?v=H524G4OIPxw
S2025E54,IN_SCOPE,,,False,,MÉLI-MÉLO 4 (tout simplement),MÉLI-MÉLO 4 (tout simplement),True,OK,LvPzscrOVdc,1:48:51,,109,,mid-season finale,MISSING_IMAGE,,https://www.youtube.com/watch?v=LvPzscrOVdc
S2025E53,IN_SCOPE,,,False,,"Nos abonnés viennent dans le studio donner leur avis sur la saison July 22, 2025 55",Nos abonnés viennent dans le studio donner leur avis sur la saison,False,SUBSTANTIVE_MISMATCH,KyskVYkvSuQ,55:29,,55,,,MISSING_IMAGE,,https://www.youtube.com/watch?v=KyskVYkvSuQ
S2025E52,IN_SCOPE,,,False,,"On s’achète des fringues et avec le recul on est toujours aussi nuls en style ! July 17, 2025 28",On s’achète des fringues et avec le recul on est toujours aussi nuls en style !,False,SUBSTANTIVE_MISMATCH,-cwjzmsrVV0,27:38,,28,,,MISSING_IMAGE,,https://www.youtube.com/watch?v=-cwjzmsrVV0
S2025E51,IN_SCOPE,,,False,,"SERREZ BIEN MADAME (incroyable vlog à Europa Park avec Artus) July 10, 2025 73",SERREZ BIEN MADAME (incroyable vlog à Europa-Park avec Artus),False,SUBSTANTIVE_MISMATCH,a4HomdlU3u0,1:13:34,,74,,,MISSING_IMAGE,,https://www.youtube.com/watch?v=a4HomdlU3u0
S2025E50,IN_SCOPE,,,False,,"Qui connaît le mieux l’autre ? July 8, 2025 36",Qui connaît le mieux l’autre ?,False,SUBSTANTIVE_MISMATCH,JmPnqHjU8vE,36:10,,36,,,MISSING_IMAGE,,https://www.youtube.com/watch?v=JmPnqHjU8vE
S2025E49,IN_SCOPE,,,False,,"On élit le meilleur jambon beurre de Paris avec Gurky (qui n’en a jamais mangé) July 3, 2025 40",On élit le meilleur jambon beurre de Paris avec Gurky (qui n’en a jamais mangé),False,SUBSTANTIVE_MISMATCH,7toRk_zkUSQ,39:32,,40,,,MISSING_IMAGE,,https://www.youtube.com/watch?v=7toRk_zkUSQ
S2025E48,IN_SCOPE,,,False,,"Les pires anecdates de nos abonnés feat Adèle Castillon July 1, 2025 41",Les pires anecdates de nos abonnés feat Adèle Castillon,False,SUBSTANTIVE_MISMATCH,RvSV_RUpovo,41:03,,41,,,MISSING_IMAGE,,https://www.youtube.com/watch?v=RvSV_RUpovo
S2025E47,IN_SCOPE,,,False,,"4 humoristes brillants pour notre 2ème émission stand up (l’absurde au sommet) June 26, 2025 71",4 humoristes brillants pour notre 2ème émission stand up (l’absurde au sommet),False,SUBSTANTIVE_MISMATCH,cm_J0Aqomso,1:11:35,,72,,,MISSING_IMAGE,,https://www.youtube.com/watch?v=cm_J0Aqomso
S2025E46,IN_SCOPE,,,False,,"POV: t'es Mcfly et Carlito June 24, 2025 28",POV : t'es Mcfly et Carlito,False,SUBSTANTIVE_MISMATCH,GOMccCnO9_U,28:01,,28,,,MISSING_IMAGE,,https://www.youtube.com/watch?v=GOMccCnO9_U
S2025E45,IN_SCOPE,,,False,,"On devine 72 fruits et légumes (Maxence n’a pas reconnu la fraise…) June 17, 2025 60",On devine 72 fruits et légumes (Maxence n’a pas reconnu la fraise…),False,SUBSTANTIVE_MISMATCH,gEqv9CBc8NA,59:54,,60,,,MISSING_IMAGE,,https://www.youtube.com/watch?v=gEqv9CBc8NA
S2025E44,IN_SCOPE,,,False,,"LA BATTLE DES PAYS : on déguste les spécialités Algériennes avec Inox (qui mange JAMAIS de légumes) June 14, 2025 48",LA BATTLE DES PAYS : on déguste les spécialités Algériennes avec Inox (qui mange JAMAIS de légumes),False,SUBSTANTIVE_MISMATCH,dxUzTxNDL18,47:46,,48,,,MISSING_IMAGE,,https://www.youtube.com/watch?v=dxUzTxNDL18
S2025E43,IN_SCOPE,,,False,,"On se dit nos 4 vérités (ça commence gentiment mais après...) June 10, 2025 40",On se dit nos 4 vérités (ça commence gentiment mais après...),False,SUBSTANTIVE_MISMATCH,-K7mB638rjA,39:58,,40,,,MISSING_IMAGE,,https://www.youtube.com/watch?v=-K7mB638rjA
S2025E42,IN_SCOPE,,,False,,"29 pots de bébé avec Amixem et Thomas (Max t’as triché nan ?) June 5, 2025 45",29 pots de bébé avec Amixem et Thomas (Max t’as triché nan ?),False,SUBSTANTIVE_MISMATCH,xDI-73OIZmo,45:26,,45,,,MISSING_IMAGE,,https://www.youtube.com/watch?v=xDI-73OIZmo
S2025E41,IN_SCOPE,,,False,,"On élit la meilleure télécommande feat Djilsi May 29, 2025 30",On élit la meilleure télécommande feat Djilsi,False,SUBSTANTIVE_MISMATCH,9S94GLtlvkM,30:18,,30,,,MISSING_IMAGE,,https://www.youtube.com/watch?v=9S94GLtlvkM
S2025E40,IN_SCOPE,,,False,,"Imaginez qu’on vous laisse libre accès à notre studio… voici le résultat ! May 27, 2025 40",Imaginez qu’on vous laisse libre accès à notre studio… voici le résultat !,False,SUBSTANTIVE_MISMATCH,D28_QF_ar5s,40:12,,40,,,MISSING_IMAGE,,https://www.youtube.com/watch?v=D28_QF_ar5s
S2025E39,IN_SCOPE,,,False,,"Dégustation de boissons naturelles (que c’est bon de retrouver le Squeezos) May 22, 2025 47",Dégustation de boissons naturelles (que c’est bon de retrouver le Squeezos),False,SUBSTANTIVE_MISMATCH,uTr-ZaJF0U0,46:55,,47,,,MISSING_IMAGE,,https://www.youtube.com/watch?v=uTr-ZaJF0U0
S2025E38,IN_SCOPE,,,False,,"On réagit au Met Gala car nous sommes des experts de la mode May 20, 2025 28",On réagit au Met Gala car nous sommes des experts de la mode,False,SUBSTANTIVE_MISMATCH,7cdgdinfNnI,28:21,,28,,,MISSING_IMAGE,,https://www.youtube.com/watch?v=7cdgdinfNnI
S2025E37,IN_SCOPE,,,False,,"2 min pour retenir la recette de la tarte aux citrons et la cuisiner pour Nina Métayer May 15, 2025 36",2 min pour retenir la recette de la tarte aux citrons et la cuisiner pour Nina Métayer,False,SUBSTANTIVE_MISMATCH,4ff3VaJWv6M,36:26,,36,,,MISSING_IMAGE,,https://www.youtube.com/watch?v=4ff3VaJWv6M
S2025E36,IN_SCOPE,,,False,,"On doit deviner ces tubes version metal feat Léopold et Elian May 13, 2025 36",On doit deviner ces tubes version metal feat Léopold et Elian,False,SUBSTANTIVE_MISMATCH,90uBx91LC1E,36:04,,36,,,MISSING_IMAGE,,https://www.youtube.com/watch?v=90uBx91LC1E
S2025E35,IN_SCOPE,,,False,,"On découvre la skincare grâce à Gaëlle et on rajeunit de 15 ans (oui j'exagère) May 8, 2025 29",On découvre la skincare grâce à Gaëlle et on rajeunit de 15 ans (oui j'exagère),False,SUBSTANTIVE_MISMATCH,BYdsJFxZQ0Y,28:59,,29,,,MISSING_IMAGE,,https://www.youtube.com/watch?v=BYdsJFxZQ0Y
S2025E34,IN_SCOPE,,,False,,"Popular Popinion 2 : Freddy trouve que les sabres Star Wars sont nazes May 6, 2025 30",Popular Popinion 2 : Freddy trouve que les sabres Star Wars sont nazes,False,SUBSTANTIVE_MISMATCH,UciQvPumB5E,29:50,,30,,,MISSING_IMAGE,,https://www.youtube.com/watch?v=UciQvPumB5E
S2025E33,IN_SCOPE,,,False,,"On devine 45 saveurs de chocolats avec Natoo et c’était peut être la plus hard des déguvinettes May 2, 2025 58",On devine 45 saveurs de chocolats avec Natoo et c’était peut être la plus hard des déguvinettes,False,SUBSTANTIVE_MISMATCH,dz7EYmql39Y,57:43,,58,,,MISSING_IMAGE,,https://www.youtube.com/watch?v=dz7EYmql39Y
S2025E32,IN_SCOPE,,,False,,"On devait juste deviner les Youtubers et ça a donné le plus gros projet de l’année April 30, 2025 19",On devait juste deviner les Youtubers et ça a donné le plus gros projet de l’année,False,SUBSTANTIVE_MISMATCH,1JS-EV3hYAQ,19:26,,19,,,MISSING_IMAGE,,https://www.youtube.com/watch?v=1JS-EV3hYAQ
S2025E31,IN_SCOPE,,,False,,"MCFLY VERSUS BENEDICTA : Duel au sommet de la sauce rouille April 28, 2025 31",MCFLY VERSUS BENEDICTA : Duel au sommet de la sauce rouille,False,SUBSTANTIVE_MISMATCH,18G7UNy-OiQ,31:24,,31,,,MISSING_IMAGE,,https://www.youtube.com/watch?v=18G7UNy-OiQ
S2025E30,IN_SCOPE,,,False,,"Les rencontrent de chiens feat Tony, Maghla, Sefy, Natoo et Michou April 22, 2025 35","Les rencontrent de chiens feat Tony, Maghla, Sefy, Natoo et Michou",False,SUBSTANTIVE_MISMATCH,Wkmq2r4WKik,35:08,,35,,,MISSING_IMAGE,,https://www.youtube.com/watch?v=Wkmq2r4WKik
S2025E29,IN_SCOPE,,,False,,"Comment réagir en cas d’agression ? Djihene nous explique tout et nous démonte la gueule au passage April 17, 2025 35",Comment réagir en cas d’agression ? Djihene nous explique tout et nous démonte la gueule au passage,False,SUBSTANTIVE_MISMATCH,opD958okOY8,35:25,,35,,,MISSING_IMAGE,,https://www.youtube.com/watch?v=opD958okOY8
S2025E28,IN_SCOPE,,,False,,"Will Ramos nous apprend à faire un scream métal ! Vous allez avoir envie de crier ! April 15, 2025 30",Will Ramos nous apprend à faire un scream métal ! Vous allez avoir envie de crier !,False,SUBSTANTIVE_MISMATCH,gm6djG-u36U,29:56,,30,,,MISSING_IMAGE,,https://www.youtube.com/watch?v=gm6djG-u36U
S2025E27,IN_SCOPE,,,False,,"Du rire, Dedienne et des cartes April 11, 2025 47","Du rire, Dedienne et des cartes",False,SUBSTANTIVE_MISMATCH,c7CD45bphEk,47:15,,47,,,MISSING_IMAGE,,https://www.youtube.com/watch?v=c7CD45bphEk
S2025E26,IN_SCOPE,,,False,,"Quelle est la meilleure des pizzas surgelées ? April 9, 2025 28",Quelle est la meilleure des pizzas surgelées ?,False,SUBSTANTIVE_MISMATCH,CEqT672TVmU,28:06,,28,,,MISSING_IMAGE,,https://www.youtube.com/watch?v=CEqT672TVmU
S2025E25,IN_SCOPE,,,False,,"Ces scènes de films qui nous ont traumatisés #2 (plus gore que le 1er épisode) April 7, 2025 21",Ces scènes de films qui nous ont traumatisés #2 (plus gore que le 1er épisode),False,SUBSTANTIVE_MISMATCH,GwJJlUAPyH8,21:02,,21,,,MISSING_IMAGE,,https://www.youtube.com/watch?v=GwJJlUAPyH8
S2025E24,IN_SCOPE,,,False,,"RAP vs METAL #2 feat Vald (Gazo ne regarde pas cette vidéo stp) April 3, 2025 48",RAP vs METAL #2 feat Vald (Gazo ne regarde pas cette vidéo stp),False,SUBSTANTIVE_MISMATCH,nZ48cR6FUwE,48:18,,48,,,MISSING_IMAGE,,https://www.youtube.com/watch?v=nZ48cR6FUwE
S2025E23,IN_SCOPE,,,False,,"On refait une diode électroluminescente comme au collège et devinez quoi ? Le prof préfère Mcfly. March 31, 2025 21",On refait une diode électroluminescente comme au collège et devinez quoi ? Le prof préfère Mcfly.,False,SUBSTANTIVE_MISMATCH,rKqQBbL4TZA,21:36,,22,,,MISSING_IMAGE,,https://www.youtube.com/watch?v=rKqQBbL4TZA
S2025E22,IN_SCOPE,,,False,,"Yvick est le plus drôle. Et le plus nul en château de cartes. Mais le plus drôle. March 27, 2025 56",Yvick est le plus drôle. Et le plus nul en château de cartes. Mais le plus drôle.,False,SUBSTANTIVE_MISMATCH,WeR0FsUCrS8,56:17,,56,,,MISSING_IMAGE,,https://www.youtube.com/watch?v=WeR0FsUCrS8
S2025E21,IN_SCOPE,,,False,,"On rompt le jeûne, on parle d’amour, de culture, de religion, et on prend 4 kilos March 24, 2025 32","On rompt le jeûne, on parle d’amour, de culture, de religion, et on prend 4 kilos",False,SUBSTANTIVE_MISMATCH,aszUD6K9oG4,31:25,,31,,,MISSING_IMAGE,,https://www.youtube.com/watch?v=aszUD6K9oG4
S2025E20,IN_SCOPE,,,False,,"On devine 34 yaourts et ça y est !!! CARLITO A SURPASSÉ MCFLY ! March 20, 2025 42",On devine 34 yaourts et ça y est !!! CARLITO A SURPASSÉ MCFLY !,False,SUBSTANTIVE_MISMATCH,e0ONMCl7kAA,42:33,,43,,,MISSING_IMAGE,,https://www.youtube.com/watch?v=e0ONMCl7kAA
S2025E19,IN_SCOPE,,,False,,"Immersion à la FAC : on découvre ce que vivent les étudiants March 18, 2025 37",Immersion à la FAC : on découvre ce que vivent les étudiants,False,SUBSTANTIVE_MISMATCH,tDxkr8JoWd4,37:10,,37,,,MISSING_IMAGE,,https://www.youtube.com/watch?v=tDxkr8JoWd4
S2025E18,IN_SCOPE,,,False,,"Les pires anecdotes de nos abonnés feat Melha Bedia March 14, 2025 50",Les pires anecdotes de nos abonnés feat Melha Bedia,False,SUBSTANTIVE_MISMATCH,cUE69-FeIwc,49:49,,50,,,MISSING_IMAGE,,https://www.youtube.com/watch?v=cUE69-FeIwc
S2025E17,IN_SCOPE,,,False,,"La vidéo s’arrête si l’un de nous rigole #4 March 12, 2025 1",La vidéo s’arrête si l’un de nous rigole #4,False,SUBSTANTIVE_MISMATCH,-pgNlvo4f8U,1:13,,1,,,MISSING_IMAGE,,https://www.youtube.com/watch?v=-pgNlvo4f8U
S2025E16,IN_SCOPE,,,False,,"PAINBALL : si t’es pas honnête, tu souffres #3 feat Cocottee March 10, 2025 32","PAINBALL : si t’es pas honnête, tu souffres #3 feat Cocottee",False,SUBSTANTIVE_MISMATCH,D5dkaECJZc0,31:37,,32,,,MISSING_IMAGE,,https://www.youtube.com/watch?v=D5dkaECJZc0
S2025E15,IN_SCOPE,,,False,,"Je sors mon album solo et j'ai peur March 7, 2025 37",Je sors mon album solo et j’ai peur,False,SUBSTANTIVE_MISMATCH,9jCxa1E9Jws,37:26,,37,,,MISSING_IMAGE,,https://www.youtube.com/watch?v=9jCxa1E9Jws
S2025E14,IN_SCOPE,,,False,,"RAP vs METAL, on écoute des sons et se balade en voiture feat SDM March 4, 2025 48","RAP vs METAL, on écoute des sons et se balade en voiture feat SDM",False,SUBSTANTIVE_MISMATCH,DNpBIW1uE4Q,47:50,,48,,,MISSING_IMAGE,,https://www.youtube.com/watch?v=DNpBIW1uE4Q
S2025E13,IN_SCOPE,,,False,,"Mcfly a battu le champion du monde… ça n’a aucun sens… February 27, 2025 23",Mcfly a battu le champion du monde… ça n’a aucun sens…,False,SUBSTANTIVE_MISMATCH,Rurtitk1aW0,23:09,,23,,,MISSING_IMAGE,,https://www.youtube.com/watch?v=Rurtitk1aW0
S2025E12,IN_SCOPE,,,False,,"LA BATTLE DES PAYS : on déguste les spécialités iraniennes avec Kyan Khojandi February 25, 2025 41",LA BATTLE DES PAYS : on déguste les spécialités iraniennes avec Kyan Khojandi,False,SUBSTANTIVE_MISMATCH,uxI9q3P4R1w,41:21,,41,,,MISSING_IMAGE,,https://www.youtube.com/watch?v=uxI9q3P4R1w
S2025E11,IN_SCOPE,,,False,,"On réécoute nos groupes de lycée et on se demande lequel vous allez préférer February 12, 2025 27",On réécoute nos groupes de lycée et on se demande lequel vous allez préférer,False,SUBSTANTIVE_MISMATCH,nooeFxtesYo,26:56,,27,,,MISSING_IMAGE,,https://www.youtube.com/watch?v=nooeFxtesYo
S2025E10,IN_SCOPE,,,False,,"Mcfly VS Cyril Lignac : Qui sera le meilleur goûteur ? (Duel épique) February 10, 2025 38",Mcfly VS Cyril Lignac : Qui sera le meilleur goûteur ? (Duel épique),False,SUBSTANTIVE_MISMATCH,hb6rPa7F0sU,38:30,,39,,,MISSING_IMAGE,,https://www.youtube.com/watch?v=hb6rPa7F0sU
S2025E09,IN_SCOPE,,,False,,"On juge le frigo des abonnés (et Mcfly subtilise sans cesse un aliment) February 3, 2025 34",On juge le frigo des abonnés (et Mcfly subtilise sans cesse un aliment),False,SUBSTANTIVE_MISMATCH,x32tDNFJa6s,33:49,,34,,,MISSING_IMAGE,,https://www.youtube.com/watch?v=x32tDNFJa6s
S2025E08,IN_SCOPE,,,False,,"Des étrangers regardent notre contenu (est-ce qu'on les fait rire ?) January 30, 2025 30",Des étrangers regardent notre contenu (est-ce qu'on les fait rire ?),False,SUBSTANTIVE_MISMATCH,jUB47xiDv4E,30:27,,30,,,MISSING_IMAGE,,https://www.youtube.com/watch?v=jUB47xiDv4E
S2025E07,IN_SCOPE,,,False,,"Il a mis son quoi ? (Anniversaire 10 ans) January 28, 2025 6",Il a mis son quoi ? (Anniversaire 10 ans),False,SUBSTANTIVE_MISMATCH,h8EKoh1EluI,6:28,,6,,,MISSING_IMAGE,,https://www.youtube.com/watch?v=h8EKoh1EluI
S2025E06,IN_SCOPE,,,False,,"On découvre les gestes qui peuvent sauver une vie January 24, 2025 39",On découvre les gestes qui peuvent sauver une vie,False,SUBSTANTIVE_MISMATCH,-b80wdE9KVE,38:36,,39,,,MISSING_IMAGE,,https://www.youtube.com/watch?v=-b80wdE9KVE
S2025E05,IN_SCOPE,,,False,,"On devine 27 apéricubes et Carlito a battu Mcfly ! NON BIEN ENTENDU January 21, 2025 40",On devine 27 apéricubes et Carlito a battu Mcfly ! NON BIEN ENTENDU,False,SUBSTANTIVE_MISMATCH,3hpCXchPy68,40:07,,40,,,MISSING_IMAGE,,https://www.youtube.com/watch?v=3hpCXchPy68
S2025E04,IN_SCOPE,,,False,,"Bien entendu qu'on déguste des galettes et qu'on adore ça January 16, 2025 22",Bien entendu qu’on déguste des galettes et qu’on adore ça,False,SUBSTANTIVE_MISMATCH,k5O8cgUVpAA,22:33,,23,,,MISSING_IMAGE,,https://www.youtube.com/watch?v=k5O8cgUVpAA
S2025E03,IN_SCOPE,,,False,,"Ces scènes de cinéma qui nous ont traumatisés avec Maghla, Florent et Thomas Deseur January 14, 2025 28","Ces scènes de cinéma qui nous ont traumatisés avec Maghla, Florent et Thomas Deseur",False,SUBSTANTIVE_MISMATCH,QFUEiUeHw6M,27:54,,28,,,MISSING_IMAGE,,https://www.youtube.com/watch?v=QFUEiUeHw6M
S2025E02,IN_SCOPE,,,False,,"On devine 29 saucissons et Elian a proposé « saucisson à la charcuterie » January 9, 2025 43",On devine 29 saucissons et Elian a proposé « saucisson à la charcuterie »,False,SUBSTANTIVE_MISMATCH,308bUl1V-vs,42:33,,43,,,MISSING_IMAGE,,https://www.youtube.com/watch?v=308bUl1V-vs
S2025E01,IN_SCOPE,,,False,,"On élit les nouveaux commentaires du mur des haters January 7, 2025 18",On élit les nouveaux commentaires du mur des haters,False,SUBSTANTIVE_MISMATCH,0s06dX8vVrk,18:32,,19,,,MISSING_IMAGE,,https://www.youtube.com/watch?v=0s06dX8vVrk
S2024E100,IN_SCOPE,,,False,,"On réalise les rêves de Sacha, le frère de David","On réalise les rêves de Sacha, le frère de David",True,OK,GCfm_ga_mNc,54:42,,55,,season finale,MISSING_IMAGE,,https://www.youtube.com/watch?v=GCfm_ga_mNc
S2024E99,IN_SCOPE,,,False,,"Pète-t-on trop dans nos vidéos ? Débat sérieux et mature December 27, 2024 YouTube 20",Pète-t-on trop dans nos vidéos ? Débat sérieux et mature,False,SUBSTANTIVE_MISMATCH,E89F9-SYc9o,19:42,,20,,,MISSING_IMAGE,,https://www.youtube.com/watch?v=E89F9-SYc9o
S2024E98,IN_SCOPE,,,False,,"On appelle des gens au hasard avec Maxime Biaggi et c'est incroyable bon sang December 24, 2024 YouTube 54",On appelle des gens au hasard avec Maxime Biaggi et c'est incroyable bon sang,False,SUBSTANTIVE_MISMATCH,nm0BblIifOg,54:23,,54,,,MISSING_IMAGE,,https://www.youtube.com/watch?v=nm0BblIifOg
S2024E97,IN_SCOPE,,,False,,"BLINDTEST DES SYNONYMES 4 feat CLARA LUCIANI & JULIEN DORÉ December 21, 2024 YouTube 29",BLINDTEST DES SYNONYMES 4 feat CLARA LUCIANI & JULIEN DORÉ,False,SUBSTANTIVE_MISMATCH,6E5t4V1kpgw,28:39,,29,,,MISSING_IMAGE,,https://www.youtube.com/watch?v=6E5t4V1kpgw
S2024E96,IN_SCOPE,,,False,,"On regarde des TikTok sur nous car on vit pour les caméras December 19, 2024 YouTube 26",On regarde des TikTok sur nous car on vit pour les caméras,False,SUBSTANTIVE_MISMATCH,lJyU4gDliKg,25:58,,26,,,MISSING_IMAGE,,https://www.youtube.com/watch?v=lJyU4gDliKg
S2024E95,IN_SCOPE,,,False,,"84 odeurs à deviner. Mcfly génie du jeu. Carlito et Florent ont le mérite d’être là. December 17, 2024 YouTube 58",84 odeurs à deviner. Mcfly génie du jeu. Carlito et Florent ont le mérite d’être là.,False,SUBSTANTIVE_MISMATCH,uJKgW5dtov8,57:50,,58,,,MISSING_IMAGE,,https://www.youtube.com/watch?v=uJKgW5dtov8
S2024E94,IN_SCOPE,,,False,,"La battle des spécialités régionales #4 (avec un Artus génial) December 15, 2024 YouTube 40",La Battle des spécialités régionales #4 (avec un Artus génial),False,SUBSTANTIVE_MISMATCH,Muc5DwOIy2w,40:13,,40,,,MISSING_IMAGE,,https://www.youtube.com/watch?v=Muc5DwOIy2w
S2024E93,IN_SCOPE,,,False,,"C’est de la m*rde cette ouverture Pokémon ne cliquez pas ! December 12, 2024 YouTube 16",C’est de la m*rde cette ouverture Pokémon ne cliquez pas !,False,SUBSTANTIVE_MISMATCH,UNnFNKAhiec,16:32,,17,,,MISSING_IMAGE,,https://www.youtube.com/watch?v=UNnFNKAhiec
S2024E92,IN_SCOPE,,,False,,"Y’a deux génies dans cette vidéo et y’a aussi David et Raf December 10, 2024 YouTube 22",Y’a deux génies dans cette vidéo et y’a aussi David et Raf,False,SUBSTANTIVE_MISMATCH,jzJQUEgyNLY,21:50,,22,,,MISSING_IMAGE,,https://www.youtube.com/watch?v=jzJQUEgyNLY
S2024E91,IN_SCOPE,,,False,,"On ouvre nos mails et on répond OUI à 4 d’entre eux December 6, 2024 YouTube 23",On ouvre nos mails et on répond OUI à 4 d’entre eux,False,SUBSTANTIVE_MISMATCH,gS_1NpLB_LY,23:07,,23,,,MISSING_IMAGE,,https://www.youtube.com/watch?v=gS_1NpLB_LY
S2024E90,IN_SCOPE,,,False,,"Y’a quoi dans ma main ? (On fait gagner une pépite d’or et une voiture par exemple) December 3, 2024 YouTube 43",Y’a quoi dans ma main ? (On fait gagner une pépite d’or et une voiture par exemple),False,SUBSTANTIVE_MISMATCH,enCDtBO8ww8,42:58,,43,,,MISSING_IMAGE,,https://www.youtube.com/watch?v=enCDtBO8ww8
S2024E89,IN_SCOPE,,,False,,"Faites nous rire avec Joyca (très beau) et c’est de loin le meilleur épisode (très drôle) November 28, 2024 YouTube 38",Faites nous rire avec Joyca (très beau) et c’est de loin le meilleur épisode (très drôle),False,SUBSTANTIVE_MISMATCH,8iDFsLu9qJw,37:59,,38,,,MISSING_IMAGE,,https://www.youtube.com/watch?v=8iDFsLu9qJw
S2024E88,IN_SCOPE,,,False,,"On teste nos pires phobies avec une psy qui nous rassure November 26, 2024 YouTube 31",On teste nos pires phobies avec une psy qui nous rassure,False,SUBSTANTIVE_MISMATCH,HrEUlQ18wsc,30:39,,31,,,MISSING_IMAGE,,https://www.youtube.com/watch?v=HrEUlQ18wsc
S2024E87,IN_SCOPE,,,False,,"4 jours au Canada : Y’a tellement de trucs géniaux qu’on sait plus ce qu’il y a November 21, 2024 YouTube 104",4 jours au Canada : Y’a tellement de trucs géniaux qu’on sait plus ce qu’il y a,False,SUBSTANTIVE_MISMATCH,KZPXZ90uYiw,1:43:54,,104,,,MISSING_IMAGE,,https://www.youtube.com/watch?v=KZPXZ90uYiw
S2024E86,IN_SCOPE,,,False,,"Les Québécois ont-ils un cœur ? avec un Djilsi grandiose November 18, 2024 YouTube 26",Les Québécois ont-ils un cœur ? avec un Djilsi grandiose,False,SUBSTANTIVE_MISMATCH,rcJ-My-ShXs,26:20,,26,,,MISSING_IMAGE,,https://www.youtube.com/watch?v=rcJ-My-ShXs
S2024E85,IN_SCOPE,,,False,,"LA BATTLE DES PAYS: on déguste les spécialités turques avec Byilhan November 15, 2024 YouTube 30",LA BATTLE DES PAYS : on déguste les spécialités turques avec Byilhan,False,SUBSTANTIVE_MISMATCH,loGY94zf_sU,30:58,,31,,,MISSING_IMAGE,,https://www.youtube.com/watch?v=loGY94zf_sU
S2024E84,IN_SCOPE,,,False,,"On fait des choses qu’on déteste vraiment (astrologie, boxe thaï, concert de Mika, de Zola) November 12, 2024 YouTube 39","On fait des choses qu’on déteste vraiment (astrologie, boxe thaï, concert de Mika, de Zola)",False,SUBSTANTIVE_MISMATCH,klFmok8I5fk,39:21,,39,,,MISSING_IMAGE,,https://www.youtube.com/watch?v=klFmok8I5fk
S2024E83,IN_SCOPE,,,False,,"POPULAR POPINION : Mcfly n’aime pas la plage et ça me rend fou November 7, 2024 YouTube 31",POPULAR POPINION : Mcfly n’aime pas la plage et ça me rend fou,False,SUBSTANTIVE_MISMATCH,h5gnO2w6kQ4,30:51,,31,,,MISSING_IMAGE,,https://www.youtube.com/watch?v=h5gnO2w6kQ4
S2024E82,IN_SCOPE,,,False,,"Melha nous dit que c'est le meilleur couscous de Paris, on va vérifier ! November 5, 2024 YouTube 35","Melha nous dit que c'est le meilleur couscous de Paris, on va vérifier !",False,SUBSTANTIVE_MISMATCH,9bM-Ir13TPQ,34:38,,35,,,MISSING_IMAGE,,https://www.youtube.com/watch?v=9bM-Ir13TPQ
S2024E81,IN_SCOPE,,,False,,"5 histoires flippantes volume 4 : Éteignez la lumière. Montez le son. Et cliquez. October 31, 2024 YouTube 71",5 histoires flippantes volume 4 : Éteignez la lumière. Montez le son. Et cliquez.,False,SUBSTANTIVE_MISMATCH,5jkiH5j_LRU,1:10:11,,70,,,MISSING_IMAGE,,https://www.youtube.com/watch?v=5jkiH5j_LRU
S2024E80,IN_SCOPE,,,False,,"On a aucune complicité avec Pascal Obispo… October 29, 2024 YouTube 34",On a aucune complicité avec Pascal Obispo…,False,SUBSTANTIVE_MISMATCH,0j91tMOf5Aw,34:27,,34,,,MISSING_IMAGE,,https://www.youtube.com/watch?v=0j91tMOf5Aw
S2024E79,IN_SCOPE,,,False,,"Nan mais là carrément ça nous envoie du sh*t October 25, 2024 YouTube 47",Nan mais là carrément ça nous envoie du sh*t,False,SUBSTANTIVE_MISMATCH,Hs13tMd3_ck,47:25,,47,,,MISSING_IMAGE,,https://www.youtube.com/watch?v=Hs13tMd3_ck
S2024E78,IN_SCOPE,,,False,,"Faites-nous rire et gagnez un scooter ou une mouche décédée par exemple October 21, 2024 YouTube 31",Faites-nous rire et gagnez un scooter ou une mouche décédée par exemple,False,SUBSTANTIVE_MISMATCH,wapVCBBcCiM,30:44,,31,,,MISSING_IMAGE,,https://www.youtube.com/watch?v=wapVCBBcCiM
S2024E77,IN_SCOPE,,,False,,"Les champions du monde de beatbox nous font un blindtest et c’est (insérer adjectif tel « sublime ») October 18, 2024 YouTube 35",Les champions du monde de beatbox nous font un blindtest et c’est (insérer adjectif tel « sublime »),False,SUBSTANTIVE_MISMATCH,T8RgYGPLds0,35:25,,35,,,MISSING_IMAGE,,https://www.youtube.com/watch?v=T8RgYGPLds0
S2024E76,IN_SCOPE,,,False,,"On devine 43 sauces et Carlito n’a pas trouvé le ketchup. October 16, 2024 YouTube 46",On devine 43 sauces et Carlito n’a pas trouvé le ketchup.,False,SUBSTANTIVE_MISMATCH,ydKtv2PJP0U,46:45,,47,,,MISSING_IMAGE,,https://www.youtube.com/watch?v=ydKtv2PJP0U
S2024E75,IN_SCOPE,,,False,,"30.000 personnes qui nous détestent... et on y va quand même October 14, 2024 YouTube 20",30.000 personnes qui nous détestent... et on y va quand même,False,SUBSTANTIVE_MISMATCH,ZHg--98aRlc,20:16,,20,,,MISSING_IMAGE,,https://www.youtube.com/watch?v=ZHg--98aRlc
S2024E74,IN_SCOPE,,,False,,"Deux sales gosses au défilé Lacoste (et beaucoup de stars agglutinées) October 11, 2024 YouTube 16",Deux sales gosses au défilé Lacoste (et beaucoup de stars agglutinées),False,SUBSTANTIVE_MISMATCH,U1RxZLWn0M0,16:09,,16,,,MISSING_IMAGE,,https://www.youtube.com/watch?v=U1RxZLWn0M0
S2024E73,IN_SCOPE,,,False,,"La Battle des spécialités régionales #3 (Freddy est venu se régaler) October 9, 2024 YouTube 34",La Battle des spécialités régionales #3 (Freddy est venu se régaler),False,SUBSTANTIVE_MISMATCH,l2ICvGbWAKY,34:21,,34,,,MISSING_IMAGE,,https://www.youtube.com/watch?v=l2ICvGbWAKY
S2024E72,IN_SCOPE,,,False,,"Si on fait rien, la vidéo fait combien de vues ? Moi j’pense 430 000 October 6, 2024 YouTube 36","Si on fait rien, la vidéo fait combien de vues ? Moi j’pense 430 000",False,SUBSTANTIVE_MISMATCH,E5EtrHA0l0g,36:14,,36,,,MISSING_IMAGE,,https://www.youtube.com/watch?v=E5EtrHA0l0g
S2024E71,IN_SCOPE,,,False,,"Qui sera la prochaine star de YouTube ? On juge vos chaînes en toute honnêteté October 2, 2024 YouTube 27",Qui sera la prochaine star de YouTube ? On juge vos chaînes en toute honnêteté,False,SUBSTANTIVE_MISMATCH,ge9TDbJsZhU,26:40,,27,,,MISSING_IMAGE,,https://www.youtube.com/watch?v=ge9TDbJsZhU
S2024E70,IN_SCOPE,,,False,,"Les dégustations d’alcool, c’est fini ! ( + un extrait inédit avec Joyca et Elian) September 26, 2024 YouTube 10","Les dégustations d’alcool, c’est fini ! ( + un extrait inédit avec Joyca et Elian)",False,SUBSTANTIVE_MISMATCH,D8RKdiLgQ4o,10:37,,11,,,MISSING_IMAGE,,https://www.youtube.com/watch?v=D8RKdiLgQ4o
S2024E69,IN_SCOPE,,,False,,"Rire jusqu’à en avoir mal aux pommettes avec Freddy Gladieux September 24, 2024 YouTube 41",Rire jusqu’à en avoir mal aux pommettes avec Freddy Gladieux,False,SUBSTANTIVE_MISMATCH,WKDCtmw8N-c,41:05,,41,,,MISSING_IMAGE,,https://www.youtube.com/watch?v=WKDCtmw8N-c
S2024E68,IN_SCOPE,,,False,,"On déguste des matières non comestibles September 20, 2024 YouTube 25",On déguste des matières non comestibles,False,SUBSTANTIVE_MISMATCH,EaA5jmn6Hoc,25:56,,26,,,MISSING_IMAGE,,https://www.youtube.com/watch?v=EaA5jmn6Hoc
S2024E67,IN_SCOPE,,,False,,"La vidéo s’arrête si l’un de nous rigole #3 (on bat notre record !) September 18, 2024 YouTube 1",La vidéo s’arrête si l’un de nous rigole #3 (on bat notre record !),False,SUBSTANTIVE_MISMATCH,pc5A9-kWeeA,1:52,,2,,,MISSING_IMAGE,,https://www.youtube.com/watch?v=pc5A9-kWeeA
S2024E66,IN_SCOPE,,,False,,"Lequel de nous 2 pollue le plus ? (Test empreinte carbone avec Jancovici) September 16, 2024 YouTube 28",Lequel de nous 2 pollue le plus ? (Test empreinte carbone avec Jancovici),False,SUBSTANTIVE_MISMATCH,rgMqsLCz2rg,28:26,,28,,,MISSING_IMAGE,,https://www.youtube.com/watch?v=rgMqsLCz2rg
S2024E65,IN_SCOPE,,,False,,"On repasse le code de la route et c'est bien plus dur que prévu September 15, 2024 YouTube 20",La Battle des spécialités régionales #2 (attention la fondue débarque…),False,SUBSTANTIVE_MISMATCH,tqfzf7YOdMU,29:11,,29,,,MISSING_IMAGE,,https://www.youtube.com/watch?v=tqfzf7YOdMU
S2024E64,IN_SCOPE,,,False,,"La Battle des spécialités régionales #2 (attention la fondue débarque…) September 12, 2024 YouTube 29",On s’habille fashion alors qu’on déteste ça…,False,SUBSTANTIVE_MISMATCH,v-olWj283x8,33:16,,33,,,MISSING_IMAGE,,https://www.youtube.com/watch?v=v-olWj283x8
S2024E63,IN_SCOPE,,,False,,"On s’habille fashion alors qu’on déteste ça… September 5, 2024 YouTube 33",On repasse le code de la route et c’est bien plus dur que prévu,False,SUBSTANTIVE_MISMATCH,vbj8bMQNIZE,20:00,,20,,,MISSING_IMAGE,,https://www.youtube.com/watch?v=vbj8bMQNIZE
S2024E62,IN_SCOPE,,,False,,"La vidéo s’arrête si l’un de nous rigole #2 September 3, 2024 YouTube 2",La vidéo s’arrête si l’un de nous rigole #2,False,SUBSTANTIVE_MISMATCH,jvwFffucUSo,1:23,,1,,,MISSING_IMAGE,,https://www.youtube.com/watch?v=jvwFffucUSo
S2024E61,IN_SCOPE,,,False,,"Pétanque Explorer : le documentaire. Les coulisses, les secrets, le bonheur. July 31, 2024 YouTube 64","Pétanque Explorer : le documentaire. Les coulisses, les secrets, le bonheur.",False,SUBSTANTIVE_MISMATCH,Sh4rOohv-VQ,1:04:26,,64,,,MISSING_IMAGE,,https://www.youtube.com/watch?v=Sh4rOohv-VQ
S2024E60,IN_SCOPE,,,False,,Merci pour cette saison.,Merci pour cette saison.,True,OK,Izz25LRriEU,20:19,,20,,mid-season finale,MISSING_IMAGE,,https://www.youtube.com/watch?v=Izz25LRriEU
S2024E59,IN_SCOPE,,,False,,"Mcfly va-t-il sauter de 17 mètres ? Cette phrase a-t-elle un sens ? July 26, 2024 YouTube 48",Mcfly va-t-il sauter de 17 mètres ? Cette phrase a-t-elle un sens ?,False,SUBSTANTIVE_MISMATCH,gzKXMAWxXak,48:35,,49,,,MISSING_IMAGE,,https://www.youtube.com/watch?v=gzKXMAWxXak
S2024E58,IN_SCOPE,,,False,,"Serez-vous capables de faire une super vidéo YouTube ? July 24, 2024 YouTube 10",Serez-vous capables de faire une super vidéo YouTube ?,False,SUBSTANTIVE_MISMATCH,LtF5bfWkPc4,9:59,,10,,,MISSING_IMAGE,,https://www.youtube.com/watch?v=LtF5bfWkPc4
S2024E57,IN_SCOPE,,,False,,"2 min pour retenir la recette du cassoulet et la cuisiner pour Michel Sarran July 22, 2024 YouTube 36",2 min pour retenir la recette du cassoulet et la cuisiner pour Michel Sarran,False,SUBSTANTIVE_MISMATCH,uZijFdftxAs,35:50,,36,,,MISSING_IMAGE,,https://www.youtube.com/watch?v=uZijFdftxAs
S2024E56,IN_SCOPE,,,False,,"On a enfin trouvé un domaine où Mcfly est nul ! July 18, 2024 YouTube 26",On a enfin trouvé un domaine où Mcfly est nul !,False,SUBSTANTIVE_MISMATCH,tdm5SRE5MdM,26:20,,26,,,MISSING_IMAGE,,https://www.youtube.com/watch?v=tdm5SRE5MdM
S2024E55,IN_SCOPE,,,False,,"On devine 45 saveurs de glace et le level de Mcfly c’est incroyable July 15, 2024 YouTube 47",On devine 45 saveurs de glace et le level de Mcfly c’est incroyable,False,SUBSTANTIVE_MISMATCH,tyuBNZ_yAQ8,47:41,,48,,,MISSING_IMAGE,,https://www.youtube.com/watch?v=tyuBNZ_yAQ8
S2024E54,IN_SCOPE,,,False,,"Podcartes Feat. Océane ????#2 July 12, 2024 YouTube 41",Podcartes Feat. Océane 🌷#2,False,SUBSTANTIVE_MISMATCH,FMTRmSa8iz8,41:16,,41,,,MISSING_IMAGE,,https://www.youtube.com/watch?v=FMTRmSa8iz8
S2024E53,IN_SCOPE,,,False,,"Battle de cheeseburgers : ça va vous donner faim cette histoire... July 10, 2024 YouTube 11",Battle de cheeseburgers : ça va vous donner faim cette histoire...,False,SUBSTANTIVE_MISMATCH,mip0AbCMiCY,10:44,,11,,,MISSING_IMAGE,,https://www.youtube.com/watch?v=mip0AbCMiCY
S2024E52,IN_SCOPE,,,False,,"On improvise des conférences Ted X avec Swann et Simon : c’est terrifiant mais si drôle July 8, 2024 YouTube 39",On improvise des conférences Ted X avec Swann et Simon : c’est terrifiant mais si drôle,False,SUBSTANTIVE_MISMATCH,hkY72MMbwuM,38:57,,39,,,MISSING_IMAGE,,https://www.youtube.com/watch?v=hkY72MMbwuM
S2024E51,IN_SCOPE,,,False,,"Tu te rends compte les pirates ? July 3, 2024 YouTube 50",Tu te rends compte les pirates ?,False,SUBSTANTIVE_MISMATCH,EmW044kdz7A,50:56,,51,,,MISSING_IMAGE,,https://www.youtube.com/watch?v=EmW044kdz7A
S2024E50,IN_SCOPE,,,False,,"Les pires pièges de la langue française feat Maîtresse Adeline (vous allez faire des fautes) June 27, 2024 YouTube 29",Les pires pièges de la langue française feat Maîtresse Adeline (vous allez faire des fautes),False,SUBSTANTIVE_MISMATCH,l19k9GWUVAw,29:25,,29,,,MISSING_IMAGE,,https://www.youtube.com/watch?v=l19k9GWUVAw
S2024E49,IN_SCOPE,,,False,,"L'addiction au smartphone et aux réseaux sociaux, sujet important avec Fabien Olicard June 24, 2024 YouTube 105","L’addiction au smartphone et aux réseaux sociaux, sujet important avec Fabien Olicard",False,SUBSTANTIVE_MISMATCH,2XZ-Hetd-48,1:45:39,,106,,,MISSING_IMAGE,,https://www.youtube.com/watch?v=2XZ-Hetd-48
S2024E48,IN_SCOPE,,,False,,"Dégustation de fromages avec le champion du monde qui est l'humain le plus adorable de la planète June 20, 2024 YouTube 29",Dégustation de fromages avec le champion du monde qui est l’humain le plus adorable de la planète,False,SUBSTANTIVE_MISMATCH,sualgxDZk4Q,29:19,,29,,,MISSING_IMAGE,,https://www.youtube.com/watch?v=sualgxDZk4Q
S2024E47,IN_SCOPE,,,False,,"Journée d'entraînement pétanque avec tout le monde sauf Freddy qui a une bonne excuse June 18, 2024 YouTube 30",Journée d’entraînement pétanque avec tout le monde sauf Freddy qui a une bonne excuse,False,SUBSTANTIVE_MISMATCH,-NyXlptpecs,30:21,,30,,,MISSING_IMAGE,,https://www.youtube.com/watch?v=-NyXlptpecs
S2024E46,IN_SCOPE,,,False,,"La battle des spécialités régionales #1 (ça va vous donner si faim...) June 14, 2024 YouTube 31",LA BATTLE DES SPÉCIALITÉS RÉGIONALES #1 (ça va vous donner si faim…),False,SUBSTANTIVE_MISMATCH,eRkRtrh776k,31:49,,32,,,MISSING_IMAGE,,https://www.youtube.com/watch?v=eRkRtrh776k
S2024E45,IN_SCOPE,,,False,,"Burolympics feat Michael Youn et Vincent Desagnat ainsi que nos très chères mères June 12, 2024 YouTube 20",BUROLYMPICS feat Michael Youn et Vincent Desagnat ainsi que nos très chères mères,False,SUBSTANTIVE_MISMATCH,0sVVPy8t3JI,20:26,,20,,,MISSING_IMAGE,,https://www.youtube.com/watch?v=0sVVPy8t3JI
S2024E44,IN_SCOPE,,,False,,"Chris Marques nous apprend la salsa et on découvre qu'il est fascinant June 10, 2024 YouTube 38",Chris Marques nous apprend la salsa et on découvre qu'il est fascinant,False,SUBSTANTIVE_MISMATCH,l_1UOSdqhds,38:11,,38,,,MISSING_IMAGE,,https://www.youtube.com/watch?v=l_1UOSdqhds
S2024E43,IN_SCOPE,,,False,,"Objets Fétriches feat Marina Foïs (qui ment le mieux ?) June 6, 2024 YouTube 18",Objets Fétriches feat Marina Foïs (qui ment le mieux ?),False,SUBSTANTIVE_MISMATCH,dhT_Ni2R9ns,18:04,,18,,,MISSING_IMAGE,,https://www.youtube.com/watch?v=dhT_Ni2R9ns
S2024E42,IN_SCOPE,,,False,,"NOSTALGIE LEVEL MAX avec Alison Wheeler (magnifique surprise à la fin) June 4, 2024 YouTube 30",NOSTALGIE LEVEL MAX avec Alison Wheeler (magnifique surprise à la fin),False,SUBSTANTIVE_MISMATCH,33r_LPJgg4I,29:16,,29,,,MISSING_IMAGE,,https://www.youtube.com/watch?v=33r_LPJgg4I
S2024E41,IN_SCOPE,,,False,,"Les p'tits goûters tah l'époque (retour sucré en enfance) May 30, 2024 YouTube 33",Les p’tits goûters tah l’époque (retour sucré en enfance),False,SUBSTANTIVE_MISMATCH,sNjfz8e4E40,32:51,,33,,,MISSING_IMAGE,,https://www.youtube.com/watch?v=sNjfz8e4E40
S2024E40,IN_SCOPE,,,False,,"Réunion avec Bigflo & Oli : Méli Mélo 4, sujets profonds, authenticité totale May 27, 2024 YouTube 47","Réunion avec Bigflo & Oli : Méli Mélo 4, sujets profonds, authenticité totale",False,SUBSTANTIVE_MISMATCH,IUIO7YFvZek,46:50,,47,,,MISSING_IMAGE,,https://www.youtube.com/watch?v=IUIO7YFvZek
S2024E39,IN_SCOPE,,,False,,"On joue avec M dans le métro ! (les frissons sur Machistador) May 21, 2024 YouTube 16",On joue avec M dans le métro ! (les frissons sur Machistador),False,SUBSTANTIVE_MISMATCH,MXq3-HB7VQs,15:57,,16,,,MISSING_IMAGE,,https://www.youtube.com/watch?v=MXq3-HB7VQs
S2024E38,IN_SCOPE,,,False,,"On mange vegan pour la première fois et le verdict est immédiat May 17, 2024 YouTube 32",On mange Vegan pour la première fois et le verdict est immédiat,False,SUBSTANTIVE_MISMATCH,8laft1o2_-8,31:34,,32,,,MISSING_IMAGE,,https://www.youtube.com/watch?v=8laft1o2_-8
S2024E37,IN_SCOPE,,,False,,"À quel youtubeur appartient ce pet ? Notre plus belle idée. May 15, 2024 YouTube 14",À quel youtubeur appartient ce pet ? Notre plus belle idée.,False,SUBSTANTIVE_MISMATCH,ujMR9eBXkKY,14:08,,14,,,MISSING_IMAGE,,https://www.youtube.com/watch?v=ujMR9eBXkKY
S2024E36,IN_SCOPE,,,False,,"""Ne rien lâcher"", la passionnante trajectoire de Philippe Lacheau May 13, 2024 YouTube 90","""Ne rien lâcher"", la passionnante trajectoire de Philippe Lacheau",False,SUBSTANTIVE_MISMATCH,xegEjWNoRE0,1:22:03,,82,,,MISSING_IMAGE,,https://www.youtube.com/watch?v=xegEjWNoRE0
S2024E35,IN_SCOPE,,,False,,"Qui présentera le mieux la météo ? (avec la légendaire Evelyne Dhéliat) May 11, 2024 YouTube 30",Qui présentera le mieux la météo ? (avec la légendaire Evelyne Dhéliat),False,SUBSTANTIVE_MISMATCH,OtVHviQkqlM,30:25,,30,,,MISSING_IMAGE,,https://www.youtube.com/watch?v=OtVHviQkqlM
S2024E34,IN_SCOPE,,,False,,"Dans les coulisses de la vidéo TOUTATIS May 9, 2024 YouTube 18",Dans les coulisses de la vidéo TOUTATIS,False,SUBSTANTIVE_MISMATCH,L7jKaaalbTs,18:25,,18,,,MISSING_IMAGE,,https://www.youtube.com/watch?v=L7jKaaalbTs
S2024E33,IN_SCOPE,,,False,,"Le pétanque explorer c’est officiel. Et on s’entraîne avec Dylan Rocher le meilleur joueur du monde May 7, 2024 YouTube 23",Le pétanque explorer c’est officiel. Et on s’entraîne avec Dylan Rocher le meilleur joueur du monde,False,SUBSTANTIVE_MISMATCH,5dfI9L3m7KA,23:42,,24,,,MISSING_IMAGE,,https://www.youtube.com/watch?v=5dfI9L3m7KA
S2024E32,IN_SCOPE,,,False,,"Qui tiendra le plus longtemps dans Toutatis, le grand huit le plus fou d’Europe ? May 2, 2024 YouTube 55","Qui tiendra le plus longtemps dans Toutatis, le grand huit le plus fou d’Europe ?",False,SUBSTANTIVE_MISMATCH,7YhGwSaLzC0,55:41,,56,,,MISSING_IMAGE,,https://www.youtube.com/watch?v=7YhGwSaLzC0
S2024E31,IN_SCOPE,,,False,,"On a du nouveau pour les Red Hot ! (Flea nous a répondu…) April 30, 2024 YouTube 13",On a du nouveau pour les Red Hot ! (Flea nous a répondu…),False,SUBSTANTIVE_MISMATCH,jSImrq1ot5o,12:53,,13,,,MISSING_IMAGE,,https://www.youtube.com/watch?v=jSImrq1ot5o
S2024E30,IN_SCOPE,,,False,,"""On peut pas retirer le crachoir ?"" (superbe dégust' champagnes avec Natoo) April 25, 2024 YouTube 30","""On peut pas retirer le crachoir ?"" (superbe dégust' champagnes avec Natoo)",False,SUBSTANTIVE_MISMATCH,sA7jEa57CAw,30:06,,30,,,MISSING_IMAGE,,https://www.youtube.com/watch?v=sA7jEa57CAw
S2024E29,IN_SCOPE,,,False,,"Éducation et parentalité : comment donner le meilleur à nos enfants ? April 22, 2024 YouTube 101",Éducation et parentalité  : comment donner le meilleur à nos enfants ?,False,SUBSTANTIVE_MISMATCH,KeszsCS_4C8,1:41:57,,102,,,MISSING_IMAGE,,https://www.youtube.com/watch?v=KeszsCS_4C8
S2024E28,IN_SCOPE,,,False,,"Podcartes feat un abonné #1 April 16, 2024 YouTube 44",Podcartes feat un abonné #1,False,SUBSTANTIVE_MISMATCH,i7dIOxJXAKM,44:26,,44,,,MISSING_IMAGE,,https://www.youtube.com/watch?v=i7dIOxJXAKM
S2024E27,IN_SCOPE,,,False,,"57 sodas avec FloBer. Imaginez notre état. April 9, 2024 YouTube 54",57 sodas avec FloBer. Imaginez notre état.,False,SUBSTANTIVE_MISMATCH,yJr4VFNraFo,54:34,,55,,,MISSING_IMAGE,,https://www.youtube.com/watch?v=yJr4VFNraFo
S2024E26,IN_SCOPE,,,False,,"On va dans l'usine Bret's pour goûter les nouvelles saveurs et ils nous révèlent LE grand secret... April 6, 2024 YouTube 63",On va dans l'usine Bret's pour goûter les nouvelles saveurs et ils nous révèlent LE grand secret...,False,SUBSTANTIVE_MISMATCH,z08zUwT15xw,1:03:15,,63,,,MISSING_IMAGE,,https://www.youtube.com/watch?v=z08zUwT15xw
S2024E25,IN_SCOPE,,,False,,"Complète la dinguerie (y'en a une qui surpasse toutes les autres...) April 3, 2024 YouTube 16",Complète la dinguerie (y'en a une qui surpasse toutes les autres...),False,SUBSTANTIVE_MISMATCH,vmnNmIzdpVw,16:11,,16,,,MISSING_IMAGE,,https://www.youtube.com/watch?v=vmnNmIzdpVw
S2024E24,IN_SCOPE,,,False,,"Les secrets et coulisses du cultissime Morning Live April 1, 2024 YouTube 58",Les secrets et coulisses du cultissime Morning Live,False,SUBSTANTIVE_MISMATCH,qP6g6UZjOVY,58:04,,58,,,MISSING_IMAGE,,https://www.youtube.com/watch?v=qP6g6UZjOVY
S2024E23,IN_SCOPE,,,False,,"Battle de bières : un génie, un mito et un naze March 28, 2024 YouTube 14","Battle de bières : un génie, un mito et un naze",False,SUBSTANTIVE_MISMATCH,wp5fOS5hSrs,14:51,,15,,,MISSING_IMAGE,,https://www.youtube.com/watch?v=wp5fOS5hSrs
S2024E22,IN_SCOPE,,,False,,"Dégustation de on sait plus combien de bières mais qu'est-ce qu'on a ri March 26, 2024 YouTube 42",Dégustation de on sait plus combien de bières mais qu'est-ce qu'on a ri,False,SUBSTANTIVE_MISMATCH,q_ZU6t7ri5I,42:22,,42,,,MISSING_IMAGE,,https://www.youtube.com/watch?v=q_ZU6t7ri5I
S2024E21,IN_SCOPE,,,False,,"On goûte les 4 spécialités culinaires les plus cheloues de la planète #3 (âmes sensibles s’abstenir) March 21, 2024 YouTube 26",On goûte les 4 spécialités culinaires les plus cheloues de la planète #3 (âmes sensibles s’abstenir),False,SUBSTANTIVE_MISMATCH,Eu4RtkzDKzI,26:22,,26,,,MISSING_IMAGE,,https://www.youtube.com/watch?v=Eu4RtkzDKzI
S2024E20,IN_SCOPE,,,False,,"Discussion passionnée autour des mangas avec Lous et Cyprien March 18, 2024 YouTube 98",Discussion passionnée autour des mangas avec Lous et Cyprien,False,SUBSTANTIVE_MISMATCH,8EhRnXZJ_-0,1:38:22,,98,,,MISSING_IMAGE,,https://www.youtube.com/watch?v=8EhRnXZJ_-0
S2024E19,IN_SCOPE,,,False,,"PAINBALL : si t’es pas honnête, tu souffres #2 feat Paul Mirabel March 14, 2024 YouTube 29","PAINBALL : si t’es pas honnête, tu souffres #2 feat Paul Mirabel",False,SUBSTANTIVE_MISMATCH,X5IyhotPoT0,29:22,,29,,,MISSING_IMAGE,,https://www.youtube.com/watch?v=X5IyhotPoT0
S2024E18,IN_SCOPE,,,False,,"On devine 41 saveurs de sirop et c'est un enfer March 12, 2024 YouTube 42",On devine 41 saveurs de sirop et c'est un enfer,False,SUBSTANTIVE_MISMATCH,UpnLxLY9r6o,42:28,,42,,,MISSING_IMAGE,,https://www.youtube.com/watch?v=UpnLxLY9r6o
S2024E17,IN_SCOPE,,,False,,"Du rire et des associations alimentaires douteuses avec Jeremy Nadeau (feat l’échelle) March 7, 2024 YouTube 28",Du rire et des associations alimentaires douteuses avec Jeremy Nadeau (feat l’échelle),False,SUBSTANTIVE_MISMATCH,lKvtL7Nw06M,28:26,,28,,,MISSING_IMAGE,,https://www.youtube.com/watch?v=lKvtL7Nw06M
S2024E16,IN_SCOPE,,,False,,"Venez on se rappelle de Golden Moustache car c’était trop bien March 5, 2024 YouTube 30",Venez on se rappelle de Golden Moustache car c’était trop bien,False,SUBSTANTIVE_MISMATCH,uCnH55DAOWk,30:46,,31,,,MISSING_IMAGE,,https://www.youtube.com/watch?v=uCnH55DAOWk
S2024E15,IN_SCOPE,,,False,,"Retour sur les objets qui ont marqué notre enfance avec Cyprien NOSTALGIE LEVEL MAX February 28, 2024 YouTube 32",Retour sur les objets qui ont marqué notre enfance avec Cyprien NOSTALGIE LEVEL MAX,False,SUBSTANTIVE_MISMATCH,k9hLku6g2i4,32:39,,33,,,MISSING_IMAGE,,https://www.youtube.com/watch?v=k9hLku6g2i4
S2024E14,IN_SCOPE,,,False,,"La gestion des émotions feat Djilsi et Paola February 26, 2024 YouTube 94",La gestion des émotions feat Djilsi et Paola,False,SUBSTANTIVE_MISMATCH,Yyy7J_mb5pg,1:34:36,,95,,,MISSING_IMAGE,,https://www.youtube.com/watch?v=Yyy7J_mb5pg
S2024E13,IN_SCOPE,,,False,,"Faites-nous rire et gagnez un SMIC ou un Bec Bunsen par exemple February 15, 2024 YouTube 30",Faites-nous rire et gagnez un SMIC ou un Bec Bunsen par exemple,False,SUBSTANTIVE_MISMATCH,qEeNgCFjP1A,30:40,,31,,,MISSING_IMAGE,,https://www.youtube.com/watch?v=qEeNgCFjP1A
S2024E12,IN_SCOPE,,,False,,"Excusez-moi monsieur mais il y a une crotte de nez sur le traversin February 13, 2024 YouTube 59",Excusez-moi monsieur mais il y a une crotte de nez sur le traversin,False,SUBSTANTIVE_MISMATCH,YhainxWmVgY,59:00,,59,,,MISSING_IMAGE,,https://www.youtube.com/watch?v=YhainxWmVgY
S2024E11,IN_SCOPE,,,False,,"Mario Carte Bleue OG feat Antoine Dupont (tu perds, tu paies) February 8, 2024 YouTube 33","Mario Carte Bleue OG feat Antoine Dupont (tu perds, tu paies)",False,SUBSTANTIVE_MISMATCH,W3Y8bCDZFXE,33:01,,33,,,MISSING_IMAGE,,https://www.youtube.com/watch?v=W3Y8bCDZFXE
S2024E10,IN_SCOPE,,,False,,"Dégustation de 8 piments bruts, avec un quasi décès de Mcfly February 6, 2024 YouTube 28","Dégustation de 8 piments bruts, avec un quasi décès de Mcfly",False,SUBSTANTIVE_MISMATCH,jslLKDDtoa8,28:23,,28,,,MISSING_IMAGE,,https://www.youtube.com/watch?v=jslLKDDtoa8
S2024E09,IN_SCOPE,,,False,,"5 humoristes brillants pour notre 1ère émission stand up (Julien Santini au sommet) February 2, 2024 YouTube 93",5 humoristes brillants pour notre 1ère émission stand up (Julien Santini au sommet),False,SUBSTANTIVE_MISMATCH,xpYs-SSpfEk,1:33:59,,94,,,MISSING_IMAGE,,https://www.youtube.com/watch?v=xpYs-SSpfEk
S2024E08,IN_SCOPE,,,False,,"La vidéo s’arrête si l’un de nous rigole January 31, 2024 YouTube 1",La vidéo s’arrête si l’un de nous rigole,False,SUBSTANTIVE_MISMATCH,Bf5YZPAjnIA,0:44,,1,,,MISSING_IMAGE,,https://www.youtube.com/watch?v=Bf5YZPAjnIA
S2024E07,IN_SCOPE,,,False,,"Boire 10 cafés, devenir fous, construire un château de cartes, devenir fous January 29, 2024 YouTube 31","Boire 10 cafés, devenir fous, construire un château de cartes, devenir fous",False,SUBSTANTIVE_MISMATCH,UmwUm23QOtk,31:23,,31,,,MISSING_IMAGE,,https://www.youtube.com/watch?v=UmwUm23QOtk
S2024E06,IN_SCOPE,,,False,,"RACLETTE LEAGUE : tu manges une raclette OU tu passes la raclette (feat Thomas & Amixem) January 25, 2024 YouTube 48",RACLETTE LEAGUE : tu manges une raclette OU tu passes la raclette (feat Thomas & Amixem),False,SUBSTANTIVE_MISMATCH,uaDxk6I8B3k,48:35,,49,,,MISSING_IMAGE,,https://www.youtube.com/watch?v=uaDxk6I8B3k
S2024E05,IN_SCOPE,,,False,,"Le journalisme d’aujourd’hui feat Élise Lucet et Hugo Décrypte January 22, 2024 YouTube 86",Le journalisme d’aujourd’hui feat Élise Lucet et Hugo Décrypte,False,SUBSTANTIVE_MISMATCH,tZNU5iRL5p0,1:26:50,,87,,,MISSING_IMAGE,,https://www.youtube.com/watch?v=tZNU5iRL5p0
S2024E04,IN_SCOPE,,,False,,"On goûte les 4 spécialités culinaires les plus cheloues de la planète #2 (âmes sensibles s’abstenir) January 19, 2024 YouTube 27",On goûte les 4 spécialités culinaires les plus cheloues de la planète #2 (âmes sensibles s’abstenir),False,SUBSTANTIVE_MISMATCH,-ZCzKxoGHeM,27:40,,28,,,MISSING_IMAGE,,https://www.youtube.com/watch?v=-ZCzKxoGHeM
S2024E03,IN_SCOPE,,,False,,"Battle d’eaux plates : La saga continue January 15, 2024 YouTube 13",Battle d’eaux plates : La saga continue,False,SUBSTANTIVE_MISMATCH,4hBiY44oS70,13:22,,13,,,MISSING_IMAGE,,https://www.youtube.com/watch?v=4hBiY44oS70
S2024E02,IN_SCOPE,,,False,,"Retour sur le succès UNANIME de Stand Up de m*rde 3 January 12, 2024 YouTube 23",Retour sur le succès UNANIME de Stand Up de m*rde 3,False,SUBSTANTIVE_MISMATCH,5VfjOmxcooU,23:06,,23,,,MISSING_IMAGE,,https://www.youtube.com/watch?v=5VfjOmxcooU
S2024E01,IN_SCOPE,,,False,,"2 min pour retenir une recette et la cuisiner à l’aveugle feat. Hélène Darroze January 9, 2024 YouTube 30",2 min pour retenir une recette et la cuisiner à l’aveugle feat. Hélène Darroze,False,SUBSTANTIVE_MISMATCH,8S4KsOus_tM,30:30,,31,,,MISSING_IMAGE,,https://www.youtube.com/watch?v=8S4KsOus_tM
S2023E38,IN_SCOPE,,,False,,AUTO-ROAST : on se clash violemment et c’est si satisfaisant VOLUME 2,AUTO-ROAST : on se clash violemment et c’est si satisfaisant VOLUME 2,True,OK,bRUn6EcaGY8,51:01,,51,,season finale,MISSING_IMAGE,,https://www.youtube.com/watch?v=bRUn6EcaGY8
S2023E37,IN_SCOPE,,,False,,"On devine 24 saveurs de chips. Mcfly se découvre un don. Carlito non. December 22, 2023 YouTube 24",On devine 24 saveurs de chips. Mcfly se découvre un don. Carlito non.,False,SUBSTANTIVE_MISMATCH,eCgbxNZGr9Y,24:58,,25,,,MISSING_IMAGE,,https://www.youtube.com/watch?v=eCgbxNZGr9Y
S2023E36,IN_SCOPE,,,False,,"Nous adorons Natoo. Nous adorons les jeux de mots. Voici une vidéo avec Natoo et des jeux de mots December 20, 2023 YouTube 21",Nous adorons Natoo. Nous adorons les jeux de mots. Voici une vidéo avec Natoo et des jeux de mots,False,SUBSTANTIVE_MISMATCH,WpcXv6Rwprg,21:25,,21,,,MISSING_IMAGE,,https://www.youtube.com/watch?v=WpcXv6Rwprg
S2023E35,IN_SCOPE,,,False,,"L'Amour : attirance, rupture, couple, comment gérer ? feat Paola et Cyrus North December 18, 2023 YouTube 90","L'Amour : attirance, rupture, couple, comment gérer ? feat Paola et Cyrus North",False,SUBSTANTIVE_MISMATCH,WT9KS06IW9Y,1:30:10,,90,,,MISSING_IMAGE,,https://www.youtube.com/watch?v=WT9KS06IW9Y
S2023E34,IN_SCOPE,,,False,,"NOS enfants répondent à VOS questions December 15, 2023 YouTube 37",NOS enfants répondent à VOS questions,False,SUBSTANTIVE_MISMATCH,usTqmg0xNZY,37:27,,37,,,MISSING_IMAGE,,https://www.youtube.com/watch?v=usTqmg0xNZY
S2023E33,IN_SCOPE,,,False,,"Simplement des rires entre amis en jouant à un jeu de société December 13, 2023 YouTube 21",Simplement des rires entre amis en jouant à un jeu de société,False,SUBSTANTIVE_MISMATCH,CboWyXjVZ6I,21:21,,21,,,MISSING_IMAGE,,https://www.youtube.com/watch?v=CboWyXjVZ6I
S2023E32,IN_SCOPE,,,False,,"Qui s'y connaît le mieux en vin ? (on a l'alcool très bon vous verrez) December 11, 2023 YouTube 33",Qui s'y connaît le mieux en vin ? (on a l'alcool très bon vous verrez),False,SUBSTANTIVE_MISMATCH,9C0CbKYPq80,32:54,,33,,,MISSING_IMAGE,,https://www.youtube.com/watch?v=9C0CbKYPq80
S2023E31,IN_SCOPE,,,False,,"IA OU VRAI ARTISTE : Serez-vous meilleurs qu’Inox ? December 7, 2023 YouTube 32",IA OU VRAI ARTISTE : Serez-vous meilleurs qu’Inox ?,False,SUBSTANTIVE_MISMATCH,biTKRbrtdRo,32:26,,32,,,MISSING_IMAGE,,https://www.youtube.com/watch?v=biTKRbrtdRo
S2023E30,IN_SCOPE,,,False,,"On a retrouvé notre PREMIÈRE chaîne Youtube (combo cringe + fierté) December 5, 2023 YouTube 26",On a retrouvé notre PREMIÈRE chaîne Youtube (combo cringe + fierté),False,SUBSTANTIVE_MISMATCH,Esz2VEJfDBU,25:50,,26,,,MISSING_IMAGE,,https://www.youtube.com/watch?v=Esz2VEJfDBU
S2023E29,IN_SCOPE,,,False,,"On ouvre des cartes Pokémon avec Bigflo et bien entendu la fin est magique December 1, 2023 YouTube 31",On ouvre des cartes Pokémon avec Bigflo et bien entendu la fin est magique,False,SUBSTANTIVE_MISMATCH,T5NNogF3vSM,31:38,,32,,,MISSING_IMAGE,,https://www.youtube.com/watch?v=T5NNogF3vSM
S2023E28,IN_SCOPE,,,False,,"Quelles solutions concrètes pour la planète avec Sophie Szopa (GIEC) et Jean Marc Jancovici November 27, 2023 YouTube 88",Quelles solutions concrètes pour la planète avec Sophie Szopa (GIEC) et Jean Marc Jancovici,False,SUBSTANTIVE_MISMATCH,9_AStu-0KhY,1:28:16,,88,,,MISSING_IMAGE,,https://www.youtube.com/watch?v=9_AStu-0KhY
S2023E27,IN_SCOPE,,,False,,"Les voix de dessins animés cultes nous font un blindtest génial 3 (ft Mastu et Joyca) November 23, 2023 YouTube 48",Les voix de dessins animés cultes nous font un blindtest génial 3 (ft Mastu et Joyca),False,SUBSTANTIVE_MISMATCH,qi9xSXJKRIc,47:56,,48,,,MISSING_IMAGE,,https://www.youtube.com/watch?v=qi9xSXJKRIc
S2023E26,IN_SCOPE,,,False,,"On goute 10 boissons énergisantes et Michel Cymes trouve ça aberrant November 21, 2023 YouTube 22",On goute 10 boissons énergisantes et Michel Cymes trouve ça aberrant,False,SUBSTANTIVE_MISMATCH,IPbff7iEfPc,22:41,,23,,,MISSING_IMAGE,,https://www.youtube.com/watch?v=IPbff7iEfPc
S2023E25,IN_SCOPE,,,False,,"On joue une scène avec Marion Cotillard et elle juge nos talents de comédiens November 17, 2023 YouTube 23",On joue une scène avec Marion Cotillard et elle juge nos talents de comédiens,False,SUBSTANTIVE_MISMATCH,VUVw7uenYrk,23:11,,23,,,MISSING_IMAGE,,https://www.youtube.com/watch?v=VUVw7uenYrk
S2023E24,IN_SCOPE,,,False,,"Mcfly prétend être expert en eaux gazeuses… saura-t-il les reconnaître ? November 15, 2023 YouTube 10",Mcfly prétend être expert en eaux gazeuses… saura-t-il les reconnaître ?,False,SUBSTANTIVE_MISMATCH,wVipea42_Js,10:12,,10,,,MISSING_IMAGE,,https://www.youtube.com/watch?v=wVipea42_Js
S2023E23,IN_SCOPE,,,False,,"On pensait que TikTok Girl serait un énorme hit November 13, 2023 YouTube 18",On pensait que TikTok Girl serait un énorme hit,False,SUBSTANTIVE_MISMATCH,HO79Tebmbgk,18:08,,18,,,MISSING_IMAGE,,https://www.youtube.com/watch?v=HO79Tebmbgk
S2023E22,IN_SCOPE,,,False,,"PAINBALL : si t’es pas honnête, tu souffres feat Djilsi November 10, 2023 YouTube 27","PAINBALL : si t’es pas honnête, tu souffres feat Djilsi",False,SUBSTANTIVE_MISMATCH,rF3gNDTAlBs,27:11,,27,,,MISSING_IMAGE,,https://www.youtube.com/watch?v=rF3gNDTAlBs
S2023E21,IN_SCOPE,,,False,,"On vous montre nos vidéos préférées d’internet November 7, 2023 YouTube 27",On vous montre nos vidéos préférées d’internet,False,SUBSTANTIVE_MISMATCH,tVr_8Fvgl5E,27:13,,27,,,MISSING_IMAGE,,https://www.youtube.com/watch?v=tVr_8Fvgl5E
S2023E20,IN_SCOPE,,,False,,"On goûte les 4 spécialités les plus cheloues de la planète (âmes sensibles s’abstenir) November 3, 2023 YouTube 22",On goûte les 4 spécialités les plus cheloues de la planète (âmes sensibles s’abstenir),False,SUBSTANTIVE_MISMATCH,heoG23QPB28,22:32,,23,,,MISSING_IMAGE,,https://www.youtube.com/watch?v=heoG23QPB28
S2023E19,IN_SCOPE,,,False,,"2 histoires d'horreur par les 2 meilleurs conteurs (Christophe Hondelatte à son prime) October 31, 2023 YouTube 51",2 histoires d'horreur par les 2 meilleurs conteurs (Christophe Hondelatte à son prime),False,SUBSTANTIVE_MISMATCH,ajb29ojr9to,51:28,,51,,,MISSING_IMAGE,,https://www.youtube.com/watch?v=ajb29ojr9to
S2023E18,IN_SCOPE,,,False,,"On a reçu Éric Antoine, la magie a opéré et les fous rires se sont enchainés October 26, 2023 YouTube 28","On a reçu Éric Antoine, la magie a opéré et les fous rires se sont enchainés",False,SUBSTANTIVE_MISMATCH,_Wybp2jAHUg,28:08,,28,,,MISSING_IMAGE,,https://www.youtube.com/watch?v=_Wybp2jAHUg
S2023E17,IN_SCOPE,,,False,,"Cette star américaine nous a plagié (et on lui en veut toujours) October 24, 2023 YouTube 18",Cette star américaine nous a plagié (et on lui en veut toujours),False,SUBSTANTIVE_MISMATCH,_HvOtCTBfGI,17:41,,18,,,MISSING_IMAGE,,https://www.youtube.com/watch?v=_HvOtCTBfGI
S2023E16,IN_SCOPE,,,False,,"Peut-on écrire un tweet sans se faire insulter ? Réponse dans cette vidéo. October 20, 2023 YouTube 16",Peut-on écrire un tweet sans se faire insulter ? Réponse dans cette vidéo.,False,SUBSTANTIVE_MISMATCH,rpPdTETJERc,16:37,,17,,,MISSING_IMAGE,,https://www.youtube.com/watch?v=rpPdTETJERc
S2023E15,IN_SCOPE,,,False,,"Concours de Trashtalk face à Cédric Doumbè October 18, 2023 YouTube 17",Concours de Trashtalk face à Cédric Doumbè,False,SUBSTANTIVE_MISMATCH,fmSBBluimjo,17:20,,17,,,MISSING_IMAGE,,https://www.youtube.com/watch?v=fmSBBluimjo
S2023E14,IN_SCOPE,,,False,,"À la recherche du bonheur feat Joyca et Cyrus North October 16, 2023 YouTube 109",À la recherche du bonheur feat Joyca et Cyrus North,False,SUBSTANTIVE_MISMATCH,X_Tn7lcj-lM,1:49:17,,109,,,MISSING_IMAGE,,https://www.youtube.com/watch?v=X_Tn7lcj-lM
S2023E13,IN_SCOPE,,,False,,"On débarque sans prévenir à leur mariage et on a un super cadeau October 12, 2023 YouTube 42",On débarque sans prévenir à leur mariage et on a un super cadeau 💍,False,SUBSTANTIVE_MISMATCH,UWWHnVaMBfU,42:01,,42,,,MISSING_IMAGE,,https://www.youtube.com/watch?v=UWWHnVaMBfU
S2023E12,IN_SCOPE,,,False,,"Carlito teste des perruques réalistes et c'est très addictif October 10, 2023 YouTube 17",Carlito teste des perruques réalistes et c'est très addictif,False,SUBSTANTIVE_MISMATCH,gyYwBjB7bNM,17:28,,17,,,MISSING_IMAGE,,https://www.youtube.com/watch?v=gyYwBjB7bNM
S2023E11,IN_SCOPE,,,False,,"ZEP nous apprend à dessiner Titeuf et c'est génial de le voir à l'œuvre October 5, 2023 YouTube 22",ZEP nous apprend à dessiner Titeuf et c'est génial de le voir à l'œuvre,False,SUBSTANTIVE_MISMATCH,3WiFwEkucyc,21:56,,22,,,MISSING_IMAGE,,https://www.youtube.com/watch?v=3WiFwEkucyc
S2023E10,IN_SCOPE,,,False,,"Mcfly est trop naïf, Carlito est trop brillant (devinez qui a écrit ce titre) October 3, 2023 YouTube 17","Mcfly est trop naïf, Carlito est trop brillant (devinez qui a écrit ce titre)",False,SUBSTANTIVE_MISMATCH,qEWRMcdOLDg,16:49,,17,,,MISSING_IMAGE,,https://www.youtube.com/watch?v=qEWRMcdOLDg
S2023E09,IN_SCOPE,,,False,,"On place des villes de France et on est moins bons que des CM2 September 29, 2023 YouTube 33",On place des villes de France et on est moins bons que des CM2,False,SUBSTANTIVE_MISMATCH,7UAwyghDGic,32:48,,33,,,MISSING_IMAGE,,https://www.youtube.com/watch?v=7UAwyghDGic
S2023E08,IN_SCOPE,,,False,,"On a jamais diffusé cette vidéo car on a eu peur September 27, 2023 YouTube 17",On a jamais diffusé cette vidéo car on a eu peur,False,SUBSTANTIVE_MISMATCH,fcEYcPKXNJk,17:45,,18,,,MISSING_IMAGE,,https://www.youtube.com/watch?v=fcEYcPKXNJk
S2023E07,IN_SCOPE,,,False,,"Le retour du chauve et de l'ancien gros September 25, 2023 YouTube 11",Le retour du chauve et de l'ancien gros,False,SUBSTANTIVE_MISMATCH,iznstLcL8so,11:19,,11,,,MISSING_IMAGE,,https://www.youtube.com/watch?v=iznstLcL8so
S2023E06,IN_SCOPE,,,False,,La maison est incroyable ! Fin de l’aventure Bizeneuille,La maison est incroyable ! Fin de l’aventure Bizeneuille ❤️,False,PUNCTUATION_EMOJI_EXACTNESS,FmHZ3o6bdUM,1:04:32,,65,,mid-season finale,MISSING_IMAGE,,https://www.youtube.com/watch?v=FmHZ3o6bdUM
S2023E05,IN_SCOPE,,,False,,Les pires anecdotes de nos abonnés (la dernière est la meilleure de tous les temps),Les pires anecdotes de nos abonnés (la dernière est la meilleure de tous les temps),True,OK,57k13lnC4Y0,49:26,,49,,mid-season finale,MISSING_IMAGE,,https://www.youtube.com/watch?v=57k13lnC4Y0
S2023E04,IN_SCOPE,,,False,,"Devine la star qui est cachée derrière nous ? (Nouveau concept ft. Marina Foïs & Virginie Efira) February 5, 2023 YouTube 37",Devine la star qui est cachée derrière nous ? (Nouveau concept ft. Marina Foïs & Virginie Efira),False,SUBSTANTIVE_MISMATCH,UUwVSwvLYaE,37:21,,37,,,MISSING_IMAGE,,https://www.youtube.com/watch?v=UUwVSwvLYaE
S2023E03,IN_SCOPE,,,False,,"Loup Garou All Star (feat and fun niveau Oscar) (Marion Cotillard) (ça rime) January 29, 2023 YouTube 50",Loup Garou All Star (feat and fun niveau Oscar) (Marion Cotillard) (ça rime),False,SUBSTANTIVE_MISMATCH,vgx2E-rgqFc,49:41,,50,,,MISSING_IMAGE,,https://www.youtube.com/watch?v=vgx2E-rgqFc
S2023E02,IN_SCOPE,,,False,,"AUTO-ROAST : On se clash violemment et c’est si satisfaisant (autodérision level MAX) January 22, 2023 YouTube 36",AUTO-ROAST : On se clash violemment et c’est si satisfaisant (autodérision level MAX),False,SUBSTANTIVE_MISMATCH,HbywFN3-vTA,36:18,,36,,,MISSING_IMAGE,,https://www.youtube.com/watch?v=HbywFN3-vTA
S2023E01,IN_SCOPE,,,False,,"48h pour nous attraper : une aventure épique ! January 8, 2023 58",48h pour nous attraper : une aventure épique !,False,SUBSTANTIVE_MISMATCH,Y1pGooULiDU,57:40,,58,,,MISSING_IMAGE,,https://www.youtube.com/watch?v=Y1pGooULiDU
S2022E14,IN_SCOPE,,,False,,Le dîner infernal de Noël : qui sera le dernier autour de la table ?,Le dîner infernal de Noël : qui sera le dernier autour de la table ?,True,OK,RUYWT39NoJk,46:04,,46,,season finale,MISSING_IMAGE,,https://www.youtube.com/watch?v=RUYWT39NoJk
S2022E13,IN_SCOPE,,,False,,"STAND-UP DE M3RDE. VERS L’INFINI ET AU DELÀ. November 20, 2022 YouTube 66",STAND-UP DE M3RDE. VERS L’INFINI ET AU DELÀ.,False,SUBSTANTIVE_MISMATCH,MMlrItAImvs,1:06:29,,66,,,MISSING_IMAGE,,https://www.youtube.com/watch?v=MMlrItAImvs
S2022E12,IN_SCOPE,,,False,,"5 histoires flippantes volume 3 : Éteignez la lumière. Montez le son. Et cliquez. October 31, 2022 YouTube 72",5 histoires flippantes volume 3 : Éteignez la lumière. Montez le son. Et cliquez.,False,SUBSTANTIVE_MISMATCH,_CCTtb_wSuA,1:12:07,,72,,,MISSING_IMAGE,,https://www.youtube.com/watch?v=_CCTtb_wSuA
S2022E11,IN_SCOPE,,,False,,"Les voix de dessins animés cultes nous font un blindtest génial 2 (fous rires + émotion + so foot) October 9, 2022 YouTube 35",Les voix de dessins animés cultes nous font un blindtest génial 2 (fous rires + émotion + so foot),False,SUBSTANTIVE_MISMATCH,8app7ymDevA,35:06,,35,,,MISSING_IMAGE,,https://www.youtube.com/watch?v=8app7ymDevA
S2022E10,IN_SCOPE,,,False,,"Le retour de Mix'n'Twist en légende (Chef Etchebest en pleine forme) September 18, 2022 YouTube 48",Le retour de Mix'n'Twist en légende (Chef Etchebest en pleine forme),False,SUBSTANTIVE_MISMATCH,sNyax9bCbtM,48:52,,49,,,MISSING_IMAGE,,https://www.youtube.com/watch?v=sNyax9bCbtM
S2022E09,IN_SCOPE,,,False,,"Qui est le papa de qui ? Préparez les ???? ainsi que les ???? July 31, 2022 YouTube 82",Qui est le papa de qui ? Préparez les 🍿 ainsi que les 🤧,False,SUBSTANTIVE_MISMATCH,YQ0Ty-EJeSM,1:22:23,,82,,,MISSING_IMAGE,,https://www.youtube.com/watch?v=YQ0Ty-EJeSM
S2022E08,IN_SCOPE,,,False,,"David Guetta était choqué. Nous aussi. Découvrez notre incroyable aventure à Ibiza. July 3, 2022 YouTube 51",David Guetta était choqué. Nous aussi. Découvrez notre incroyable aventure à Ibiza.,False,SUBSTANTIVE_MISMATCH,EhJAPvJjv00,51:23,,51,,,MISSING_IMAGE,,https://www.youtube.com/watch?v=EhJAPvJjv00
S2022E07,IN_SCOPE,,,False,,"Les pires vendeurs (feat. Paul Mirabel) June 12, 2022 YouTube 33",Les pires vendeurs (feat. Paul Mirabel),False,SUBSTANTIVE_MISMATCH,IYZZUjSsOpg,33:26,,33,,,MISSING_IMAGE,,https://www.youtube.com/watch?v=IYZZUjSsOpg
S2022E06,IN_SCOPE,,,False,,"Bizeneuille : les travaux commencent ! (la maison va devenir légendaire) May 29, 2022 YouTube 54",Bizeneuille : les travaux commencent ! (la maison va devenir légendaire),False,SUBSTANTIVE_MISMATCH,eav2AFzuLF8,54:17,,54,,,MISSING_IMAGE,,https://www.youtube.com/watch?v=eav2AFzuLF8
S2022E05,IN_SCOPE,,,False,,"Nos pires anecdotes de honte 2 (classe de maître de Theodort) May 1, 2022 YouTube 63",Nos pires anecdotes de honte 2 (classe de maître de Theodort),False,SUBSTANTIVE_MISMATCH,Vnk8NZ0sQbE,1:03:35,,64,,,MISSING_IMAGE,,https://www.youtube.com/watch?v=Vnk8NZ0sQbE
S2022E04,IN_SCOPE,,,False,,"CONCOURS D’ANECDOTES vs THOMAS PESQUET LA LÉGENDE March 27, 2022 YouTube 60",CONCOURS D’ANECDOTES vs THOMAS PESQUET LA LÉGENDE,False,SUBSTANTIVE_MISMATCH,PRp3AclnHsc,59:33,,60,,,MISSING_IMAGE,,https://www.youtube.com/watch?v=PRp3AclnHsc
S2022E03,IN_SCOPE,,,False,,"On appelle des gens au hasard feat. Squeezie contre-attaque March 6, 2022 YouTube 77",On appelle des gens au hasard feat. Squeezie contre-attaque,False,SUBSTANTIVE_MISMATCH,yu1ExmSBS8M,1:17:01,,77,,,MISSING_IMAGE,,https://www.youtube.com/watch?v=yu1ExmSBS8M
S2022E02,IN_SCOPE,,,False,,"On a tout bonnement joué à Pic Pirate avec Tom Holland (on est dans quel multivers déjà ?) February 20, 2022 YouTube 16",On a tout bonnement joué à Pic Pirate avec Tom Holland (on est dans quel multivers déjà ?),False,SUBSTANTIVE_MISMATCH,0ECO7TgnuJI,16:41,,17,,,MISSING_IMAGE,,https://www.youtube.com/watch?v=0ECO7TgnuJI
S2022E01,IN_SCOPE,,,False,,"Le dîner des légendes (55 minutes de rires et d'intimité) January 23, 2022 YouTube 55",Le dîner des légendes (55 minutes de rires et d'intimité),False,SUBSTANTIVE_MISMATCH,A4abbzMC86I,55:39,,56,,,MISSING_IMAGE,,https://www.youtube.com/watch?v=A4abbzMC86I
S2021E32,IN_SCOPE,,,False,,Qui tiendra le plus de tours dans un grand huit monstrueux ? (spoil : c'est phénomenal),Qui tiendra le plus de tours dans un grand huit monstrueux ? (spoil : c'est phénomenal),True,OK,jZiGWbrSXuU,47:11,,47,,season finale,MISSING_IMAGE,,https://www.youtube.com/watch?v=jZiGWbrSXuU
S2021E31,IN_SCOPE,,,False,,"INFINI +1000 (clip officiel) December 17, 2021 YouTube 3",INFINI +1000 (clip officiel),False,SUBSTANTIVE_MISMATCH,ExFxZme3cYQ,3:24,,3,,,MISSING_IMAGE,,https://www.youtube.com/watch?v=ExFxZme3cYQ
S2021E30,IN_SCOPE,,,False,,"ATR CHALLENGE 2 : 10.000€ de cadeaux, des rires et beaucoup de love (Ismaël le crack) December 12, 2021 YouTube 38","ATR CHALLENGE 2 : 10.000€ de cadeaux, des rires et beaucoup de love ❤️ (Ismaël le crack)",False,SUBSTANTIVE_MISMATCH,JXWyCstSbyE,38:30,,39,,,MISSING_IMAGE,,https://www.youtube.com/watch?v=JXWyCstSbyE
S2021E29,IN_SCOPE,,,False,,"Mcfly & Carlito - J’ose pas (en live et plan séquence) December 10, 2021 YouTube 4",Mcfly & Carlito - J’ose pas (en live et plan séquence),False,SUBSTANTIVE_MISMATCH,8D3NfJyupeo,4:07,,4,,,MISSING_IMAGE,,https://www.youtube.com/watch?v=8D3NfJyupeo
S2021E28,IN_SCOPE,,,False,,"Moniteurs d'auto-école incognitos (on a piégé des élèves et c'était fantastique) December 5, 2021 YouTube 49",Moniteurs d'auto-école incognitos (on a piégé des élèves et c'était fantastique),False,SUBSTANTIVE_MISMATCH,v5pgiXol8I8,49:30,,50,,,MISSING_IMAGE,,https://www.youtube.com/watch?v=v5pgiXol8I8
S2021E27,IN_SCOPE,,,False,,"Je ne suis pas chauve » Live @ NRJ Music Awards 2021 December 1, 2021 YouTube 4",« Je ne suis pas chauve » Live @ NRJ Music Awards 2021,False,SUBSTANTIVE_MISMATCH,S5cVxUmDVmk,3:45,,4,,,MISSING_IMAGE,,https://www.youtube.com/watch?v=S5cVxUmDVmk
S2021E26,IN_SCOPE,,,False,,"LA TRAVERSÉE : Le film November 21, 2021 YouTube 105",LA TRAVERSÉE : Le film,False,SUBSTANTIVE_MISMATCH,8RfKt5qxOuY,1:45:23,,105,,,MISSING_IMAGE,,https://www.youtube.com/watch?v=8RfKt5qxOuY
S2021E25,IN_SCOPE,,,False,,"Qui est la maman de qui ? Beaucoup trop de love dans ce vidéogramme November 7, 2021 YouTube 62",Qui est la maman de qui ? Beaucoup trop de love dans ce vidéogramme ❤️,False,SUBSTANTIVE_MISMATCH,ZaY1MO3of-E,1:01:57,,62,,,MISSING_IMAGE,,https://www.youtube.com/watch?v=ZaY1MO3of-E
S2021E24,IN_SCOPE,,,False,,"TikTok Girl (Clip officiel) November 5, 2021 YouTube 3",TikTok Girl (Clip officiel),False,SUBSTANTIVE_MISMATCH,nalrhi7IdJc,3:42,,4,,,MISSING_IMAGE,,https://www.youtube.com/watch?v=nalrhi7IdJc
S2021E23,IN_SCOPE,,,False,,"Entretiens avec Youtube October 24, 2021 YouTube 13",Entretiens avec Youtube,False,SUBSTANTIVE_MISMATCH,6u-Ex1g7-zU,13:32,,14,,,MISSING_IMAGE,,https://www.youtube.com/watch?v=6u-Ex1g7-zU
S2021E22,IN_SCOPE,,,False,,"Trop de trucs à vous dire (album, traversée, gage président, impôts) October 21, 2021 YouTube 12","Trop de trucs à vous dire (album, traversée, gage président, impôts)",False,SUBSTANTIVE_MISMATCH,lvakvneXRd4,11:43,,12,,,MISSING_IMAGE,,https://www.youtube.com/watch?v=lvakvneXRd4
S2021E21,IN_SCOPE,,,False,,"JE SCROLLE (Clip Officiel) October 15, 2021 YouTube 3",JE SCROLLE (Clip Officiel),False,SUBSTANTIVE_MISMATCH,7ceFU6nAbF0,2:46,,3,,,MISSING_IMAGE,,https://www.youtube.com/watch?v=7ceFU6nAbF0
S2021E20,IN_SCOPE,,,False,,"Notre caméra en plein Marseille. Vous dites ce que vous voulez (et c’est toujours génial) October 3, 2021 YouTube 30",Notre caméra en plein Marseille. Vous dites ce que vous voulez (et c’est toujours génial),False,SUBSTANTIVE_MISMATCH,exhQkAhIddU,29:17,,29,,,MISSING_IMAGE,,https://www.youtube.com/watch?v=exhQkAhIddU
S2021E19,IN_SCOPE,,,False,,"Mcfly et Carlito jugent le rap français feat. Kaaris September 26, 2021 YouTube 10",Mcfly et Carlito jugent le rap français feat. Kaaris,False,SUBSTANTIVE_MISMATCH,ezBnVjmsTP8,10:25,,10,,,MISSING_IMAGE,,https://www.youtube.com/watch?v=ezBnVjmsTP8
S2021E16,IN_SCOPE,,,False,,"Season Finale : entraînement pour le défi le plus fou de notre vie (on découvre notre bateau !) August 1, 2021 YouTube 46",Season Finale : entraînement pour le défi le plus fou de notre vie (on découvre notre bateau !),False,SUBSTANTIVE_MISMATCH,4dorXexAo10,46:08,,46,,,MISSING_IMAGE,,https://www.youtube.com/watch?v=4dorXexAo10
S2021E15,IN_SCOPE,,,False,,"5 histoires flippantes volume 2 : Éteignez la lumière. Montez le son. Et cliquez. July 24, 2021 YouTube 68",5 histoires flippantes volume 2 : Éteignez la lumière. Montez le son. Et cliquez.,False,SUBSTANTIVE_MISMATCH,YRJ1iWCTNfU,1:08:41,,69,,,MISSING_IMAGE,,https://www.youtube.com/watch?v=YRJ1iWCTNfU
S2021E14,IN_SCOPE,,,False,,"On l’a fait. Et l’un de nous 2 a bien morflé. (fin du chapitre présidentiel) July 18, 2021 YouTube 32",On l’a fait. Et l’un de nous 2 a bien morflé. (fin du chapitre présidentiel),False,SUBSTANTIVE_MISMATCH,mn1RfD08EeE,32:29,,32,,,MISSING_IMAGE,,https://www.youtube.com/watch?v=mn1RfD08EeE
S2021E13,IN_SCOPE,,,False,,"Nos pires anecdotes de honte (Masterclass de Gad) June 27, 2021 YouTube 76",Nos pires anecdotes de honte (Masterclass de Gad),False,SUBSTANTIVE_MISMATCH,zSl1xrCbCxc,1:16:12,,76,,,MISSING_IMAGE,,https://www.youtube.com/watch?v=zSl1xrCbCxc
S2021E12,IN_SCOPE,,,False,,"Tu perds le match, tu laves les vitres d’un gratte-ciel (concept hilarant PUIS vertigineux) June 13, 2021 YouTube 36","Tu perds le match, tu laves les vitres d’un gratte-ciel (concept hilarant PUIS vertigineux)",False,SUBSTANTIVE_MISMATCH,eb0sVdXCtXg,35:38,,36,,,MISSING_IMAGE,,https://www.youtube.com/watch?v=eb0sVdXCtXg
S2021E11,IN_SCOPE,,,False,,"CONCOURS D'ANECDOTES vs LE PRÉSIDENT DE LA RÉPUBLIQUE May 23, 2021 YouTube 36",CONCOURS D'ANECDOTES vs LE PRÉSIDENT DE LA RÉPUBLIQUE,False,SUBSTANTIVE_MISMATCH,neqCdyadqFA,36:18,,36,,,MISSING_IMAGE,,https://www.youtube.com/watch?v=neqCdyadqFA
S2021E10,IN_SCOPE,,,False,,"2 gars nus avec un parpaing (on doit retourner à Paris en 24h avec vos contraintes) May 9, 2021 YouTube 46",2 gars nus avec un parpaing (on doit retourner à Paris en 24h avec vos contraintes),False,SUBSTANTIVE_MISMATCH,KGQQPZzrY3g,46:13,,46,,,MISSING_IMAGE,,https://www.youtube.com/watch?v=KGQQPZzrY3g
S2021E09,IN_SCOPE,,,False,,"BLINDTEST DES SYNONYMES 3 feat VIANNEY & JÉRÔME COMMANDEUR (épisode génial on va pas s’mentir) April 18, 2021 YouTube 25",BLINDTEST DES SYNONYMES 3 feat VIANNEY & JÉRÔME COMMANDEUR (épisode génial on va pas s’mentir),False,SUBSTANTIVE_MISMATCH,YR5nI7SpTrU,24:38,,25,,,MISSING_IMAGE,,https://www.youtube.com/watch?v=YR5nI7SpTrU
S2021E08,IN_SCOPE,,,False,,"On dit des dingueries dans le micro d'une grande gare avec DJ Snake March 28, 2021 YouTube 26",On dit des dingueries dans le micro d'une grande gare avec DJ Snake,False,SUBSTANTIVE_MISMATCH,FWa5Airgd2w,26:47,,27,,,MISSING_IMAGE,,https://www.youtube.com/watch?v=FWa5Airgd2w
S2021E07,IN_SCOPE,,,False,,"On fait découvrir Youtube à des bonnes soeurs. Leur avis sur PNL est une masterclass March 7, 2021 YouTube 32",On fait découvrir Youtube à des bonnes soeurs. Leur avis sur PNL est une masterclass,False,SUBSTANTIVE_MISMATCH,uiEFLYlT-WI,32:30,,33,,,MISSING_IMAGE,,https://www.youtube.com/watch?v=uiEFLYlT-WI
S2021E06,IN_SCOPE,,,False,,"« Je me souviens » (clip gestes barrières) February 21, 2021 YouTube 5",« Je me souviens » (clip gestes barrières),False,SUBSTANTIVE_MISMATCH,t4h8j9xLyxQ,4:43,,5,,,MISSING_IMAGE,,https://www.youtube.com/watch?v=t4h8j9xLyxQ
S2021E05,IN_SCOPE,,,False,,"Le PRÉSIDENT DE LA RÉPUBLIQUE nous lance un défi. Voilà. Dinguerie ? Oui. February 19, 2021 YouTube 10",Le PRÉSIDENT DE LA RÉPUBLIQUE nous lance un défi. Voilà. Dinguerie ? Oui.,False,SUBSTANTIVE_MISMATCH,IX_HdFFjSGs,9:16,,9,,,MISSING_IMAGE,,https://www.youtube.com/watch?v=IX_HdFFjSGs
S2021E04,IN_SCOPE,,,False,,"MARIO CARTE BLEUE FEAT JOYCA : INCROYABLE ÉPISODE (avec le pire cadeau de fin)(donc le meilleur) February 7, 2021 YouTube 57",MARIO CARTE BLEUE FEAT JOYCA : INCROYABLE ÉPISODE (avec le pire cadeau de fin)(donc le meilleur),False,SUBSTANTIVE_MISMATCH,jd3jPgfbQU8,57:33,,58,,,MISSING_IMAGE,,https://www.youtube.com/watch?v=jd3jPgfbQU8
S2021E03,IN_SCOPE,,,False,,"1 an après : sommes-nous devenus des machines ? (fin du défi sport) January 24, 2021 YouTube 45",1 an après : sommes-nous devenus des machines ? (fin du défi sport),False,SUBSTANTIVE_MISMATCH,CZZTLyTqXxg,44:32,,45,,,MISSING_IMAGE,,https://www.youtube.com/watch?v=CZZTLyTqXxg
S2021E02,IN_SCOPE,,,False,,"La chanson des choses inutiles feat. Julien Doré January 12, 2021 YouTube 3",La chanson des choses inutiles feat. Julien Doré,False,SUBSTANTIVE_MISMATCH,d-32yDORZBA,3:44,,4,,,MISSING_IMAGE,,https://www.youtube.com/watch?v=d-32yDORZBA
S2021E01,IN_SCOPE,,,False,,"On appelle des gens au hasard avec Pierre Niney et promis on a rien fumé avant January 3, 2021 YouTube 47",On appelle des gens au hasard avec Pierre Niney et promis on a rien fumé avant,False,SUBSTANTIVE_MISMATCH,hxp07UVZs7o,47:16,,47,,,MISSING_IMAGE,,https://www.youtube.com/watch?v=hxp07UVZs7o
S2020E26,IN_SCOPE,,,False,,On a piégé Lena en transformant TOUT son salon en LEGO. Sa réaction est géniale.,On a piégé Lena en transformant TOUT son salon en LEGO. Sa réaction est géniale.,True,OK,SQJaAVx4OXU,32:05,,32,,season finale,MISSING_IMAGE,,https://www.youtube.com/watch?v=SQJaAVx4OXU
S2020E25,IN_SCOPE,,,False,,"5 histoires flippantes au coin du feu : Éteignez la lumière. Montez le son. Et cliquez. November 28, 2020 YouTube 55",5 histoires flippantes au coin du feu : Éteignez la lumière. Montez le son. Et cliquez.,False,SUBSTANTIVE_MISMATCH,vjF0l-J5t04,55:25,,55,,,MISSING_IMAGE,,https://www.youtube.com/watch?v=vjF0l-J5t04
S2020E24,IN_SCOPE,,,False,,"On perd à Fall Guys = on paie un Five Guys. (à des inconnus)(qui se régalent)(parce qu'on est nazes) November 8, 2020 YouTube 28",On perd à Fall Guys = on paie un Five Guys. (à des inconnus)(qui se régalent)(parce qu'on est nazes),False,SUBSTANTIVE_MISMATCH,PXuwI6J8ffU,28:09,,28,,,MISSING_IMAGE,,https://www.youtube.com/watch?v=PXuwI6J8ffU
S2020E23,IN_SCOPE,,,False,,"Les voix de dessins animés cultes nous font un blindtest génial (serez-vous meilleurs que nous ?) October 18, 2020 YouTube 38",Les voix de dessins animés cultes nous font un blindtest génial (serez-vous meilleurs que nous ?),False,SUBSTANTIVE_MISMATCH,BeBcEkLtZs0,37:48,,38,,,MISSING_IMAGE,,https://www.youtube.com/watch?v=BeBcEkLtZs0
S2020E22,IN_SCOPE,,,False,,"Concours d'anecdotes 8 feat. David Guetta October 4, 2020 YouTube 34",Concours d'anecdotes 8 feat. David Guetta,False,SUBSTANTIVE_MISMATCH,c13eN2NW9rc,34:59,,35,,,MISSING_IMAGE,,https://www.youtube.com/watch?v=c13eN2NW9rc
S2020E21,IN_SCOPE,,,False,,"ON RÉAGIT AU GAGE (GÉNIAL) DE MICHOU ET INOX (YT WARRIOR 5) September 30, 2020 YouTube 53",ON RÉAGIT AU GAGE (GÉNIAL) DE MICHOU ET INOX (YT WARRIOR 5),False,SUBSTANTIVE_MISMATCH,nPEarnZOxhs,53:02,,53,,,MISSING_IMAGE,,https://www.youtube.com/watch?v=nPEarnZOxhs
S2020E19,IN_SCOPE,,,False,,"Youtube Warrior 5 vs Michou et Inoxtag feat Doigby September 27, 2020 YouTube 38",Youtube Warrior 5 vs Michou et Inoxtag feat Doigby,False,SUBSTANTIVE_MISMATCH,t46D051XGCo,38:15,,38,,,MISSING_IMAGE,,https://www.youtube.com/watch?v=t46D051XGCo
S2020E18,IN_SCOPE,,,False,,"L’épreuve des poteaux entre potos September 13, 2020 YouTube 37",L’épreuve des poteaux entre potos,False,SUBSTANTIVE_MISMATCH,oPYPuvTA2LQ,37:59,,38,,,MISSING_IMAGE,,https://www.youtube.com/watch?v=oPYPuvTA2LQ
S2020E17,IN_SCOPE,,,False,,"Une caméra. On vous observe. Vous dites ce que vous voulez. (et c’est génial) August 23, 2020 YouTube 20",Une caméra. On vous observe. Vous dites ce que vous voulez. (et c’est génial),False,SUBSTANTIVE_MISMATCH,q8FXlrLrucg,20:11,,20,,,MISSING_IMAGE,,https://www.youtube.com/watch?v=q8FXlrLrucg
S2020E16,IN_SCOPE,,,False,,"8 mois après ça donne quoi ? (challenges 1000 pompes en 1h + semi marathon) August 2, 2020 YouTube 30",8 mois après ça donne quoi ? (challenges 1000 pompes en 1h + semi marathon),False,SUBSTANTIVE_MISMATCH,n4-g5Mtzdbs,30:01,,30,,,MISSING_IMAGE,,https://www.youtube.com/watch?v=n4-g5Mtzdbs
S2020E15,IN_SCOPE,,,False,,"Nos pires anecdotes de date (feat que des gens géniaux) July 19, 2020 YouTube 46",Nos pires anecdotes de date (feat que des gens géniaux),False,SUBSTANTIVE_MISMATCH,L52Zpqs0ZGc,46:19,,46,,,MISSING_IMAGE,,https://www.youtube.com/watch?v=L52Zpqs0ZGc
S2020E14,IN_SCOPE,,,False,,"Mcfly n’était pas prêt pour ça... July 12, 2020 YouTube 18",Mcfly n’était pas prêt pour ça...,False,SUBSTANTIVE_MISMATCH,T5xQeAb3vwM,18:08,,18,,,MISSING_IMAGE,,https://www.youtube.com/watch?v=T5xQeAb3vwM
S2020E12,IN_SCOPE,,,False,,"Des larmes de rires avec Jonathan Cohen (le secret de Carlito) June 21, 2020 YouTube 32",Des larmes de rires avec Jonathan Cohen (le secret de Carlito),False,SUBSTANTIVE_MISMATCH,kc1_lr-KwAs,32:36,,33,,,MISSING_IMAGE,,https://www.youtube.com/watch?v=kc1_lr-KwAs
S2020E11,IN_SCOPE,,,False,,"ON POSE NUS DEVANT UNE CLASSE DE DESSIN (chose promise, chose due) June 14, 2020 YouTube 16","ON POSE NUS DEVANT UNE CLASSE DE DESSIN (chose promise, chose due)",False,SUBSTANTIVE_MISMATCH,hYYYPyOO9f8,16:35,,17,,,MISSING_IMAGE,,https://www.youtube.com/watch?v=hYYYPyOO9f8
S2020E10,IN_SCOPE,,,False,,"ON PÈTE UN CÂBLE SUR MINECRAFT feat. Terracid March 22, 2020 YouTube 31",ON PÈTE UN CÂBLE SUR MINECRAFT feat. Terracid,False,SUBSTANTIVE_MISMATCH,Jgpodt0DPfc,31:18,,31,,,MISSING_IMAGE,,https://www.youtube.com/watch?v=Jgpodt0DPfc
S2020E09,IN_SCOPE,,,False,,"ACTION OU VÉRITÉ vs PEF ET MAURICE BARTHÉLEMY March 15, 2020 YouTube 25",ACTION OU VÉRITÉ vs PEF ET MAURICE BARTHÉLEMY,False,SUBSTANTIVE_MISMATCH,sC6mFA8oPqg,25:43,,26,,,MISSING_IMAGE,,https://www.youtube.com/watch?v=sC6mFA8oPqg
S2020E08,IN_SCOPE,,,False,,"MARIO CARTE BLEUE (SAISON 2) feat. MICHOU March 8, 2020 YouTube 40",MARIO CARTE BLEUE (SAISON 2) feat. MICHOU,False,SUBSTANTIVE_MISMATCH,xCwF7K9u15E,40:11,,40,,,MISSING_IMAGE,,https://www.youtube.com/watch?v=xCwF7K9u15E
S2020E06,IN_SCOPE,,,False,,"OK BOOMER (clip officiel) February 27, 2020 YouTube 3",OK BOOMER (clip officiel),False,SUBSTANTIVE_MISMATCH,1-ac8jxb66U,3:39,,4,,,MISSING_IMAGE,,https://www.youtube.com/watch?v=1-ac8jxb66U
S2020E05,IN_SCOPE,,,False,,"ESSAYEZ DE NE PAS RÉAGIR feat. OMAR SY (le perdant en PLS) February 8, 2020 YouTube 18",ESSAYEZ DE NE PAS RÉAGIR feat. OMAR SY (le perdant en PLS),False,SUBSTANTIVE_MISMATCH,y2s1lToYBOg,18:13,,18,,,MISSING_IMAGE,,https://www.youtube.com/watch?v=y2s1lToYBOg
S2020E04,IN_SCOPE,,,False,,"ON PROVOQUE UNE ÉMEUTE (suite et fin de cette folle livraison) February 2, 2020 YouTube 21",ON PROVOQUE UNE ÉMEUTE (suite et fin de cette folle livraison),False,SUBSTANTIVE_MISMATCH,VvnUP3WDraA,21:24,,21,,,MISSING_IMAGE,,https://www.youtube.com/watch?v=VvnUP3WDraA
S2020E03,IN_SCOPE,,,False,,"ON DORT CHEZ UN ABONNÉ (livraison des 22.000€ de cadeaux) January 30, 2020 YouTube 35",ON DORT CHEZ UN ABONNÉ (livraison des 22.000€ de cadeaux),False,SUBSTANTIVE_MISMATCH,EyYRLD7gaUg,35:54,,36,,,MISSING_IMAGE,,https://www.youtube.com/watch?v=EyYRLD7gaUg
S2020E02,IN_SCOPE,,,False,,"Message important January 17, 2020 YouTube 12",Message important,False,SUBSTANTIVE_MISMATCH,G7MNXuJy7SE,12:31,,13,,,MISSING_IMAGE,,https://www.youtube.com/watch?v=G7MNXuJy7SE
S2020E01,IN_SCOPE,,,False,,"ON MANGE LA GALETTE DES ROIS AVEC WILL SMITH & MARTIN LAWRENCE (évidemment ça part en vrille) January 12, 2020 YouTube 18",ON MANGE LA GALETTE DES ROIS AVEC WILL SMITH & MARTIN LAWRENCE (évidemment ça part en vrille),False,SUBSTANTIVE_MISMATCH,PsRmJ-kF4I8,18:12,,18,,,MISSING_IMAGE,,https://www.youtube.com/watch?v=PsRmJ-kF4I8
S2019E45,IN_SCOPE,,,False,,CONCOURS D'ANECDOTES #7 vs ERIC & RAMZY,CONCOURS D'ANECDOTES #7 vs ERIC & RAMZY,True,OK,CCSX781iunA,49:05,,49,,season finale,MISSING_IMAGE,,https://www.youtube.com/watch?v=CCSX781iunA
S2019E44,IN_SCOPE,,,False,,"ON OUVRE UN RESTAURANT À LA MONTAGNE (pour les abonnés) (cheatmeal obligé pardon Akim) December 22, 2019 YouTube 23",ON OUVRE UN RESTAURANT À LA MONTAGNE (pour les abonnés) (cheatmeal obligé pardon Akim),False,SUBSTANTIVE_MISMATCH,9a--GQI7axo,23:04,,23,,,MISSING_IMAGE,,https://www.youtube.com/watch?v=9a--GQI7axo
S2019E43,IN_SCOPE,,,False,,"LE MEILLEUR JEU DE SOCIÉTÉ (on dit pas ça parce que c'est le notre) (si) December 19, 2019 YouTube 33",LE MEILLEUR JEU DE SOCIÉTÉ (on dit pas ça parce que c'est le notre) (si),False,SUBSTANTIVE_MISMATCH,q00C77F7scg,33:01,,33,,,MISSING_IMAGE,,https://www.youtube.com/watch?v=q00C77F7scg
S2019E42,IN_SCOPE,,,False,,"1er POINT SUR NOTRE TRANSFORMATION PHYSIQUE (corps, pesée, bootcamp avec abonnés) December 15, 2019 YouTube 17","1er POINT SUR NOTRE TRANSFORMATION PHYSIQUE (corps, pesée, bootcamp avec abonnés)",False,SUBSTANTIVE_MISMATCH,UIByTh3gdt4,17:03,,17,,,MISSING_IMAGE,,https://www.youtube.com/watch?v=UIByTh3gdt4
S2019E41,IN_SCOPE,,,False,,"QUI EST LE MEILLEUR DARON DE YOUTUBE ? (feat. Norman, Jiraya & Amixem) December 8, 2019 YouTube 37","QUI EST LE MEILLEUR DARON DE YOUTUBE ? (feat. Norman, Jiraya & Amixem)",False,SUBSTANTIVE_MISMATCH,_5kJZqnHHTQ,37:04,,37,,,MISSING_IMAGE,,https://www.youtube.com/watch?v=_5kJZqnHHTQ
S2019E40,IN_SCOPE,,,False,,"NUS, SANS RIEN, À 700km DE CHEZ NOUS (va-t-on réussir à rentrer ?) December 1, 2019 YouTube 37","NUS, SANS RIEN, À 700km DE CHEZ NOUS (va-t-on réussir à rentrer ?)",False,SUBSTANTIVE_MISMATCH,P20WsbRYg4A,37:36,,38,,,MISSING_IMAGE,,https://www.youtube.com/watch?v=P20WsbRYg4A
S2019E39,IN_SCOPE,,,False,,"ARCADE BATTLE : tu perds, tu laisses pousser pendant 6 put*** de mois feat. Doigby et Gotaga November 24, 2019 YouTube 20","ARCADE BATTLE : tu perds, tu laisses pousser pendant 6 put*** de mois feat. Doigby et Gotaga",False,SUBSTANTIVE_MISMATCH,lnqXL5h39zs,20:31,,21,,,MISSING_IMAGE,,https://www.youtube.com/watch?v=lnqXL5h39zs
S2019E38,IN_SCOPE,,,False,,"DRAMA POLÉMIQUE CLASH rien du tout juste un avis sincère sur YouTube November 17, 2019 YouTube 23",DRAMA POLÉMIQUE CLASH rien du tout juste un avis sincère sur YouTube,False,SUBSTANTIVE_MISMATCH,jgTyFzpLaD8,23:19,,23,,,MISSING_IMAGE,,https://www.youtube.com/watch?v=jgTyFzpLaD8
S2019E37,IN_SCOPE,,,False,,"RENTRER UN KICKFLIP EN 4H (alors qu'on est nuls en skate) November 10, 2019 YouTube 22",RENTRER UN KICKFLIP EN 4H (alors qu'on est nuls en skate),False,SUBSTANTIVE_MISMATCH,5vCt1hKSeoU,22:16,,22,,,MISSING_IMAGE,,https://www.youtube.com/watch?v=5vCt1hKSeoU
S2019E36,IN_SCOPE,,,False,,"POIRE À LAVEMENT (Gage Perdu « La Bataille des Opés ») October 24, 2019 YouTube 2",POIRE À LAVEMENT (Gage Perdu « La Bataille des Opés »),False,SUBSTANTIVE_MISMATCH,2XVUxoqXuyc,2:39,,3,,,MISSING_IMAGE,,https://www.youtube.com/watch?v=2XVUxoqXuyc
S2019E35,IN_SCOPE,,,False,,"LA BATAILLE DES OPÉS (point de vue Mcfly & Carlito) October 20, 2019 YouTube 37",LA BATAILLE DES OPÉS (point de vue Mcfly & Carlito),False,SUBSTANTIVE_MISMATCH,LclJKsDp8j0,37:06,,37,,,MISSING_IMAGE,,https://www.youtube.com/watch?v=LclJKsDp8j0
S2019E34,IN_SCOPE,,,False,,"LA CHANSON TROP HONNÊTE 2 feat. La Redbox, Léna Situations, Yes Vous Aime, Le Monde à L’envers October 13, 2019 YouTube 11","LA CHANSON TROP HONNÊTE 2 feat. La Redbox, Léna Situations, Yes Vous Aime, Le Monde à L’envers",False,SUBSTANTIVE_MISMATCH,TGbKpCO7hzU,11:14,,11,,,MISSING_IMAGE,,https://www.youtube.com/watch?v=TGbKpCO7hzU
S2019E33,IN_SCOPE,,,False,,"CALL OF DUTYROLIENNE (et autres jeux de mots adéquats) feat. Bigflo & Oli October 6, 2019 YouTube 30",CALL OF DUTYROLIENNE (et autres jeux de mots adéquats) feat. Bigflo & Oli,False,SUBSTANTIVE_MISMATCH,xW4cy-Q3UQU,29:59,,30,,,MISSING_IMAGE,,https://www.youtube.com/watch?v=xW4cy-Q3UQU
S2019E32,IN_SCOPE,,,False,,"NOS FEMMES VS NOS POTES (Quipoquiz challenge) September 29, 2019 YouTube 25",NOS FEMMES VS NOS POTES (QuipoQuiz challenge),False,SUBSTANTIVE_MISMATCH,rxejJhrKYic,24:28,,24,,,MISSING_IMAGE,,https://www.youtube.com/watch?v=rxejJhrKYic
S2019E31,IN_SCOPE,,,False,,"TRANSFORMATION PHYSIQUE EN 1 AN : notre nouveau défi September 22, 2019 YTV 20",TRANSFORMATION PHYSIQUE EN 1 AN : notre nouveau défi,False,SUBSTANTIVE_MISMATCH,VmTrHEztTBE,20:55,,21,,,MISSING_IMAGE,,https://www.youtube.com/watch?v=VmTrHEztTBE
S2019E30,IN_SCOPE,,,False,,"LA DICTÉE LA PLUS DURE AU MONDE + NOS ANECDOTES DE PRIMAIRE September 15, 2019 YTV 34",LA DICTÉE LA PLUS DURE AU MONDE + NOS ANECDOTES DE PRIMAIRE,False,SUBSTANTIVE_MISMATCH,d_pa0dYDlX8,33:54,,34,,,MISSING_IMAGE,,https://www.youtube.com/watch?v=d_pa0dYDlX8
S2019E29,IN_SCOPE,,,False,,"ON PRIVATISE LE PARC ASTÉRIX POUR 1000 ABONNÉS (+ surprise finale)(comment vont-je ?) September 8, 2019 YouTube 37",ON PRIVATISE LE PARC ASTÉRIX POUR 1000 ABONNÉS (+ surprise finale)(comment vont-je ?),False,SUBSTANTIVE_MISMATCH,5O-uae-c-k4,36:58,,37,,,MISSING_IMAGE,,https://www.youtube.com/watch?v=5O-uae-c-k4
S2019E28,IN_SCOPE,,,False,,"STAND-UP DE M*RDEUX SEASON FINALE ENDGAME feat. vous les reconnaîtrez July 14, 2019 YouTube 37",STAND-UP DE M*RDEUX SEASON FINALE ENDGAME feat. vous les reconnaîtrez,False,SUBSTANTIVE_MISMATCH,E1MUBUueCKA,37:26,,37,,,CONFIRMED_OFFICIAL_THUMBNAIL,https://artworks.thetvdb.com/banners/episodes/338282/7289909.jpg,https://www.youtube.com/watch?v=E1MUBUueCKA
S2019E27,IN_SCOPE,,,False,,"BLINDTEST DES ANNÉES 80 feat. Natoo, Squeezie, Léopold, Tales From The Click, PV Nova July 11, 2019 YouTube 14","BLINDTEST DES ANNÉES 80 feat. Natoo, Squeezie, Léopold, Tales From The Click, PV Nova",False,SUBSTANTIVE_MISMATCH,x0TWD-sk0fM,14:05,,14,,,MISSING_IMAGE,,https://www.youtube.com/watch?v=x0TWD-sk0fM
S2019E26,IN_SCOPE,,,False,,"ON DÉCOUVRE NOS RÉSULTATS DU BAC ! July 7, 2019 YouTube 23",ON DÉCOUVRE NOS RÉSULTATS DU BAC !,False,SUBSTANTIVE_MISMATCH,cUpQdGwhHq4,23:03,,23,,,CONFIRMED_OFFICIAL_THUMBNAIL,https://artworks.thetvdb.com/banners/episodes/338282/7269282.jpg,https://www.youtube.com/watch?v=cUpQdGwhHq4
S2019E25,IN_SCOPE,,,False,,"ON RÉALISE UN RÊVE D'ENFANT (Spoil : on a fait Fort Boyard) July 3, 2019 YouTube 15",ON RÉALISE UN RÊVE D'ENFANT (Spoil : on a fait Fort Boyard),False,SUBSTANTIVE_MISMATCH,LRPBexaQVdA,15:20,,15,,,CONFIRMED_OFFICIAL_THUMBNAIL,https://artworks.thetvdb.com/banners/episodes/338282/7265466.jpg,https://www.youtube.com/watch?v=LRPBexaQVdA
S2019E24,IN_SCOPE,,,False,,"UNBOXING (court métrage) June 30, 2019 YouTube 31",UNBOXING (court métrage),False,SUBSTANTIVE_MISMATCH,urJgDlvG7iM,31:13,,31,,,MISSING_IMAGE,,https://www.youtube.com/watch?v=urJgDlvG7iM
S2019E23,IN_SCOPE,,,False,,"CONCOURS D'ANECDOTES #6 vs PHILIPPE LACHEAU & TAREK BOUDALI June 23, 2019 YouTube 32",CONCOURS D'ANECDOTES #6 vs PHILIPPE LACHEAU & TAREK BOUDALI,False,SUBSTANTIVE_MISMATCH,n8kQ6KH2TQ8,32:12,,32,,,MISSING_IMAGE,,https://www.youtube.com/watch?v=n8kQ6KH2TQ8
S2019E22,IN_SCOPE,,,False,,"ON N'EN PEUT PLUS DU BAC (Révisions L) June 12, 2019 YouTube 44",ON N'EN PEUT PLUS DU BAC (Révisions L),False,SUBSTANTIVE_MISMATCH,l49QFsn4u8w,43:34,,44,,,MISSING_IMAGE,,https://www.youtube.com/watch?v=l49QFsn4u8w
S2019E21,IN_SCOPE,,,False,,"ON REPASSE LE BAC : MATIÈRES SCIENTIFIQUES feat. Dr NOZMAN, DIRTYBIOLOGY, MIC MATHS June 9, 2019 YouTube 42","ON REPASSE LE BAC : MATIÈRES SCIENTIFIQUES feat. Dr NOZMAN, DIRTYBIOLOGY, MIC MATHS",False,SUBSTANTIVE_MISMATCH,SjObaBj1fh8,42:31,,43,,,MISSING_IMAGE,,https://www.youtube.com/watch?v=SjObaBj1fh8
S2019E20,IN_SCOPE,,,False,,"TU FAIS UN ATR, ON T’OFFRE UN CADEAU (titre pas ouf mais vidéo folle) June 2, 2019 YouTube 23","TU FAIS UN ATR, ON T’OFFRE UN CADEAU (titre pas ouf mais vidéo folle)",False,SUBSTANTIVE_MISMATCH,pp1N7Y8MYus,23:28,,23,,,CONFIRMED_OFFICIAL_THUMBNAIL,https://artworks.thetvdb.com/banners/episodes/338282/7219102.jpg,https://www.youtube.com/watch?v=pp1N7Y8MYus
S2019E19,IN_SCOPE,,,False,,THE STORY OF BRIAN (clip dessin animé),THE STORY OF BRIAN (clip dessin animé),True,OK,5qr5nypwOg8,3:36,,4,,season finale,MISSING_IMAGE,,https://www.youtube.com/watch?v=5qr5nypwOg8
S2019E18,IN_SCOPE,,,False,,"ON REPASSE LE BAC : GREC & ANGLAIS (+ nouvelle chanson) EP.4 May 26, 2019 YouTube 42",ON REPASSE LE BAC : GREC & ANGLAIS (+ nouvelle chanson) EP.4,False,SUBSTANTIVE_MISMATCH,lcOHnxpCv3A,41:49,,42,,,CONFIRMED_OFFICIAL_THUMBNAIL,https://artworks.thetvdb.com/banners/episodes/338282/7207263.jpg,https://www.youtube.com/watch?v=lcOHnxpCv3A
S2019E17,IN_SCOPE,,,False,,"ON RÉPOND À VOS APPELS (et c'est le bonheur) May 19, 2019 YouTube 25",ON RÉPOND À VOS APPELS (et c'est le bonheur),False,SUBSTANTIVE_MISMATCH,jB_9WyAe32I,25:04,,25,,,CONFIRMED_OFFICIAL_THUMBNAIL,https://artworks.thetvdb.com/banners/episodes/338282/7193868.jpg,https://www.youtube.com/watch?v=jB_9WyAe32I
S2019E16,IN_SCOPE,,,False,,"ON REPASSE LE BAC : ESPAGNOL (24H À BARCELONE POUR RÉVISER) - Ep.3 May 5, 2019 YouTube 35",ON REPASSE LE BAC : ESPAGNOL (24H À BARCELONE POUR RÉVISER) - Ep.3,False,SUBSTANTIVE_MISMATCH,jKAMkm4X1bc,34:50,,35,,,CONFIRMED_OFFICIAL_THUMBNAIL,https://artworks.thetvdb.com/banners/episodes/338282/7167460.jpg,https://www.youtube.com/watch?v=jKAMkm4X1bc
S2019E15,IN_SCOPE,,,False,,"CONCOURS D’ANECDOTES #5 vs GUILLAUME CANET & GILLES LELLOUCHE April 28, 2019 YouTube 35",CONCOURS D’ANECDOTES #5 vs GUILLAUME CANET & GILLES LELLOUCHE,False,SUBSTANTIVE_MISMATCH,RLePW9CrkUI,35:08,,35,,,MISSING_IMAGE,,https://www.youtube.com/watch?v=RLePW9CrkUI
S2019E14,IN_SCOPE,,,False,,"LA HOTLINE MCFLY & CARLITO : Trouverez-vous notre numéro de téléphone ? April 24, 2019 YouTube 6",LA HOTLINE MCFLY & CARLITO : Trouverez-vous notre numéro de téléphone ?,False,SUBSTANTIVE_MISMATCH,rkEq43IsXrg,5:33,,6,,,MISSING_IMAGE,,https://www.youtube.com/watch?v=rkEq43IsXrg
S2019E13,IN_SCOPE,,,False,,"ON VOUS DÉVOILE NOTRE NOUVEAU DÉCOR ! April 21, 2019 YouTube 13",ON VOUS DÉVOILE NOTRE NOUVEAU DÉCOR !,False,SUBSTANTIVE_MISMATCH,De5G9qbO_Sw,13:20,,13,,,CONFIRMED_OFFICIAL_THUMBNAIL,https://artworks.thetvdb.com/banners/episodes/338282/7152561.jpg,https://www.youtube.com/watch?v=De5G9qbO_Sw
S2019E12,IN_SCOPE,,,False,,"ON REPASSE LE BAC (de sport) - ÉPISODE 2 April 14, 2019 YouTube 40",ON REPASSE LE BAC (de sport) - ÉPISODE 2,False,SUBSTANTIVE_MISMATCH,hJyfOTO8adw,39:19,,39,,,CONFIRMED_OFFICIAL_THUMBNAIL,https://artworks.thetvdb.com/banners/episodes/338282/7140258.jpg,https://www.youtube.com/watch?v=hJyfOTO8adw
S2019E11,IN_SCOPE,,,False,,"LES MEILLEURS CHALLENGES DE YOUTUBE 2 feat. Mister V April 7, 2019 YouTube 16",LES MEILLEURS CHALLENGES DE YOUTUBE 2 feat. Mister V,False,SUBSTANTIVE_MISMATCH,QUuoP9uIr9o,16:05,,16,,,CONFIRMED_OFFICIAL_THUMBNAIL,https://artworks.thetvdb.com/banners/episodes/338282/7140239.jpg,https://www.youtube.com/watch?v=QUuoP9uIr9o
S2019E10,IN_SCOPE,,,False,,"KAARISFLY & BOOBALITO (les rappeurs de 40 ans) - CLIP OFFICIEL March 31, 2019 YouTube 5",KAARISFLY & BOOBALITO (les rappeurs de 40 ans) - CLIP OFFICIEL,False,SUBSTANTIVE_MISMATCH,k9AUxltRQFw,4:42,,5,,,MISSING_IMAGE,,https://www.youtube.com/watch?v=k9AUxltRQFw
S2019E09,IN_SCOPE,,,False,,"FAIRE DODO SUR LES GENS March 24, 2019 YouTube 13",FAIRE DODO SUR LES GENS,False,SUBSTANTIVE_MISMATCH,CKC2vPgXbdw,12:50,,13,,,PRESENT_ORIGIN_UNPROVEN,https://artworks.thetvdb.com/banners/episodes/338282/7056515.jpg,https://www.youtube.com/watch?v=CKC2vPgXbdw
S2019E08,IN_SCOPE,,,False,,"ON REPASSE LE BAC (POUR DE VRAI) - ÉPISODE 1 February 24, 2019 YouTube 29",ON REPASSE LE BAC (POUR DE VRAI) - ÉPISODE 1,False,SUBSTANTIVE_MISMATCH,5UeG3TFg-VM,28:40,,29,,,MISSING_IMAGE,,https://www.youtube.com/watch?v=5UeG3TFg-VM
S2019E07,IN_SCOPE,,,False,,"2 ANS SUR YOUTUBE : DE 70.000 à 4 MILLIONS D'ABONNÉS (+ grosse surprise !) February 17, 2019 YouTube 18",2 ANS SUR YOUTUBE : DE 70.000 à 4 MILLIONS D'ABONNÉS (+ grosse surprise !),False,SUBSTANTIVE_MISMATCH,aOJzGTTnUFM,17:42,,18,,,MISSING_IMAGE,,https://www.youtube.com/watch?v=aOJzGTTnUFM
S2019E06,IN_SCOPE,,,False,,"ROMÉO & JULIETTE : LE PIRE GAGE DE L'HISTOIRE (making of + spectacle) February 10, 2019 YouTube 52",ROMÉO & JULIETTE : LE PIRE GAGE DE L'HISTOIRE (making of + spectacle),False,SUBSTANTIVE_MISMATCH,y3zKhDLCg9g,52:15,,52,,,CONFIRMED_OFFICIAL_THUMBNAIL,https://artworks.thetvdb.com/banners/episodes/338282/7047903.jpg,https://www.youtube.com/watch?v=y3zKhDLCg9g
S2019E05,IN_SCOPE,,,False,,"ON REJOUE DANS NOTRE LYCÉE 15 ANS APRÈS February 3, 2019 YouTube 20",ON REJOUE DANS NOTRE LYCÉE 15 ANS APRÈS,False,SUBSTANTIVE_MISMATCH,4On4UCcsWm0,20:05,,20,,,CONFIRMED_OFFICIAL_THUMBNAIL,https://artworks.thetvdb.com/banners/episodes/338282/7047900.jpg,https://www.youtube.com/watch?v=4On4UCcsWm0
S2019E04,IN_SCOPE,,,False,,"MÉLI-MÉLO 2 LEGENDARY EDITION (13 jeux hilarants avec Bigflo & Oli) January 27, 2019 YouTube 45",MÉLI-MÉLO 2 LEGENDARY EDITION (13 jeux hilarants avec Bigflo & Oli),False,SUBSTANTIVE_MISMATCH,5P8E7g_xLJc,45:35,,46,,,CONFIRMED_OFFICIAL_THUMBNAIL,https://artworks.thetvdb.com/banners/episodes/338282/7011245.jpg,https://www.youtube.com/watch?v=5P8E7g_xLJc
S2019E03,IN_SCOPE,,,False,,"SUPER SMASH BROS ULTIMATE FIGHTING (tu perds, tu vas dans l'octogone) January 20, 2019 YouTube 21","SUPER SMASH BROS ULTIMATE FIGHTING (tu perds, tu vas dans l'octogone)",False,SUBSTANTIVE_MISMATCH,jBoKe03TSJc,21:28,,21,,,CONFIRMED_OFFICIAL_THUMBNAIL,https://artworks.thetvdb.com/banners/episodes/338282/7000116.jpg,https://www.youtube.com/watch?v=jBoKe03TSJc
S2019E02,IN_SCOPE,,,False,,"NOTRE 1ER VRAI ESCAPE GAME (vidéo bonus) January 16, 2019 YouTube 21",NOTRE 1ER VRAI ESCAPE GAME (vidéo bonus),False,SUBSTANTIVE_MISMATCH,aE0cD3D6Dvs,21:16,,21,,,CONFIRMED_OFFICIAL_THUMBNAIL,https://artworks.thetvdb.com/banners/episodes/338282/6994804.jpg,https://www.youtube.com/watch?v=aE0cD3D6Dvs
S2019E01,IN_SCOPE,,,False,,"NOS PIRES ANECDOTES SEXUELLES FEAT. PLEIN DE POTES (devant une classe de lycéens) January 13, 2019 YouTube 42",NOS PIRES ANECDOTES SEXUELLES FEAT. PLEIN DE POTES (devant une classe de lycéens),False,SUBSTANTIVE_MISMATCH,U1_ew57z6D8,42:27,,42,,,CONFIRMED_OFFICIAL_THUMBNAIL,https://artworks.thetvdb.com/banners/episodes/338282/6967129.jpg,https://www.youtube.com/watch?v=U1_ew57z6D8
S2018E45,IN_SCOPE,,,False,,4 MILLIONS D'ABONNÉS feat. GAD ELMALEH (Mario carte bleue + Concours d'anecdotes),4 MILLIONS D'ABONNÉS feat. GAD ELMALEH (Mario carte bleue + Concours d'anecdotes),True,OK,XzWdCBdXi0Q,36:46,,37,,season finale,MISSING_IMAGE,,https://www.youtube.com/watch?v=XzWdCBdXi0Q
S2018E44,IN_SCOPE,,,False,,"MESSMERDEUX : LE RETOUR DE L'INCROYABLE MENTALISTE (VS Fabien Olicard) December 16, 2018 YouTube 15",MESSMERDEUX : LE RETOUR DE L'INCROYABLE MENTALISTE (VS Fabien Olicard),False,SUBSTANTIVE_MISMATCH,DTxAdIHYVMs,15:01,,15,,,CONFIRMED_OFFICIAL_THUMBNAIL,https://artworks.thetvdb.com/banners/episodes/338282/6942081.jpg,https://www.youtube.com/watch?v=DTxAdIHYVMs
S2018E43,IN_SCOPE,,,False,,"TOP 1 FORTNITE EN 24H ? (alors qu’on y a jamais joué) feat. LePérave, Mickalow, Jiraya, Gotaga December 9, 2018 YouTube 31","TOP 1 FORTNITE EN 24H ? (alors qu’on y a jamais joué) feat. LePérave, Mickalow, Jiraya, Gotaga",False,SUBSTANTIVE_MISMATCH,EETW9A6e1NU,31:23,,31,,,MISSING_IMAGE,,https://www.youtube.com/watch?v=EETW9A6e1NU
S2018E42,IN_SCOPE,,,False,,"STAND-UP DE M*RDE (feat. Bigflo&Oli, Le Pérave, Maxenss, Seb La Frite, Wawad) December 2, 2018 YouTube 20","STAND-UP DE M*RDE (feat. Bigflo&Oli, Le Pérave, Maxenss, Seb La Frite, Wawad)",False,SUBSTANTIVE_MISMATCH,0JpMRkCJTAY,20:19,,20,,,CONFIRMED_OFFICIAL_THUMBNAIL,https://artworks.thetvdb.com/banners/episodes/338282/6935158.jpg,https://www.youtube.com/watch?v=0JpMRkCJTAY
S2018E41,IN_SCOPE,,,False,,"TU PERDS, TU SAUTES feat. Jimmy Labeeu et Le Pérave November 25, 2018 YouTube 35","TU PERDS, TU SAUTES feat. Jimmy Labeeu et Le Pérave",False,SUBSTANTIVE_MISMATCH,3RbQ6YLmFqk,34:29,,34,,,CONFIRMED_OFFICIAL_THUMBNAIL,https://artworks.thetvdb.com/banners/episodes/338282/6935131.jpg,https://www.youtube.com/watch?v=3RbQ6YLmFqk
S2018E40,IN_SCOPE,,,False,,"LES PIRES JEUX DE MOTS DE MCFLY - LA COMPIL' November 21, 2018 YouTube 10",LES PIRES JEUX DE MOTS DE MCFLY - LA COMPIL',False,SUBSTANTIVE_MISMATCH,Sao514_TT_U,10:34,,11,,,CONFIRMED_OFFICIAL_THUMBNAIL,https://artworks.thetvdb.com/banners/episodes/338282/6935130.jpg,https://www.youtube.com/watch?v=Sao514_TT_U
S2018E39,IN_SCOPE,,,False,,"ON A LAISSÉ NOTRE STUDIO AUX ABONNÉS (faites nous rire) November 18, 2018 YouTube 17",ON A LAISSÉ NOTRE STUDIO AUX ABONNÉS (faites nous rire),False,SUBSTANTIVE_MISMATCH,u4bka6SF5Xs,17:26,,17,,,CONFIRMED_OFFICIAL_THUMBNAIL,https://artworks.thetvdb.com/banners/episodes/338282/6935123.jpg,https://www.youtube.com/watch?v=u4bka6SF5Xs
S2018E38,IN_SCOPE,,,False,,"RED HEAD REDEMPTION (Tu perds, tu te teins en rouge) feat. LAINK & TERRACID November 11, 2018 YouTube 30","RED HEAD REDEMPTION (Tu perds, tu te teins en rouge) feat. LAINK & TERRACID",False,SUBSTANTIVE_MISMATCH,4ZOttFxNwCg,29:46,,30,,,CONFIRMED_OFFICIAL_THUMBNAIL,https://artworks.thetvdb.com/banners/episodes/338282/6935112.jpg,https://www.youtube.com/watch?v=4ZOttFxNwCg
S2018E37,IN_SCOPE,,,False,,"ON NETTOIE PARIS AVEC DES ABONNÉS (CleanWalk) November 4, 2018 YouTube 16",ON NETTOIE PARIS AVEC DES ABONNÉS (CleanWalk),False,SUBSTANTIVE_MISMATCH,rD7SIIYVXJ8,16:04,,16,,,CONFIRMED_OFFICIAL_THUMBNAIL,https://artworks.thetvdb.com/banners/episodes/338282/6891656.jpg,https://www.youtube.com/watch?v=rD7SIIYVXJ8
S2018E36,IN_SCOPE,,,False,,"ON NE PORTE PAS DE SOUS-VÊTEMENTS October 28, 2018 YouTube 4",ON NE PORTE PAS DE SOUS-VÊTEMENTS,False,SUBSTANTIVE_MISMATCH,QiSmmhaPb6E,4:23,,4,,,MISSING_IMAGE,,https://www.youtube.com/watch?v=QiSmmhaPb6E
S2018E35,IN_SCOPE,,,False,,"LE DERNIER MEILLEUR JEU EN VOITURE #10 feat. JONATHAN COHEN October 14, 2018 YouTube 20",LE DERNIER MEILLEUR JEU EN VOITURE #10 feat. JONATHAN COHEN,False,SUBSTANTIVE_MISMATCH,VpXGcnbw3Ss,20:37,,21,,,MISSING_IMAGE,,https://www.youtube.com/watch?v=VpXGcnbw3Ss
S2018E34,IN_SCOPE,,,False,,"YOUTUBE WARRIOR 4 vs CYPRIEN & SQUEEZIE October 7, 2018 YouTube 39",YOUTUBE WARRIOR 4 vs CYPRIEN & SQUEEZIE,False,SUBSTANTIVE_MISMATCH,kWGIQRNC2hQ,39:14,,39,,,MISSING_IMAGE,,https://www.youtube.com/watch?v=kWGIQRNC2hQ
S2018E33,IN_SCOPE,,,False,,"INSTAGRAM CONTRÔLE NOTRE VIE PENDANT 24H September 30, 2018 YouTube 14",INSTAGRAM CONTRÔLE NOTRE VIE PENDANT 24H,False,SUBSTANTIVE_MISMATCH,gggJezl0L8s,14:26,,14,,,MISSING_IMAGE,,https://www.youtube.com/watch?v=gggJezl0L8s
S2018E32,IN_SCOPE,,,False,,"FAQ DE L’EXTRÊME POUR LA SORTIE DE NOTRE DICO September 27, 2018 YouTube 15",FAQ DE L’EXTRÊME POUR LA SORTIE DE NOTRE DICO,False,SUBSTANTIVE_MISMATCH,eB2Y4R4M6gw,15:27,,15,,,CONFIRMED_OFFICIAL_THUMBNAIL,https://artworks.thetvdb.com/banners/episodes/338282/6845459.jpg,https://www.youtube.com/watch?v=eB2Y4R4M6gw
S2018E31,IN_SCOPE,,,False,,"ÉNORME ESCAPE GAME EN FORÊT (feat. Squeezie, Natoo, Audrey Pirault, Justine Le Pottier) September 23, 2018 YouTube 27","ÉNORME ESCAPE GAME EN FORÊT (feat. Squeezie, Natoo, Audrey Pirault, Justine Le Pottier)",False,SUBSTANTIVE_MISMATCH,bbjvUbouUj4,26:58,,27,,,CONFIRMED_OFFICIAL_THUMBNAIL,https://artworks.thetvdb.com/banners/episodes/338282/6839162.jpg,https://www.youtube.com/watch?v=bbjvUbouUj4
S2018E30,IN_SCOPE,,,False,,"RETOUR DE VACANCES : ON LIT VOS COMMENTAIRES September 16, 2018 YouTube 11",RETOUR DE VACANCES : ON LIT VOS COMMENTAIRES,False,SUBSTANTIVE_MISMATCH,1eCtSMUfMMs,11:03,,11,,,CONFIRMED_OFFICIAL_THUMBNAIL,https://artworks.thetvdb.com/banners/episodes/338282/6839161.jpg,https://www.youtube.com/watch?v=1eCtSMUfMMs
S2018E29,IN_SCOPE,,,False,,"RAP’N’ROLL (7 hits rap façon rock) July 22, 2018 YouTube 5",RAP’N’ROLL (7 hits rap façon rock),False,SUBSTANTIVE_MISMATCH,bJcStxvhqqI,4:38,,5,,,CONFIRMED_OFFICIAL_THUMBNAIL,https://artworks.thetvdb.com/banners/episodes/338282/6782384.jpg,https://www.youtube.com/watch?v=bJcStxvhqqI
S2018E28,IN_SCOPE,,,False,,"LA CHANSON TROP HONNÊTE ALL STAR (season finale) July 15, 2018 YouTube 18",LA CHANSON TROP HONNÊTE ALL STAR (season finale),False,SUBSTANTIVE_MISMATCH,RhpjYxbeJ8w,18:02,,18,,,CONFIRMED_OFFICIAL_THUMBNAIL,https://artworks.thetvdb.com/banners/episodes/338282/6782383.jpg,https://www.youtube.com/watch?v=RhpjYxbeJ8w
S2018E27,IN_SCOPE,,,False,,"BLINDTEST DES SYNONYMES 2 feat. NATOO et FRED TESTOT July 8, 2018 YouTube 30",BLINDTEST DES SYNONYMES 2 feat. NATOO et FRED TESTOT,False,SUBSTANTIVE_MISMATCH,NheeqQr0P6s,29:54,,30,,,CONFIRMED_OFFICIAL_THUMBNAIL,https://artworks.thetvdb.com/banners/episodes/338282/6753407.jpg,https://www.youtube.com/watch?v=NheeqQr0P6s
S2018E26,IN_SCOPE,,,False,,"MARIO CARTE BLEUE ALL STAR (feat. Squeezie, Cyril, Natoo, Cyprien, Léo Le Pérave) July 1, 2018 YouTube 50","MARIO CARTE BLEUE ALL STAR (feat. Squeezie, Cyril, Natoo, Cyprien, Léo Le Pérave)",False,SUBSTANTIVE_MISMATCH,adIelN-4pok,50:35,,51,,,MISSING_IMAGE,,https://www.youtube.com/watch?v=adIelN-4pok
S2018E25,IN_SCOPE,,,False,,"Bourre Simulator : La Course en état d'ivresse June 24, 2018 YouTube 27",BOURRÉ SIMULATOR : LA COURSE EN ÉTAT D’IVRESSE,False,SUBSTANTIVE_MISMATCH,Uu5sTjwCvCI,26:59,,27,,,CONFIRMED_OFFICIAL_THUMBNAIL,https://artworks.thetvdb.com/banners/episodes/338282/6751355.jpg,https://www.youtube.com/watch?v=Uu5sTjwCvCI
S2018E24,IN_SCOPE,,,False,,"ON DEGUSTE LES MEILLEURS MIX'N'TWIST (cuisinés par un grand chef) June 17, 2018 YouTube 27",ON DÉGUSTE LES MEILLEURS MIX’N’TWIST (cuisinés par un grand chef),False,SUBSTANTIVE_MISMATCH,8qXxPYZZM4g,27:31,,28,,,MISSING_IMAGE,,https://www.youtube.com/watch?v=8qXxPYZZM4g
S2018E23,IN_SCOPE,,,False,,"CONCOURS D'ANECDOTES #4 vs MICHAEL YOUN & VINCENT DESAGNAT June 10, 2018 YouTube 42",CONCOURS D'ANECDOTES #4 vs MICHAËL YOUN & VINCENT DESAGNAT,False,SUBSTANTIVE_MISMATCH,Nx7AE9KfAlM,42:01,,42,,,MISSING_IMAGE,,https://www.youtube.com/watch?v=Nx7AE9KfAlM
S2018E22,IN_SCOPE,,,False,,"MELI-MELO (9 jeux hilarants avec Bigflo & Oli) June 3, 2018 YouTube 24",MÉLI-MÉLO (9 jeux hilarants avec Bigflo & Oli),False,SUBSTANTIVE_MISMATCH,hsS3tBJ-duY,24:45,,25,,,CONFIRMED_OFFICIAL_THUMBNAIL,https://artworks.thetvdb.com/banners/episodes/338282/6751352.jpg,https://www.youtube.com/watch?v=hsS3tBJ-duY
S2018E21,IN_SCOPE,,,False,,"YOUTUBE WARRIOR 3 vs Jimmy Labeeu & Math se fait des films May 27, 2018 YouTube 25",YOUTUBE WARRIOR 3 vs Jimmy Labeeu & Math se fait des films,False,SUBSTANTIVE_MISMATCH,9leGWlOXaTA,25:12,,25,,,MISSING_IMAGE,,https://www.youtube.com/watch?v=9leGWlOXaTA
S2018E20,IN_SCOPE,,,False,,"MCFLY A ECRIT UN NOUVEAU SKETCH May 20, 2018 YouTube 7",MCFLY A ÉCRIT UN NOUVEAU SKETCH,False,SUBSTANTIVE_MISMATCH,QJWTqI-uor4,7:09,,7,,,CONFIRMED_OFFICIAL_THUMBNAIL,https://artworks.thetvdb.com/banners/episodes/338282/6751346.jpg,https://www.youtube.com/watch?v=QJWTqI-uor4
S2018E18,IN_SCOPE,,,False,,"ON A RETROUVÉ UNE VIDÉO INCROYABLE ! May 13, 2018 YouTube 22",ON A RETROUVÉ UNE VIDÉO INCROYABLE !,False,SUBSTANTIVE_MISMATCH,ZIAreBoIZCU,21:35,,22,,,MISSING_IMAGE,,https://www.youtube.com/watch?v=ZIAreBoIZCU
S2018E17,IN_SCOPE,,,False,,"ON APPELLE DES GENS AU HASARD #8 feat. GAD ELMALEH - SPÉCIAL 3 MILLIONS April 9, 2018 YouTube 22",ON APPELLE DES GENS AU HASARD #8 feat. GAD ELMALEH - SPÉCIAL 3 MILLIONS,False,SUBSTANTIVE_MISMATCH,K6W8CVcJ8Cg,21:58,,22,,,CONFIRMED_OFFICIAL_THUMBNAIL,https://artworks.thetvdb.com/banners/episodes/338282/6672791.jpg,https://www.youtube.com/watch?v=K6W8CVcJ8Cg
S2018E16,IN_SCOPE,,,False,,"CE N’EST QU’UN AU REVOIR + MEILLEURS MOMENTS April 8, 2018 YouTube 20",CE N’EST QU’UN AU REVOIR + MEILLEURS MOMENTS,False,SUBSTANTIVE_MISMATCH,aVdMUCbbkq0,20:00,,20,,,CONFIRMED_OFFICIAL_THUMBNAIL,https://artworks.thetvdb.com/banners/episodes/338282/6672790.jpg,https://www.youtube.com/watch?v=aVdMUCbbkq0
S2018E15,IN_SCOPE,,,False,,"LA CHANSON DE LA JOIE (DEFI YOUTUBE WARRIOR 2 PERDU RE-UPLOAD) March 28, 2018 YouTube 2",LA CHANSON DE LA JOIE (DEFI YOUTUBE WARRIOR 2 PERDU RE-UPLOAD),False,SUBSTANTIVE_MISMATCH,E4691igUPG8,2:20,,2,,,CONFIRMED_OFFICIAL_THUMBNAIL,https://artworks.thetvdb.com/banners/episodes/338282/6672788.jpg,https://www.youtube.com/watch?v=E4691igUPG8
S2018E14,IN_SCOPE,,,False,,"YOUTUBE WARRIOR 2 vs Mister V & Jérémie Dethelot March 25, 2018 YouTube 26",YOUTUBE WARRIOR 2 vs Mister V & Jérémie Dethelot,False,SUBSTANTIVE_MISMATCH,pxvBTSx47C8,26:38,,27,,,MISSING_IMAGE,,https://www.youtube.com/watch?v=pxvBTSx47C8
S2018E13,IN_SCOPE,,,False,,"LES BELGES ONT-ILS UN COEUR ? feat. JIMMY LABEEU March 18, 2018 YouTube 20",LES BELGES ONT-ILS UN COEUR ? feat. JIMMY LABEEU,False,SUBSTANTIVE_MISMATCH,ZyFfrCpZah4,19:40,,20,,,MISSING_IMAGE,,https://www.youtube.com/watch?v=ZyFfrCpZah4
S2018E12,IN_SCOPE,,,False,,"LE MEILLEUR JEU EN VOITURE #9 feat.YACINE & DÉDO March 11, 2018 YouTube 13",LE MEILLEUR JEU EN VOITURE #9 feat.YACINE & DÉDO,False,SUBSTANTIVE_MISMATCH,D_BDFto-n5U,12:37,,13,,,MISSING_IMAGE,,https://www.youtube.com/watch?v=D_BDFto-n5U
S2018E11,IN_SCOPE,,,False,,"ON VOUS VEUT March 7, 2018 YouTube 5",ON VOUS VEUT,False,SUBSTANTIVE_MISMATCH,b_vQnuk2W7Y,4:41,,5,,,MISSING_IMAGE,,https://www.youtube.com/watch?v=b_vQnuk2W7Y
S2018E10,IN_SCOPE,,,False,,"ON CHERCHE UN STAGIAIRE March 4, 2018 YouTube 8",ON CHERCHE UN STAGIAIRE,False,SUBSTANTIVE_MISMATCH,29zlbazAvHA,8:13,,8,,,CONFIRMED_OFFICIAL_THUMBNAIL,https://artworks.thetvdb.com/banners/episodes/338282/6573046.jpg,https://www.youtube.com/watch?v=29zlbazAvHA
S2018E09,IN_SCOPE,,,False,,"PHOTOS MY LIFE (vidéo spéciale 1 an sur Youtube) February 25, 2018 YouTube 26",PHOTOS MY LIFE (vidéo spéciale 1 an sur Youtube),False,SUBSTANTIVE_MISMATCH,i3ZcSyL23JA,25:43,,26,,,CONFIRMED_OFFICIAL_THUMBNAIL,https://artworks.thetvdb.com/banners/episodes/338282/6558164.jpg,https://www.youtube.com/watch?v=i3ZcSyL23JA
S2018E07,IN_SCOPE,,,False,,"DRAGON BOULE À Z (tu perds, t'es chauve) feat. CYPRIEN & JEREMIE DETHELOT February 11, 2018 YouTube 14","DRAGON BOULE À Z (tu perds, t'es chauve) feat. CYPRIEN & JEREMIE DETHELOT",False,SUBSTANTIVE_MISMATCH,9JWLXq42PLs,14:02,,14,,,CONFIRMED_OFFICIAL_THUMBNAIL,https://artworks.thetvdb.com/banners/episodes/338282/6549289.jpg,https://www.youtube.com/watch?v=9JWLXq42PLs
S2018E06,IN_SCOPE,,,False,,"DESSIN ANIMÉ + GROSSE ANNONCE January 31, 2018 YouTube 7",DESSIN ANIMÉ + GROSSE ANNONCE,False,SUBSTANTIVE_MISMATCH,t0ECVaQLaWY,7:09,,7,,,CONFIRMED_OFFICIAL_THUMBNAIL,https://artworks.thetvdb.com/banners/episodes/338282/6549288.jpg,https://www.youtube.com/watch?v=t0ECVaQLaWY
S2018E05,IN_SCOPE,,,False,,"ON CRÉE DES CHANSONS EN IMPRO #2 feat. Maxenss et Squeezie January 28, 2018 YouTube 15",ON CRÉE DES CHANSONS EN IMPRO #2 feat. Maxenss et Squeezie,False,SUBSTANTIVE_MISMATCH,Hj9XPmLeqOw,15:00,,15,,,MISSING_IMAGE,,https://www.youtube.com/watch?v=Hj9XPmLeqOw
S2018E04,IN_SCOPE,,,False,,"MCFLY PRÉSENTE SES EXCUSES January 21, 2018 YouTube 5",MCFLY PRÉSENTE SES EXCUSES,False,SUBSTANTIVE_MISMATCH,XiCyrqH4xSQ,5:22,,5,,,CONFIRMED_OFFICIAL_THUMBNAIL,https://artworks.thetvdb.com/banners/episodes/338282/6520650.jpg,https://www.youtube.com/watch?v=XiCyrqH4xSQ
S2018E03,IN_SCOPE,,,False,,"S vs L (Clash des filières) January 14, 2018 YouTube 5",S vs L (Clash des filières),False,SUBSTANTIVE_MISMATCH,1lJOpFI3HRI,4:51,,5,,,MISSING_IMAGE,,https://www.youtube.com/watch?v=1lJOpFI3HRI
S2018E02,IN_SCOPE,,,False,,"CONCOURS D'ANECDOTES #3 vs MR.POULPE & DAVY January 7, 2018 YouTube 25",CONCOURS D'ANECDOTES #3 vs MR.POULPE & DAVY,False,SUBSTANTIVE_MISMATCH,pmoM9aY6A4U,24:41,,25,,,MISSING_IMAGE,,https://www.youtube.com/watch?v=pmoM9aY6A4U
S2017E51,IN_SCOPE,,,False,,ON APPELLE DES GENS AU HASARD DANS NOS TÉLÉPHONES #6 feat. MISTER V,ON APPELLE DES GENS AU HASARD DANS NOS TÉLÉPHONES #6 feat. MISTER V,True,OK,BQL-ge-5Org,21:33,,22,,season finale,CONFIRMED_OFFICIAL_THUMBNAIL,https://artworks.thetvdb.com/banners/episodes/338282/6520647.jpg,https://www.youtube.com/watch?v=BQL-ge-5Org
S2017E50,IN_SCOPE,,,False,,"MARIO CARTE BLEUE #3 (Tu perds, tu paies) December 24, 2017 YouTube 19","MARIO CARTE BLEUE #3 (Tu perds, tu paies)",False,SUBSTANTIVE_MISMATCH,1d54u4CMuNA,19:17,,19,,,CONFIRMED_OFFICIAL_THUMBNAIL,https://artworks.thetvdb.com/banners/episodes/338282/6520644.jpg,https://www.youtube.com/watch?v=1d54u4CMuNA
S2017E49,IN_SCOPE,,,False,,"ON VOUS LIVRE NOTRE DÉCOR (partie 2) December 20, 2017 YouTube 23",ON VOUS LIVRE NOTRE DÉCOR (partie 2),False,SUBSTANTIVE_MISMATCH,NM6bdudlKaI,22:45,,23,,,CONFIRMED_OFFICIAL_THUMBNAIL,https://artworks.thetvdb.com/banners/episodes/338282/6520642.jpg,https://www.youtube.com/watch?v=NM6bdudlKaI
S2017E48,IN_SCOPE,,,False,,"ON VOUS LIVRE NOTRE DÉCOR (partie 1) December 17, 2017 YouTube 28",ON VOUS LIVRE NOTRE DÉCOR (partie 1),False,SUBSTANTIVE_MISMATCH,M1PiAic9vFM,27:56,,28,,,CONFIRMED_OFFICIAL_THUMBNAIL,https://artworks.thetvdb.com/banners/episodes/338282/6520639.jpg,https://www.youtube.com/watch?v=M1PiAic9vFM
S2017E47,IN_SCOPE,,,False,,"SOUSCRIVEZ À UN TABOULÉ (défi youtube warrior perdu) December 11, 2017 YouTube 16",SOUSCRIVEZ À UN TABOULÉ (défi youtube warrior perdu),False,SUBSTANTIVE_MISMATCH,YDLNnw7gWLo,15:38,,16,,,CONFIRMED_OFFICIAL_THUMBNAIL,https://artworks.thetvdb.com/banners/episodes/338282/6520638.jpg,https://www.youtube.com/watch?v=YDLNnw7gWLo
S2017E46,IN_SCOPE,,,False,,"YOUTUBE WARRIOR vs Maxenss & Squeezie December 10, 2017 YouTube 22",YOUTUBE WARRIOR vs Maxenss & Squeezie,False,SUBSTANTIVE_MISMATCH,tzq7TskZ8Wc,22:08,,22,,,MISSING_IMAGE,,https://www.youtube.com/watch?v=tzq7TskZ8Wc
S2017E45,IN_SCOPE,,,False,,"ON CRÉE DES CHANSONS EN IMPRO feat. Maxenss et Sofyan December 3, 2017 YouTube 15",ON CRÉE DES CHANSONS EN IMPRO feat. Maxenss et Sofyan,False,SUBSTANTIVE_MISMATCH,WZGpcuXCKzs,14:41,,15,,,MISSING_IMAGE,,https://www.youtube.com/watch?v=WZGpcuXCKzs
S2017E44,IN_SCOPE,,,False,,"ON FÊTE NOS 2 MILLIONS D'ABONNÉS EN LIVE (Best Of) November 29, 2017 YouTube 57",ON FÊTE NOS 2 MILLIONS D'ABONNÉS EN LIVE (Best Of),False,SUBSTANTIVE_MISMATCH,iP66hpQySmg,56:32,,57,,,MISSING_IMAGE,,https://www.youtube.com/watch?v=iP66hpQySmg
S2017E43,IN_SCOPE,,,False,,"LE MEILLEUR JEU EN VAISSEAU feat. FloBer & Lucien Maine November 26, 2017 YouTube 13",LE MEILLEUR JEU EN VAISSEAU feat. FloBer & Lucien Maine,False,SUBSTANTIVE_MISMATCH,Lo5hCHzcS9g,12:53,,13,,,CONFIRMED_OFFICIAL_THUMBNAIL,https://artworks.thetvdb.com/banners/episodes/338282/6520630.jpg,https://www.youtube.com/watch?v=Lo5hCHzcS9g
S2017E42,IN_SCOPE,,,False,,"INSTARWARS (tu perds, tu publies sur Insta) November 19, 2017 YouTube 20","INSTARWARS (tu perds, tu publies sur Insta)",False,SUBSTANTIVE_MISMATCH,T_su3F3aEjY,19:36,,20,,,CONFIRMED_OFFICIAL_THUMBNAIL,https://artworks.thetvdb.com/banners/episodes/338282/6423910.jpg,https://www.youtube.com/watch?v=T_su3F3aEjY
S2017E41,IN_SCOPE,,,False,,"ON VOUS DÉVOILE NOTRE VRAI SALAIRE November 12, 2017 YouTube 8",ON VOUS DÉVOILE NOTRE VRAI SALAIRE,False,SUBSTANTIVE_MISMATCH,GBVxEpQr8R8,7:36,,8,,,CONFIRMED_OFFICIAL_THUMBNAIL,https://artworks.thetvdb.com/banners/episodes/338282/6423909.jpg,https://www.youtube.com/watch?v=GBVxEpQr8R8
S2017E40,IN_SCOPE,,,False,,"CONCOURS D'ANECDOTES #2 vs BAPT & GAËL November 5, 2017 YouTube 20",CONCOURS D'ANECDOTES #2 vs BAPT & GAËL,False,SUBSTANTIVE_MISMATCH,iAraAvjlgN4,20:29,,20,,,MISSING_IMAGE,,https://www.youtube.com/watch?v=iAraAvjlgN4
S2017E39,IN_SCOPE,,,False,,"MCFLY & CARLITO x BIGFLO & OLI - FIFA October 29, 2017 YouTube 4",MCFLY & CARLITO x BIGFLO & OLI - FIFA,False,SUBSTANTIVE_MISMATCH,N5D3dNiVGDU,4:27,,4,,,MISSING_IMAGE,,https://www.youtube.com/watch?v=N5D3dNiVGDU
S2017E38,IN_SCOPE,,,False,,"LA FAQ DE L'EXTRÊME ! October 22, 2017 YouTube 11",LA FAQ DE L'EXTRÊME !,False,SUBSTANTIVE_MISMATCH,pehC7lII6lM,11:10,,11,,,CONFIRMED_OFFICIAL_THUMBNAIL,https://artworks.thetvdb.com/banners/episodes/338282/6423906.jpg,https://www.youtube.com/watch?v=pehC7lII6lM
S2017E37,IN_SCOPE,,,False,,"LE MEILLEUR JEU EN VOITURE #8 feat. BAPTISTE LECAPLAIN October 15, 2017 YouTube 15",LE MEILLEUR JEU EN VOITURE #8 feat. BAPTISTE LECAPLAIN,False,SUBSTANTIVE_MISMATCH,W4is15cdWeU,14:59,,15,,,MISSING_IMAGE,,https://www.youtube.com/watch?v=W4is15cdWeU
S2017E36,IN_SCOPE,,,False,,"MARIO CARTE BLEUE #2 (Tu perds, tu paies) October 8, 2017 YouTube 16","MARIO CARTE BLEUE #2 (Tu perds, tu paies)",False,SUBSTANTIVE_MISMATCH,q3uynq1tIDM,16:20,,16,,,CONFIRMED_OFFICIAL_THUMBNAIL,https://artworks.thetvdb.com/banners/episodes/338282/6423904.jpg,https://www.youtube.com/watch?v=q3uynq1tIDM
S2017E35,IN_SCOPE,,,False,,"ON A FAIT UNE GROSSE ERREUR October 1, 2017 YouTube 5",ON A FAIT UNE GROSSE ERREUR,False,SUBSTANTIVE_MISMATCH,I-fQZ_WhDwA,5:31,,6,,,CONFIRMED_OFFICIAL_THUMBNAIL,https://artworks.thetvdb.com/banners/episodes/338282/6423903.jpg,https://www.youtube.com/watch?v=I-fQZ_WhDwA
S2017E34,IN_SCOPE,,,False,,"JOKES DE PAPARODIE (tu ris, tu perds) September 24, 2017 YouTube 9","JOKES DE PAPARODIE (tu ris, tu perds)",False,SUBSTANTIVE_MISMATCH,51wPPvcBNCM,8:39,,9,,,CONFIRMED_OFFICIAL_THUMBNAIL,https://artworks.thetvdb.com/banners/episodes/338282/6423901.jpg,https://www.youtube.com/watch?v=51wPPvcBNCM
S2017E33,IN_SCOPE,,,False,,"SURCOTÉ vs SOUS-CÔTÉ September 17, 2017 YouTube 3",SURCOTÉ vs SOUS-CÔTÉ,False,SUBSTANTIVE_MISMATCH,I5xkoZm4cCU,2:48,,3,,,MISSING_IMAGE,,https://www.youtube.com/watch?v=I5xkoZm4cCU
S2017E32,IN_SCOPE,,,False,,"CONCOURS D'ANECDOTES vs BIGFLO & OLI September 10, 2017 YouTube 19",CONCOURS D'ANECDOTES vs BIGFLO & OLI,False,SUBSTANTIVE_MISMATCH,FhlLC_PdnoQ,18:37,,19,,,MISSING_IMAGE,,https://www.youtube.com/watch?v=FhlLC_PdnoQ
S2017E31,IN_SCOPE,,,False,,"NOS MEILLEURES STORIES (Best Of Insta/Snap) September 3, 2017 YouTube 10",NOS MEILLEURES STORIES (Best Of Insta/Snap),False,SUBSTANTIVE_MISMATCH,TUukkySJB1k,10:02,,10,,,CONFIRMED_OFFICIAL_THUMBNAIL,https://artworks.thetvdb.com/banners/episodes/338282/6423897.jpg,https://www.youtube.com/watch?v=TUukkySJB1k
S2017E30,IN_SCOPE,,,False,,"LE MEILLEUR JEU EN VOITURE #7 feat. NATOO et AUDREY PIRAULT August 27, 2017 YouTube 11",LE MEILLEUR JEU EN VOITURE #7 feat. NATOO et AUDREY PIRAULT,False,SUBSTANTIVE_MISMATCH,CDKZ5V1qsVw,11:19,,11,,,MISSING_IMAGE,,https://www.youtube.com/watch?v=CDKZ5V1qsVw
S2017E29,IN_SCOPE,,,False,,"ON APPELLE DES GENS AU HASARD DANS NOS TÉLÉPHONES #5 feat. AMIXEM August 20, 2017 YouTube 18",ON APPELLE DES GENS AU HASARD DANS NOS TÉLÉPHONES #5 feat. AMIXEM,False,SUBSTANTIVE_MISMATCH,WSitdWTpBQU,18:31,,19,,,CONFIRMED_OFFICIAL_THUMBNAIL,https://artworks.thetvdb.com/banners/episodes/338282/6423895.jpg,https://www.youtube.com/watch?v=WSitdWTpBQU
S2017E28,IN_SCOPE,,,False,,"ON VOUS OFFRE UN lPHONE 7+ ! August 13, 2017 YouTube 6",ON VOUS OFFRE UN lPHONE 7+ !,False,SUBSTANTIVE_MISMATCH,rA8asfcl3ws,6:16,,6,,,CONFIRMED_OFFICIAL_THUMBNAIL,https://artworks.thetvdb.com/banners/episodes/338282/6423894.jpg,https://www.youtube.com/watch?v=rA8asfcl3ws
S2017E27,IN_SCOPE,,,False,,"LE MEILLEUR JEU EN VOITURE #6 Feat. Jérémy Nadeau August 6, 2017 YouTube 17",LE MEILLEUR JEU EN VOITURE #6 Feat. Jérémy Nadeau,False,SUBSTANTIVE_MISMATCH,sdioXgobPoA,17:19,,17,,,MISSING_IMAGE,,https://www.youtube.com/watch?v=sdioXgobPoA
S2017E26,IN_SCOPE,,,False,,"MESSAGE DE SANTÉ PUBLIQUE July 30, 2017 YouTube 3",MESSAGE DE SANTÉ PUBLIQUE,False,SUBSTANTIVE_MISMATCH,9xafJRow84c,2:43,,3,,,CONFIRMED_OFFICIAL_THUMBNAIL,https://artworks.thetvdb.com/banners/episodes/338282/6423892.jpg,https://www.youtube.com/watch?v=9xafJRow84c
S2017E25,IN_SCOPE,,,False,,"ON APPELLE DES GENS AU HASARD DANS NOS TÉLÉPHONES #4 feat. SQUEEZIE July 23, 2017 YouTube 33",ON APPELLE DES GENS AU HASARD DANS NOS TÉLÉPHONES #4 feat. SQUEEZIE,False,SUBSTANTIVE_MISMATCH,y5YRzetgNjI,32:54,,33,,,CONFIRMED_OFFICIAL_THUMBNAIL,https://artworks.thetvdb.com/banners/episodes/338282/6423891.jpg,https://www.youtube.com/watch?v=y5YRzetgNjI
S2017E24,IN_SCOPE,,,False,,"THE FLOOR IS BABA (feat. Adèle, Maxenss, Pierre Croce & Squeezie) July 18, 2017 YouTube 4","THE FLOOR IS BABA (feat. Adèle, Maxenss, Pierre Croce & Squeezie)",False,SUBSTANTIVE_MISMATCH,FVLlFkwEcCs,3:58,,4,,,CONFIRMED_OFFICIAL_THUMBNAIL,https://artworks.thetvdb.com/banners/episodes/338282/6423890.jpg,https://www.youtube.com/watch?v=FVLlFkwEcCs
S2017E23,IN_SCOPE,,,False,,"1 MILLION D'ABONNÉS - MERCI (Notre 1ère vidéo sincère) July 16, 2017 YouTube 4",1 MILLION D'ABONNÉS - MERCI ! (Notre 1ère vidéo sincère),False,SUBSTANTIVE_MISMATCH,7ss-7u8n_74,4:03,,4,,,CONFIRMED_OFFICIAL_THUMBNAIL,https://artworks.thetvdb.com/banners/episodes/338282/6423320.jpg,https://www.youtube.com/watch?v=7ss-7u8n_74
S2017E22,IN_SCOPE,,,False,,"PRANK ! JE FAIS CROIRE À MCFLY QUE JE SUIS SON PÈRE (SA TOURNE MAL) July 9, 2017 YouTube 8",PRANK ! JE FAIS CROIRE À MCFLY QUE JE SUIS SON PÈRE (SA TOURNE MAL),False,SUBSTANTIVE_MISMATCH,QCyJ-pyv9r0,7:48,,8,,,CONFIRMED_OFFICIAL_THUMBNAIL,https://artworks.thetvdb.com/banners/episodes/338282/6423331.jpg,https://www.youtube.com/watch?v=QCyJ-pyv9r0
S2017E21,IN_SCOPE,,,False,,"MARIO CARTE BLEUE (Tu perds, tu paies) July 2, 2017 YouTube 13","MARIO CARTE BLEUE (Tu perds, tu paies)",False,SUBSTANTIVE_MISMATCH,hF_5k9Gn6us,12:46,,13,,,CONFIRMED_OFFICIAL_THUMBNAIL,https://artworks.thetvdb.com/banners/episodes/338282/6423333.jpg,https://www.youtube.com/watch?v=hF_5k9Gn6us
S2017E20,IN_SCOPE,,,False,,"CARLITO QUITTE LE DUO June 25, 2017 YouTube 6",CARLITO QUITTE LE DUO,False,SUBSTANTIVE_MISMATCH,WWM_-Rms3VQ,5:58,,6,,,CONFIRMED_OFFICIAL_THUMBNAIL,https://artworks.thetvdb.com/banners/episodes/338282/6423338.jpg,https://www.youtube.com/watch?v=WWM_-Rms3VQ
S2017E19,IN_SCOPE,,,False,,"ON RESTE ENFERMÉ DANS UN LIEU FOU June 18, 2017 YouTube 30",ON RESTE ENFERMÉ DANS UN LIEU FOU,False,SUBSTANTIVE_MISMATCH,W1sfO0ofXAk,8:32,,9,,,CONFIRMED_OFFICIAL_THUMBNAIL,https://artworks.thetvdb.com/banners/episodes/338282/6423357.jpg,https://www.youtube.com/watch?v=W1sfO0ofXAk
S2017E18,IN_SCOPE,,,False,,"LE MEILLEUR JEU EN VOITURE #5 Feat. Simon Astier June 11, 2017 YouTube 15",LE MEILLEUR JEU EN VOITURE #5 Feat. Simon Astier,False,SUBSTANTIVE_MISMATCH,TIOyk-UAwqU,15:33,,16,,,MISSING_IMAGE,,https://www.youtube.com/watch?v=TIOyk-UAwqU
S2017E17,IN_SCOPE,,,False,,"FINISSONS-EN AVEC LE HAND SPINNER June 4, 2017 YouTube 4",FINISSONS-EN AVEC LE HAND SPINNER,False,SUBSTANTIVE_MISMATCH,D1pG8Vr3Jao,3:55,,4,,,CONFIRMED_OFFICIAL_THUMBNAIL,https://artworks.thetvdb.com/banners/episodes/338282/6423362.jpg,https://www.youtube.com/watch?v=D1pG8Vr3Jao
S2017E16,IN_SCOPE,,,False,,"ON APPELLE DES GENS AU HASARD DANS NOS TÉLÉPHONES #3 feat. Seb La Frite May 28, 2017 YouTube 19",ON APPELLE DES GENS AU HASARD DANS NOS TÉLÉPHONES #3 feat. Seb La Frite,False,SUBSTANTIVE_MISMATCH,FFowkrJVen8,18:39,,19,,,CONFIRMED_OFFICIAL_THUMBNAIL,https://artworks.thetvdb.com/banners/episodes/338282/6423400.jpg,https://www.youtube.com/watch?v=FFowkrJVen8
S2017E15,IN_SCOPE,,,False,,"MISE AU POINT SUR NOTRE SEXUALITÉ May 21, 2017 YouTube 7",MISE AU POINT SUR NOTRE SEXUALITÉ,False,SUBSTANTIVE_MISMATCH,4YE5Sqrp83M,6:39,,7,,,MISSING_IMAGE,,https://www.youtube.com/watch?v=4YE5Sqrp83M
S2017E14,IN_SCOPE,,,False,,"STRIP FIGHTER Feat : Squeezie May 14, 2017 YouTube 17",STRIP FIGHTER Feat : Squeezie,False,SUBSTANTIVE_MISMATCH,sD_JaMW_qko,16:49,,17,,,CONFIRMED_OFFICIAL_THUMBNAIL,https://artworks.thetvdb.com/banners/episodes/338282/6423411.jpg,https://www.youtube.com/watch?v=sD_JaMW_qko
S2017E13,IN_SCOPE,,,False,,"LE MEILLEUR JEU EN VOITURE #4 Feat : Alison Wheeler May 7, 2017 YouTube 17",LE MEILLEUR JEU EN VOITURE #4 Feat : Alison Wheeler,False,SUBSTANTIVE_MISMATCH,KYAmXsRpBHU,9:15,,9,,,MISSING_IMAGE,,https://www.youtube.com/watch?v=KYAmXsRpBHU
S2017E12,IN_SCOPE,,,False,,"ON EST TOUS DU SPERME (À la base) April 30, 2017 YouTube 2",ON EST TOUS DU SPERME (À la base),False,SUBSTANTIVE_MISMATCH,55mbuB_VC54,1:53,,2,,,CONFIRMED_OFFICIAL_THUMBNAIL,https://artworks.thetvdb.com/banners/episodes/338282/6423369.jpg,https://www.youtube.com/watch?v=55mbuB_VC54
S2017E11,IN_SCOPE,,,False,,"NOTRE PREMIER PLACEMENT DE PRODUIT April 23, 2017 YouTube 6",NOTRE PREMIER PLACEMENT DE PRODUIT,False,SUBSTANTIVE_MISMATCH,7IuP_URqdHU,6:04,,6,,,CONFIRMED_OFFICIAL_THUMBNAIL,https://artworks.thetvdb.com/banners/episodes/338282/6423391.jpg,https://www.youtube.com/watch?v=7IuP_URqdHU
S2017E10,IN_SCOPE,,,False,,"ON APPELLE DES GENS AU HASARD DANS NOS TÉLÉPHONES #2 feat. Natoo April 16, 2017 YouTube 14",ON APPELLE DES GENS AU HASARD DANS NOS TÉLÉPHONES #2 feat. Natoo,False,SUBSTANTIVE_MISMATCH,eJ2EvksfO7w,14:19,,14,,,CONFIRMED_OFFICIAL_THUMBNAIL,https://artworks.thetvdb.com/banners/episodes/338282/6423418.jpg,https://www.youtube.com/watch?v=eJ2EvksfO7w
S2017E09,IN_SCOPE,,,False,,"TWEET FIGHTER April 9, 2017 YouTube 11",TWEET FIGHTER !,False,SUBSTANTIVE_MISMATCH,7cSXeBiCOwk,11:01,,11,,,CONFIRMED_OFFICIAL_THUMBNAIL,https://artworks.thetvdb.com/banners/episodes/338282/6423381.jpg,https://www.youtube.com/watch?v=7cSXeBiCOwk
S2017E08,IN_SCOPE,,,False,,"MESSMERDE : L'INCROYABLE MENTALISTE April 2, 2017 YouTube 4",MESSMERDE : L'INCROYABLE MENTALISTE,False,SUBSTANTIVE_MISMATCH,WV0106cb4sQ,3:38,,4,,,CONFIRMED_OFFICIAL_THUMBNAIL,https://artworks.thetvdb.com/banners/episodes/338282/6423323.jpg,https://www.youtube.com/watch?v=WV0106cb4sQ
S2017E07,IN_SCOPE,,,False,,"LE MEILLEUR JEU EN VOITURE #3 Feat : Jhon Rachid March 26, 2017 YouTube 14",LE MEILLEUR JEU EN VOITURE #3 Feat : Jhon Rachid,False,SUBSTANTIVE_MISMATCH,EhrYyhYgM1U,13:41,,14,,,MISSING_IMAGE,,https://www.youtube.com/watch?v=EhrYyhYgM1U
S2017E06,IN_SCOPE,,,False,,"ON APPELLE DES GENS AU HASARD DANS NOS TÉLÉPHONES feat. Pierre Croce March 19, 2017 YouTube 10",ON APPELLE DES GENS AU HASARD DANS NOS TÉLÉPHONES feat. Pierre Croce,False,SUBSTANTIVE_MISMATCH,u_-JEZwGYLw,9:58,,10,,,PRESENT_ORIGIN_UNPROVEN,https://artworks.thetvdb.com/banners/episodes/338282/6423376.jpg,https://www.youtube.com/watch?v=u_-JEZwGYLw
S2017E05,IN_SCOPE,,,False,,"LE MEILLEUR JEU EN VOITURE #2 Feat : FloBer March 12, 2017 YouTube 12",LE MEILLEUR JEU EN VOITURE #2 Feat : FloBer,False,SUBSTANTIVE_MISMATCH,B4dpOQtRDmQ,11:51,,12,,,MISSING_IMAGE,,https://www.youtube.com/watch?v=B4dpOQtRDmQ
S2017E04,IN_SCOPE,,,False,,"ON S'EST FAIT HACKER March 5, 2017 YouTube 4",ON S'EST FAIT HACKER,False,SUBSTANTIVE_MISMATCH,JpLo-7zTBCU,4:20,,4,,,PRESENT_ORIGIN_UNPROVEN,https://artworks.thetvdb.com/banners/episodes/338282/6423352.jpg,https://www.youtube.com/watch?v=JpLo-7zTBCU
S2017E03,IN_SCOPE,,,False,,"INCROYABLE ! UNE FILLE SE DÉSHABILLE EN PLEIN PARIS February 26, 2017 YouTube 1",INCROYABLE ! UNE FILLE SE DÉSHABILLE EN PLEIN PARIS !,False,SUBSTANTIVE_MISMATCH,103fZd9rRao,1:02,,1,,,PRESENT_ORIGIN_UNPROVEN,https://artworks.thetvdb.com/banners/episodes/338282/6423335.jpg,https://www.youtube.com/watch?v=103fZd9rRao
S2017E02,IN_SCOPE,,,False,,"LE MEILLEUR JEU EN VOITURE February 19, 2017 YouTube 8",LE MEILLEUR JEU EN VOITURE,False,SUBSTANTIVE_MISMATCH,IhyxBkzg-xI,8:29,,8,,,MISSING_IMAGE,,https://www.youtube.com/watch?v=IhyxBkzg-xI
S2017E01,IN_SCOPE,,,False,,"LES MEILLEURS CHALLENGES DE YOUTUBE February 12, 2017 YouTube 6",LES MEILLEURS CHALLENGES DE YOUTUBE !,False,SUBSTANTIVE_MISMATCH,kNeHM_bfpB0,5:46,,6,,,MISSING_IMAGE,,https://www.youtube.com/watch?v=kNeHM_bfpB0
S2016E03,IN_SCOPE,,,False,,MCFLY & CARLITO - L'HYMNE DE LA RACLETTE,MCFLY & CARLITO - L'HYMNE DE LA RACLETTE,True,OK,cmTbgyx-u4g,2:05,,2,,season finale,MISSING_IMAGE,,https://www.youtube.com/watch?v=cmTbgyx-u4g
S2016E02,IN_SCOPE,,,False,,"PARS ET REVIENS BITE December 14, 2016 YouTube 1",PARS ET REVIENS BITE,False,SUBSTANTIVE_MISMATCH,tqIHcq3ODQw,0:39,,1,,,MISSING_IMAGE,,https://www.youtube.com/watch?v=tqIHcq3ODQw
S2016E01,IN_SCOPE,,,False,,"MCFLY & CARLITO - J'EFFECTUE LE DAB November 7, 2016 YouTube 2",MCFLY & CARLITO - J'EFFECTUE LE DAB,False,SUBSTANTIVE_MISMATCH,8vPHW1ezC68,1:42,,2,,,MISSING_IMAGE,,https://www.youtube.com/watch?v=8vPHW1ezC68
S2015E04,IN_SCOPE,,,False,,LE FAT SHOW S3E4 Feat. SLIM BERHOUN,LE FAT SHOW S3E4 Feat. SLIM BERHOUN,True,OK,PEyc22fbdZU,49:33,,50,,season finale,MISSING_IMAGE,,https://www.youtube.com/watch?v=PEyc22fbdZU
S2015E03,IN_SCOPE,,,False,,"LE FAT SHOW S3E3 Feat. BUN HAY MEAN June 21, 2015 49",LE FAT SHOW S3E3 Feat. BUN HAY MEAN,False,SUBSTANTIVE_MISMATCH,lUorH0BfzJ0,48:53,,49,,,MISSING_IMAGE,,https://www.youtube.com/watch?v=lUorH0BfzJ0
S2015E02,IN_SCOPE,,,False,,"LE FAT SHOW S3E2 Feat. NATOO June 14, 2015 38",LE FAT SHOW S3E2 Feat. NATOO,False,SUBSTANTIVE_MISMATCH,AXOTA52BEqo,38:17,,38,,,MISSING_IMAGE,,https://www.youtube.com/watch?v=AXOTA52BEqo
S2015E01,IN_SCOPE,,,False,,"LE FAT SHOW S3E1 Feat. CYPRIEN June 7, 2015 45",LE FAT SHOW S3E1 Feat. CYPRIEN,False,SUBSTANTIVE_MISMATCH,jlRfGoMAASE,44:58,,45,,,MISSING_IMAGE,,https://www.youtube.com/watch?v=jlRfGoMAASE
S2014E24,IN_SCOPE,,,False,,MCFLY - DREAM THEATER - GUITAR COVER,MCFLY - DREAM THEATER - GUITAR COVER,True,OK,02YLM6to0ok,1:34,,2,,season finale,MISSING_IMAGE,,https://www.youtube.com/watch?v=02YLM6to0ok
S2014E23,IN_SCOPE,,,False,,"LE FATSHOW - LA CHORALE DU 92 July 17, 2014 2",LE FATSHOW - LA CHORALE DU 92,False,SUBSTANTIVE_MISMATCH,UCrlEL8RZsE,2:23,,2,,,MISSING_IMAGE,,https://www.youtube.com/watch?v=UCrlEL8RZsE
S2014E22,IN_SCOPE,,,False,,"LE FATSHOW - BATS LES COUILLES SARL July 3, 2014 3",LE FATSHOW - BATS LES COUILLES SARL,False,SUBSTANTIVE_MISMATCH,bKNxapX56FU,2:30,,3,,,MISSING_IMAGE,,https://www.youtube.com/watch?v=bKNxapX56FU
S2014E21,IN_SCOPE,,,False,,"LE FATSHOW - LA CHANSON DES EVIDENCES June 19, 2014 2",LE FATSHOW - LA CHANSON DES EVIDENCES,False,SUBSTANTIVE_MISMATCH,-ZbJevv1So4,2:14,,2,,,MISSING_IMAGE,,https://www.youtube.com/watch?v=-ZbJevv1So4
S2014E20,IN_SCOPE,,,False,,"MCFLY&CARLITO - LES PARISIENS ONT-ILS UN COEUR ? June 5, 2014 4",MCFLY&CARLITO - LES PARISIENS ONT-ILS UN COEUR ?,False,SUBSTANTIVE_MISMATCH,r_1-ORlrBCk,3:36,,4,,,MISSING_IMAGE,,https://www.youtube.com/watch?v=r_1-ORlrBCk
S2014E19,IN_SCOPE,,,False,,"LE DERNIER FATSHOW DE LA S02 Feat. DISIZ May 30, 2014 37",LE DERNIER FATSHOW DE LA S02 Feat. DISIZ,False,SUBSTANTIVE_MISMATCH,wWbITAzBWnM,36:44,,37,,,MISSING_IMAGE,,https://www.youtube.com/watch?v=wWbITAzBWnM
S2014E18,IN_SCOPE,,,False,,"LE FAT SHOW S02E19 Feat. OVIDIE May 23, 2014 30",LE FAT SHOW S02E19 Feat. OVIDIE,False,SUBSTANTIVE_MISMATCH,hSKrjRpiIKg,30:20,,30,,,MISSING_IMAGE,,https://www.youtube.com/watch?v=hSKrjRpiIKg
S2014E17,IN_SCOPE,,,False,,"LE FAT SHOW S02E18 Feat. SURICATE May 16, 2014 35",LE FAT SHOW S02E18 Feat. SURICATE,False,SUBSTANTIVE_MISMATCH,4mGmT99LKHU,34:52,,35,,,MISSING_IMAGE,,https://www.youtube.com/watch?v=4mGmT99LKHU
S2014E16,IN_SCOPE,,,False,,"Le Fatshow S02E17 Feat. Roselyne Bachelot May 9, 2014 29",Le Fatshow S02E17 Feat. Roselyne Bachelot,False,SUBSTANTIVE_MISMATCH,GFKBKz2oCbc,29:34,,30,,,MISSING_IMAGE,,https://www.youtube.com/watch?v=GFKBKz2oCbc
S2014E15,IN_SCOPE,,,False,,"LE FATSHOW S02E16 Feat. Alice David April 18, 2014 23",LE FATSHOW S02E16 Feat. Alice David,False,SUBSTANTIVE_MISMATCH,JM5ydoAgDCU,23:28,,23,,,MISSING_IMAGE,,https://www.youtube.com/watch?v=JM5ydoAgDCU
S2014E14,IN_SCOPE,,,False,,"LE FATSHOW S02E15 Feat. Thomas VDB April 11, 2014 26",LE FATSHOW S02E15 Feat. Thomas VDB,False,SUBSTANTIVE_MISMATCH,PqVVIPMPW0g,26:03,,26,,,MISSING_IMAGE,,https://www.youtube.com/watch?v=PqVVIPMPW0g
S2014E13,IN_SCOPE,,,False,,"LE FATSHOW S02E14 Feat. Delphine Baril April 4, 2014 30",LE FATSHOW S02E14 Feat. Delphine Baril,False,SUBSTANTIVE_MISMATCH,TntmfZRMzKc,29:17,,29,,,MISSING_IMAGE,,https://www.youtube.com/watch?v=TntmfZRMzKc
S2014E12,IN_SCOPE,,,False,,"LE FATSHOW S02E13 Feat. Mr.Poulpe March 28, 2014 28",LE FATSHOW S02E13 Feat. Mr.Poulpe,False,SUBSTANTIVE_MISMATCH,R602scJvTqw,27:56,,28,,,MISSING_IMAGE,,https://www.youtube.com/watch?v=R602scJvTqw
S2014E11,IN_SCOPE,,,False,,"LE FATSHOW S2#11 February 28, 2014 25",LE FATSHOW S2#11,False,SUBSTANTIVE_MISMATCH,TUmmu0MGlUc,24:47,,25,,,MISSING_IMAGE,,https://www.youtube.com/watch?v=TUmmu0MGlUc
S2014E10,IN_SCOPE,,,False,,"LE FATSHOW - BERN EXPRESS February 26, 2014 5",LE FATSHOW - BERN EXPRESS,False,SUBSTANTIVE_MISMATCH,RoJO12iJS5A,4:59,,5,,,MISSING_IMAGE,,https://www.youtube.com/watch?v=RoJO12iJS5A
S2014E09,IN_SCOPE,,,False,,"Sotchi 2014 - Un Skieur se Trompe de Ville February 20, 2014 3",Sotchi 2014 - Un Skieur se Trompe de Ville,False,SUBSTANTIVE_MISMATCH,qp8jtcJtidY,2:40,,3,,,MISSING_IMAGE,,https://www.youtube.com/watch?v=qp8jtcJtidY
S2014E08,IN_SCOPE,,,False,,"LE FATSHOW S2#10 FEAT. ARIANE MASSENET February 14, 2014 26",LE FATSHOW S2#10 FEAT. ARIANE MASSENET,False,SUBSTANTIVE_MISMATCH,hOaBNc0zZSI,26:05,,26,,,MISSING_IMAGE,,https://www.youtube.com/watch?v=hOaBNc0zZSI
S2014E07,IN_SCOPE,,,False,,"L'HOMME IDEAL EXISTE-T-IL ? February 7, 2014 3",L'HOMME IDEAL EXISTE-T-IL ?,False,SUBSTANTIVE_MISMATCH,fdn-qVXvC5s,3:18,,3,,,MISSING_IMAGE,,https://www.youtube.com/watch?v=fdn-qVXvC5s
S2014E06,IN_SCOPE,,,False,,"LE FATSHOW S2#9 FEAT. BRUNO GUILLON January 31, 2014 26",LE FATSHOW S2#9 FEAT. BRUNO GUILLON,False,SUBSTANTIVE_MISMATCH,jIqV7hN_44A,25:49,,26,,,MISSING_IMAGE,,https://www.youtube.com/watch?v=jIqV7hN_44A
S2014E05,IN_SCOPE,,,False,,"LE FATSHOW - LA VOIX OFF QUI GALERE (SKETCH INEDIT S2#9) January 28, 2014 3",LE FATSHOW - LA VOIX OFF QUI GALERE (SKETCH INEDIT S2#9),False,SUBSTANTIVE_MISMATCH,FbM989rV5N4,2:46,,3,,,MISSING_IMAGE,,https://www.youtube.com/watch?v=FbM989rV5N4
S2014E04,IN_SCOPE,,,False,,"LE FATSHOW S2#8 FEAT. ALAIN FIGLARZ & THE POPOPOPOPS January 24, 2014 26",LE FATSHOW S2#8 FEAT. ALAIN FIGLARZ & THE POPOPOPOPS,False,SUBSTANTIVE_MISMATCH,MLftNsAbiZE,25:58,,26,,,MISSING_IMAGE,,https://www.youtube.com/watch?v=MLftNsAbiZE
S2014E03,IN_SCOPE,,,False,,"LE FAT SHOW S2#7 FEAT. SANDRINE ALEXI & THA TRICKAZ January 18, 2014 25",LE FAT SHOW S2#7 FEAT. SANDRINE ALEXI & THA TRICKAZ,False,SUBSTANTIVE_MISMATCH,kZ0kglSfF44,25:52,,26,,,MISSING_IMAGE,,https://www.youtube.com/watch?v=kZ0kglSfF44
S2014E02,IN_SCOPE,,,False,,"LES RAPPEURS MEDIEVAUX - FESTOYONS ! January 14, 2014 3",LES RAPPEURS MEDIEVAUX - FESTOYONS !,False,SUBSTANTIVE_MISMATCH,fRUBtJ6jqaE,2:46,,3,,,MISSING_IMAGE,,https://www.youtube.com/watch?v=fRUBtJ6jqaE
S2014E01,IN_SCOPE,,,False,,"LE FAT SHOW S2#6 FEAT. FRANCOIS DESCRAQUES January 10, 2014 26",LE FAT SHOW S2#6 FEAT. FRANCOIS DESCRAQUES,False,SUBSTANTIVE_MISMATCH,2iH5RnBbeec,26:31,,27,,,MISSING_IMAGE,,https://www.youtube.com/watch?v=2iH5RnBbeec
S2013E54,IN_SCOPE,,,False,,LE FAT SHOW S2#5 Feat. Jean Michel Cohen,LE FAT SHOW S2#5 Feat. Jean Michel Cohen,True,OK,wqW-NPxXdyo,26:53,,27,,season finale,MISSING_IMAGE,,https://www.youtube.com/watch?v=wqW-NPxXdyo
S2013E53,IN_SCOPE,,,False,,"Le Fat Show S2 #4 - Feat. Jeremy Ferrari December 13, 2013 YouTube 26",Le Fat Show S2 #4 - Feat. Jeremy Ferrari,False,SUBSTANTIVE_MISMATCH,cFunSjNlDSQ,26:18,,26,,,MISSING_IMAGE,,https://www.youtube.com/watch?v=cFunSjNlDSQ
S2013E52,IN_SCOPE,,,False,,"LE FAT SHOW S2 #3 - FEAT. NICOLETTA December 6, 2013 YouTube 25",LE FAT SHOW S2 #3 - FEAT. NICOLETTA,False,SUBSTANTIVE_MISMATCH,UBLjt2_QWVE,25:36,,26,,,MISSING_IMAGE,,https://www.youtube.com/watch?v=UBLjt2_QWVE
S2013E51,IN_SCOPE,,,False,,"JEAN SEBASTRICK EFFECTUE DES VIDEOGRAMMES December 4, 2013 YouTube 3",JEAN SEBASTRICK EFFECTUE DES VIDEOGRAMMES,False,SUBSTANTIVE_MISMATCH,1U4tG-ea4-Q,3:21,,3,,,MISSING_IMAGE,,https://www.youtube.com/watch?v=1U4tG-ea4-Q
S2013E50,IN_SCOPE,,,False,,"LE FAT SHOW S2 #2 - FEAT. DAVY MOURIER November 29, 2013 YouTube 26",LE FAT SHOW S2 #2 - FEAT. DAVY MOURIER,False,SUBSTANTIVE_MISMATCH,B34u7keSpLg,26:09,,26,,,MISSING_IMAGE,,https://www.youtube.com/watch?v=B34u7keSpLg
S2013E49,IN_SCOPE,,,False,,"LE FAT SHOW - LES PLONGEURS DU BITUME November 28, 2013 YouTube 2",LE FAT SHOW - LES PLONGEURS DU BITUME,False,SUBSTANTIVE_MISMATCH,x9ahey_AEds,2:06,,2,,,MISSING_IMAGE,,https://www.youtube.com/watch?v=x9ahey_AEds
S2013E48,IN_SCOPE,,,False,,"Hippocampe Fou - Live @ Le Fat Show November 26, 2013 YouTube 3",Hippocampe Fou - Live @ Le Fat Show,False,SUBSTANTIVE_MISMATCH,1ymFumSqdH8,3:23,,3,,,MISSING_IMAGE,,https://www.youtube.com/watch?v=1ymFumSqdH8
S2013E47,IN_SCOPE,,,False,,"LE FAT SHOW S2 #1 - FEAT. LES FRERES BOGDANOFF November 22, 2013 YouTube 26",LE FAT SHOW S2 #1 - FEAT. LES FRERES BOGDANOFF,False,SUBSTANTIVE_MISMATCH,M1tuHuXVxaU,26:06,,26,,,MISSING_IMAGE,,https://www.youtube.com/watch?v=M1tuHuXVxaU
S2013E46,IN_SCOPE,,,False,,"LE FAT SHOW No24 (L'ENORME TV) GUEST : MICHEL DRUCKER July 12, 2013 YouTube 44",LE FAT SHOW No24 (L'ENORME TV) GUEST : MICHEL DRUCKER,False,SUBSTANTIVE_MISMATCH,wEQZ0XpigkA,43:52,,44,,,MISSING_IMAGE,,https://www.youtube.com/watch?v=wEQZ0XpigkA
S2013E45,IN_SCOPE,,,False,,"LE FAT SHOW No23 (L'ENORME TV) GUEST : BRUNO SOLO July 5, 2013 YouTube 35",LE FAT SHOW No23 (L'ENORME TV) GUEST : BRUNO SOLO,False,SUBSTANTIVE_MISMATCH,h4Wc2EEdn14,34:38,,35,,,MISSING_IMAGE,,https://www.youtube.com/watch?v=h4Wc2EEdn14
S2013E44,IN_SCOPE,,,False,,"DOPE D.O.D - ROCKET (INSANE LIVE@LE FAT SHOW) July 5, 2013 YouTube 3",DOPE D.O.D - ROCKET (INSANE LIVE@LE FAT SHOW),False,SUBSTANTIVE_MISMATCH,ZIRU6ls9sRc,3:16,,3,,,MISSING_IMAGE,,https://www.youtube.com/watch?v=ZIRU6ls9sRc
S2013E43,IN_SCOPE,,,False,,"LE FAT SHOW No 22 (L'ENORME TV) GUEST : CATHERINE LABORDE June 28, 2013 YouTube 35",LE FAT SHOW No 22 (L'ENORME TV) GUEST : CATHERINE LABORDE,False,SUBSTANTIVE_MISMATCH,gdJLMO0bLyg,35:05,,35,,,MISSING_IMAGE,,https://www.youtube.com/watch?v=gdJLMO0bLyg
S2013E42,IN_SCOPE,,,False,,"""LA PATISSERIE DES FRERES GOURMANDS"" FEAT DEDO - SKETCH INEDIT LE FAT SHOW No22 June 27, 2013 YouTube 2","""LA PATISSERIE DES FRERES GOURMANDS"" FEAT DEDO - SKETCH INEDIT LE FAT SHOW No22",False,SUBSTANTIVE_MISMATCH,Z3_lEaV1odE,1:38,,2,,,MISSING_IMAGE,,https://www.youtube.com/watch?v=Z3_lEaV1odE
S2013E41,IN_SCOPE,,,False,,"LE FAT SHOW No21 (L'ENORME TV) GUEST : SOPHIE MOUNICOT + H4R3M June 21, 2013 YouTube 33",LE FAT SHOW No21 (L'ENORME TV) GUEST : SOPHIE MOUNICOT + H4R3M,False,SUBSTANTIVE_MISMATCH,kW39M584_x0,33:26,,33,,,MISSING_IMAGE,,https://www.youtube.com/watch?v=kW39M584_x0
S2013E40,IN_SCOPE,,,False,,"LE FAT SHOW No20 (L'ENORME TV) GUEST : FEFE June 14, 2013 YouTube 32",LE FAT SHOW No20 (L'ENORME TV) GUEST : FEFE,False,SUBSTANTIVE_MISMATCH,VJ89sdGOgDE,32:09,,32,,,MISSING_IMAGE,,https://www.youtube.com/watch?v=VJ89sdGOgDE
S2013E39,IN_SCOPE,,,False,,"MCFLY ET CARLITO : LES METALLEUX MENDIANTS (SKETCH DU FAT SHOW No20) June 13, 2013 YouTube 3",MCFLY ET CARLITO :  LES METALLEUX MENDIANTS (SKETCH DU FAT SHOW No20),False,SUBSTANTIVE_MISMATCH,or9vqd_5Xj8,2:40,,3,,,MISSING_IMAGE,,https://www.youtube.com/watch?v=or9vqd_5Xj8
S2013E38,IN_SCOPE,,,False,,"MCFLY ET CARLITO : CHASSEURS DE RIRE (LE FAT SHOW No19) June 9, 2013 YouTube 2",MCFLY ET CARLITO : CHASSEURS DE RIRE (LE FAT SHOW No19),False,SUBSTANTIVE_MISMATCH,pw1lWBVqs7c,1:50,,2,,,MISSING_IMAGE,,https://www.youtube.com/watch?v=pw1lWBVqs7c
S2013E37,IN_SCOPE,,,False,,"LE FAT SHOW No19 (L'ENORME TV) GUEST : TOXIC AVENGER June 7, 2013 YouTube 30",LE FAT SHOW No19 (L'ENORME TV) GUEST : TOXIC AVENGER,False,SUBSTANTIVE_MISMATCH,M281wUJuYuA,30:12,,30,,,MISSING_IMAGE,,https://www.youtube.com/watch?v=M281wUJuYuA
S2013E36,IN_SCOPE,,,False,,"LE FAT SHOW No18 - GUEST : ARIANNE (ZUMBA DANCER) + ELISA JO May 31, 2013 YouTube 30",LE FAT SHOW No18 - GUEST : ARIANNE (ZUMBA DANCER) + ELISA JO,False,SUBSTANTIVE_MISMATCH,-sWZScx-r30,30:01,,30,,,MISSING_IMAGE,,https://www.youtube.com/watch?v=-sWZScx-r30
S2013E35,IN_SCOPE,,,False,,"LE FAT SHOW No17 (L'ENORME TV) GUEST : JONATHAN COHEN May 24, 2013 YouTube 28",LE FAT SHOW No17 (L'ENORME TV) GUEST : JONATHAN COHEN,False,SUBSTANTIVE_MISMATCH,S317qUuQtUM,27:33,,28,,,MISSING_IMAGE,,https://www.youtube.com/watch?v=S317qUuQtUM
S2013E34,IN_SCOPE,,,False,,"MCFLY ET CARLITO : LA PETANQUE EN PENTE (SKETCH FAT SHOW No16) May 17, 2013 YouTube 2",MCFLY ET CARLITO : LA PETANQUE EN PENTE (SKETCH FAT SHOW No16),False,SUBSTANTIVE_MISMATCH,1nmDq0MRMPo,2:01,,2,,,MISSING_IMAGE,,https://www.youtube.com/watch?v=1nmDq0MRMPo
S2013E33,IN_SCOPE,,,False,,"LE FAT SHOW No16 (L'ENORME TV) GUEST : DEDO May 17, 2013 YouTube 30",LE FAT SHOW No16 (L'ENORME TV) GUEST : DEDO,False,SUBSTANTIVE_MISMATCH,QNIpLwJxd9w,29:48,,30,,,MISSING_IMAGE,,https://www.youtube.com/watch?v=QNIpLwJxd9w
S2013E32,IN_SCOPE,,,False,,"LE FAT SHOW No15 (L'ENORME TV) GUEST : MATHIAS MALZIEU May 10, 2013 YouTube 32",LE FAT SHOW No15 (L'ENORME TV) GUEST : MATHIAS MALZIEU,False,SUBSTANTIVE_MISMATCH,EScRDKGs86g,32:05,,32,,,MISSING_IMAGE,,https://www.youtube.com/watch?v=EScRDKGs86g
S2013E31,IN_SCOPE,,,False,,"LES DEALERS DU 3EME AGE (OLDEST DEALERS IN THE WORLD) May 10, 2013 YouTube 4",LES DEALERS DU 3EME AGE (OLDEST DEALERS IN THE WORLD),False,SUBSTANTIVE_MISMATCH,7pKez5BcqoQ,4:09,,4,,,MISSING_IMAGE,,https://www.youtube.com/watch?v=7pKez5BcqoQ
S2013E30,IN_SCOPE,,,False,,"LE FAT SHOW No14 - GUESTS : RAPHAEL CHIQUET/PETER VON POEHL May 3, 2013 29",LE FAT SHOW No14 - GUESTS : RAPHAEL CHIQUET/PETER VON POEHL,False,SUBSTANTIVE_MISMATCH,B3XQyHeTl70,29:21,,29,,,MISSING_IMAGE,,https://www.youtube.com/watch?v=B3XQyHeTl70
S2013E29,IN_SCOPE,,,False,,"PETER VON POEHL ""28 PARADISE"" - @LE FAT SHOW (LIVE 1080 HD) May 3, 2013 3","PETER VON POEHL ""28 PARADISE"" - @LE FAT SHOW (LIVE 1080 HD)",False,SUBSTANTIVE_MISMATCH,MIe7ijju2N8,3:12,,3,,,MISSING_IMAGE,,https://www.youtube.com/watch?v=MIe7ijju2N8
S2013E28,IN_SCOPE,,,False,,"LE FAT SHOW No13 - GUEST : KAYANE April 26, 2013 30",LE FAT SHOW No13 - GUEST : KAYANE,False,SUBSTANTIVE_MISMATCH,KrczeCBPObI,29:35,,30,,,MISSING_IMAGE,,https://www.youtube.com/watch?v=KrczeCBPObI
S2013E27,IN_SCOPE,,,False,,"MCFLY & SCHNYDEPS - LES GYMNASTES URBAINS (REAL/CADRE PAR CARLITO) April 26, 2013 3",MCFLY & SCHNYDEPS - LES GYMNASTES URBAINS (REAL/CADRE PAR CARLITO),False,SUBSTANTIVE_MISMATCH,K_XlCUH3HTc,2:53,,3,,,MISSING_IMAGE,,https://www.youtube.com/watch?v=K_XlCUH3HTc
S2013E26,IN_SCOPE,,,False,,"LE FAT SHOW No12 (L'ENORME TV) GUEST : ELISE LARNICOL April 19, 2013 32",LE FAT SHOW No12 (L'ENORME TV) GUEST : ELISE LARNICOL,False,SUBSTANTIVE_MISMATCH,GzXnuPd6oX8,31:43,,32,,,MISSING_IMAGE,,https://www.youtube.com/watch?v=GzXnuPd6oX8
S2013E25,IN_SCOPE,,,False,,"LE FAT SHOW No11 (L'ENORME TV) GUEST : LAURENT BAFFIE April 5, 2013 25",LE FAT SHOW No11 (L'ENORME TV) GUEST : LAURENT BAFFIE,False,SUBSTANTIVE_MISMATCH,Bo4JdwTpUUY,25:37,,26,,,MISSING_IMAGE,,https://www.youtube.com/watch?v=Bo4JdwTpUUY
S2013E24,IN_SCOPE,,,False,,"LE FAT SHOW No10 MCFLY & CARLITO - GUEST : VICELOW (SAIAN SUPA CREW) March 29, 2013 30",LE FAT SHOW No10 MCFLY & CARLITO - GUEST : VICELOW (SAIAN SUPA CREW),False,SUBSTANTIVE_MISMATCH,xOAeJe_GnjA,29:49,,30,,,MISSING_IMAGE,,https://www.youtube.com/watch?v=xOAeJe_GnjA
S2013E23,IN_SCOPE,,,False,,"VICELOW ""BEAT SALE"" - LIVE LE FAT SHOW No10 March 29, 2013 3","VICELOW ""BEAT SALE"" - LIVE LE FAT SHOW No10",False,SUBSTANTIVE_MISMATCH,wQlpMkh7pYw,3:32,,4,,,MISSING_IMAGE,,https://www.youtube.com/watch?v=wQlpMkh7pYw
S2013E22,IN_SCOPE,,,False,,"LE FAT SHOW No9 (L'ENORME TV) GUEST : YACINE BELHOUSSE March 22, 2013 30",LE FAT SHOW No9 (L'ENORME TV) GUEST : YACINE BELHOUSSE,False,SUBSTANTIVE_MISMATCH,NqLuiEpVaOY,29:39,,30,,,MISSING_IMAGE,,https://www.youtube.com/watch?v=NqLuiEpVaOY
S2013E21,IN_SCOPE,,,False,,"AMORIA & JOKAFACE - ""BOSSY CLASSY SISTA"" LIVE @LE FAT SHOW March 18, 2013 3","AMORIA & JOKAFACE - ""BOSSY CLASSY SISTA"" LIVE @LE FAT SHOW",False,SUBSTANTIVE_MISMATCH,ysDPjbEoniE,3:28,,3,,,MISSING_IMAGE,,https://www.youtube.com/watch?v=ysDPjbEoniE
S2013E20,IN_SCOPE,,,False,,"LE FAT SHOW No8 (L'ENORME TV) GUEST : GERARD DARMON March 15, 2013 30",LE FAT SHOW No8 (L'ENORME TV) GUEST : GERARD DARMON,False,SUBSTANTIVE_MISMATCH,xLi6u-yHWIU,30:01,,30,,,MISSING_IMAGE,,https://www.youtube.com/watch?v=xLi6u-yHWIU
S2013E19,IN_SCOPE,,,False,,"GERARD DARMON LIT UN SKETCH DE MCFLY ET CARLITO March 12, 2013 2",GERARD DARMON LIT UN SKETCH DE MCFLY ET CARLITO,False,SUBSTANTIVE_MISMATCH,EjuWtBO9i50,2:25,,2,,,MISSING_IMAGE,,https://www.youtube.com/watch?v=EjuWtBO9i50
S2013E18,IN_SCOPE,,,False,,"LE FAT SHOW No7 (L'ENORME TV) GUEST : AQME March 8, 2013 28",LE FAT SHOW No7 (L'ENORME TV) GUEST : AQME,False,SUBSTANTIVE_MISMATCH,mPzv-d4Qd4Q,27:56,,28,,,MISSING_IMAGE,,https://www.youtube.com/watch?v=mPzv-d4Qd4Q
S2013E17,IN_SCOPE,,,False,,"MCFLY ET CARLITO - RAPPEUR SANS HISTOIRE VIDEOCLIP (ENORME TV) March 6, 2013 3",MCFLY ET CARLITO - RAPPEUR SANS HISTOIRE VIDEOCLIP (ENORME TV),False,SUBSTANTIVE_MISMATCH,EF63MoXrc1M,3:00,,3,,,MISSING_IMAGE,,https://www.youtube.com/watch?v=EF63MoXrc1M
S2013E16,IN_SCOPE,,,False,,"ARKASIA - ""REVOLUTION"" LIVE @LE FAT SHOW (ENORME TV) March 3, 2013 3","ARKASIA - ""REVOLUTION"" LIVE @LE FAT SHOW (ENORME TV)",False,SUBSTANTIVE_MISMATCH,_QmgKcLTP_A,3:29,,3,,,MISSING_IMAGE,,https://www.youtube.com/watch?v=_QmgKcLTP_A
S2013E15,IN_SCOPE,,,False,,"LE FAT SHOW No6 (L'ENORME TV) GUEST : NEPHAEL March 1, 2013 26",LE FAT SHOW No6 (L'ENORME TV) GUEST : NEPHAEL,False,SUBSTANTIVE_MISMATCH,bRunTwBhoqY,25:52,,26,,,MISSING_IMAGE,,https://www.youtube.com/watch?v=bRunTwBhoqY
S2013E14,IN_SCOPE,,,False,,"LE MICROTROTTOIR DE MARINA - LE PORNO February 27, 2013 3",LE MICROTROTTOIR DE MARINA - LE PORNO,False,SUBSTANTIVE_MISMATCH,PGnP5pmkVso,3:33,,4,,,MISSING_IMAGE,,https://www.youtube.com/watch?v=PGnP5pmkVso
S2013E13,IN_SCOPE,,,False,,"LE FAT SHOW No5 (L'ENORME TV) GUEST : A2H February 22, 2013 26",LE FAT SHOW No5 (L'ENORME TV) GUEST : A2H,False,SUBSTANTIVE_MISMATCH,CYkZpTUELdI,25:55,,26,,,MISSING_IMAGE,,https://www.youtube.com/watch?v=CYkZpTUELdI
S2013E12,IN_SCOPE,,,False,,"MCFLY ET CARLITO - CHUTES EN PUBLIC (SKETCH LE FAT SHOW No2) February 19, 2013 3",MCFLY ET CARLITO - CHUTES EN PUBLIC (SKETCH LE FAT SHOW No2),False,SUBSTANTIVE_MISMATCH,U8v0Qk1DXgQ,2:55,,3,,,MISSING_IMAGE,,https://www.youtube.com/watch?v=U8v0Qk1DXgQ
S2013E11,IN_SCOPE,,,False,,"LE FAT SHOW No4 (L'ENORME TV) AVEC MCFLY, CARLITO ET GAEL MECTOOB February 15, 2013 30","LE FAT SHOW No4 (L'ENORME TV)  AVEC MCFLY, CARLITO ET GAEL MECTOOB",False,SUBSTANTIVE_MISMATCH,GXekJanA4TE,29:57,,30,,,MISSING_IMAGE,,https://www.youtube.com/watch?v=GXekJanA4TE
S2013E10,IN_SCOPE,,,False,,"LE FAT SHOW - LE CHANTEUR DE METAL APHONE (MCFLY ET CARLITO) February 9, 2013 3",LE FAT SHOW - LE CHANTEUR DE METAL APHONE (MCFLY ET CARLITO),False,SUBSTANTIVE_MISMATCH,alhF53Ipb0A,2:51,,3,,,MISSING_IMAGE,,https://www.youtube.com/watch?v=alhF53Ipb0A
S2013E09,IN_SCOPE,,,False,,"LE FAT SHOW No3 (L'ENORME TV) GUEST : ANNA POLINA (DORCEL) February 8, 2013 29",LE FAT SHOW No3 (L'ENORME TV) GUEST : ANNA POLINA (DORCEL),False,SUBSTANTIVE_MISMATCH,z0Y9V7RflnY,29:01,,29,,,MISSING_IMAGE,,https://www.youtube.com/watch?v=z0Y9V7RflnY
S2013E08,IN_SCOPE,,,False,,"FRANK ""DANS LA TETE"" LIVE @LE FAT SHOW February 4, 2013 4","FRANK ""DANS LA TETE"" LIVE @LE FAT SHOW",False,SUBSTANTIVE_MISMATCH,_q6twnj0kGg,4:00,,4,,,MISSING_IMAGE,,https://www.youtube.com/watch?v=_q6twnj0kGg
S2013E07,IN_SCOPE,,,False,,"LA BLAGUE DE SCHNYDEPS - PAINTBALL (LE FAT SHOW No2) February 3, 2013 1",LA BLAGUE DE SCHNYDEPS - PAINTBALL (LE FAT SHOW No2),False,SUBSTANTIVE_MISMATCH,-1hEz7UYeAE,0:59,,1,,,MISSING_IMAGE,,https://www.youtube.com/watch?v=-1hEz7UYeAE
S2013E06,IN_SCOPE,,,False,,"LE FAT SHOW No2 (L'ENORME TV) GUEST : ANTOINE DE MAXIMY February 1, 2013 28",LE FAT SHOW No2 (L'ENORME TV) GUEST : ANTOINE DE MAXIMY,False,SUBSTANTIVE_MISMATCH,41oQDeHlhZU,28:51,,29,,,MISSING_IMAGE,,https://www.youtube.com/watch?v=41oQDeHlhZU
S2013E05,IN_SCOPE,,,False,,"AWESOME KATY PERRY COVER - BY MCFLY ET CARLITO January 28, 2013 2",AWESOME KATY PERRY COVER - BY MCFLY ET CARLITO,False,SUBSTANTIVE_MISMATCH,AAKPNhOUiwA,2:10,,2,,,MISSING_IMAGE,,https://www.youtube.com/watch?v=AAKPNhOUiwA
S2013E04,IN_SCOPE,,,False,,"LE FAT SHOW - CRAZY JUMP FROM CARLITO (L'ENORME TV) January 28, 2013 1",LE FAT SHOW - CRAZY JUMP FROM CARLITO (L'ENORME TV),False,SUBSTANTIVE_MISMATCH,CTpDbvAcUu4,0:38,,1,,,MISSING_IMAGE,,https://www.youtube.com/watch?v=CTpDbvAcUu4
S2013E03,IN_SCOPE,,,False,,"LE FAT SHOW No1 (L'ENORME TV) GUEST : MUSTAPHA EL ATRASSI January 25, 2013 27",LE FAT SHOW No1 (L'ENORME TV) GUEST : MUSTAPHA EL ATRASSI,False,SUBSTANTIVE_MISMATCH,PddCQc_S85Q,27:06,,27,,,MISSING_IMAGE,,https://www.youtube.com/watch?v=PddCQc_S85Q
S2013E02,IN_SCOPE,,,False,,"BANDE ANNONCE SCHNYDEPS - LE FAT SHOW - L'ENORME TV January 15, 2013 1",BANDE ANNONCE SCHNYDEPS - LE FAT SHOW - L'ENORME TV,False,SUBSTANTIVE_MISMATCH,q6ttYCwcUCg,0:25,,0,,,MISSING_IMAGE,,https://www.youtube.com/watch?v=q6ttYCwcUCg
S2013E01,IN_SCOPE,,,False,,"MCFLY ET CARLITO - LE FAT SHOW (BANDE ANNONCE L'ENORME TV) January 2, 2013 1",MCFLY ET CARLITO - LE FAT SHOW (BANDE ANNONCE L'ENORME TV),False,SUBSTANTIVE_MISMATCH,nQ0v9Hc97wY,1:30,,2,,,MISSING_IMAGE,,https://www.youtube.com/watch?v=nQ0v9Hc97wY
S2012E01,IN_SCOPE,,,False,,MCFLY ET CARLITO - MARINA ET LA FIN DU MONDE (A PARTIR DU 24 JANVIER SUR L'ENORME TV),MCFLY ET CARLITO - MARINA ET LA FIN DU MONDE (A PARTIR DU 24 JANVIER SUR L'ENORME TV),True,OK,56Oj9Ji9TRM,2:47,,3,,season finale,MISSING_IMAGE,,https://www.youtube.com/watch?v=56Oj9Ji9TRM
